ticket_id,perfil_real,perfil_conducta
TK-000001,Solicitudes rutinarias,Solicitudes rutinarias
TK-000002,Errores recurrentes de software/ERP,Errores recurrentes de software/ERP
TK-000003,Errores recurrentes de software/ERP,Errores recurrentes de software/ERP
TK-000004,Solicitudes rutinarias,Solicitudes rutinarias
TK-000005,Solicitudes rutinarias,Solicitudes rutinarias
TK-000006,Solicitudes rutinarias,Fallas de hardware
TK-000007,Solicitudes rutinarias,Solicitudes rutinarias
TK-000008,Solicitudes rutinarias,Solicitudes rutinarias
TK-000009,Errores recurrentes de software/ERP,Solicitudes rutinarias
TK-000010,Fallas de hardware,Fallas de hardware
TK-000011,Errores recurrentes de software/ERP,Casos crónicos
TK-000012,Solicitudes rutinarias,Solicitudes rutinarias
TK-000013,Incidentes críticos de red,Incidentes críticos de red
TK-000014,Solicitudes rutinarias,Solicitudes rutinarias
TK-000015,Errores recurrentes de software/ERP,Errores recurrentes de software/ERP
TK-000016,Errores recurrentes de software/ERP,Solicitudes rutinarias
TK-000017,Solicitudes rutinarias,Errores recurrentes de software/ERP
TK-000018,Solicitudes rutinarias,Solicitudes rutinarias
TK-000019,Errores recurrentes de software/ERP,Errores recurrentes de software/ERP
TK-000020,Solicitudes rutinarias,Solicitudes rutinarias
TK-000021,Solicitudes rutinarias,Solicitudes rutinarias
TK-000022,Fallas de hardware,Fallas de hardware
TK-000023,Errores recurrentes de software/ERP,Errores recurrentes de software/ERP
TK-000024,Errores recurrentes de software/ERP,Errores recurrentes de software/ERP
TK-000025,Incidentes críticos de red,Incidentes de seguridad
TK-000026,Fallas de hardware,Fallas de hardware
TK-000027,Fallas de hardware,Fallas de hardware
TK-000028,Solicitudes rutinarias,Fallas de hardware
TK-000029,Fallas de hardware,Fallas de hardware
TK-000030,Solicitudes rutinarias,Solicitudes rutinarias
TK-000031,Errores recurrentes de software/ERP,Errores recurrentes de software/ERP
TK-000032,Fallas de hardware,Fallas de hardware
TK-000033,Solicitudes rutinarias,Solicitudes rutinarias
TK-000034,Fallas de hardware,Fallas de hardware
TK-000035,Errores recurrentes de software/ERP,Errores recurrentes de software/ERP
TK-000036,Errores recurrentes de software/ERP,Errores recurrentes de software/ERP
TK-000037,Solicitudes rutinarias,Solicitudes rutinarias
TK-000038,Solicitudes rutinarias,Solicitudes rutinarias
TK-000039,Solicitudes rutinarias,Solicitudes rutinarias
TK-000040,Errores recurrentes de software/ERP,Errores recurrentes de software/ERP
TK-000041,Solicitudes rutinarias,Solicitudes rutinarias
TK-000042,Fallas de hardware,Fallas de hardware
TK-000043,Solicitudes rutinarias,Solicitudes rutinarias
TK-000044,Errores recurrentes de software/ERP,Casos crónicos
TK-000045,Solicitudes rutinarias,Solicitudes rutinarias
TK-000046,Solicitudes rutinarias,Fallas de hardware
TK-000047,Solicitudes rutinarias,Solicitudes rutinarias
TK-000048,Fallas de hardware,Fallas de hardware
TK-000049,Errores recurrentes de software/ERP,Errores recurrentes de software/ERP
TK-000050,Errores recurrentes de software/ERP,Errores recurrentes de software/ERP
TK-000051,Errores recurrentes de software/ERP,Errores recurrentes de software/ERP
TK-000052,Errores recurrentes de software/ERP,Errores recurrentes de software/ERP
TK-000053,Solicitudes rutinarias,Solicitudes rutinarias
TK-000054,Solicitudes rutinarias,Solicitudes rutinarias
TK-000055,Incidentes críticos de red,Incidentes críticos de red
TK-000056,Incidentes de seguridad,Incidentes de seguridad
TK-000057,Incidentes críticos de red,Incidentes críticos de red
TK-000058,Incidentes críticos de red,Incidentes críticos de red
TK-000059,Errores recurrentes de software/ERP,Errores recurrentes de software/ERP
TK-000060,Solicitudes rutinarias,Fallas de hardware
TK-000061,Solicitudes rutinarias,Solicitudes rutinarias
TK-000062,Solicitudes rutinarias,Solicitudes rutinarias
TK-000063,Fallas de hardware,Errores recurrentes de software/ERP
TK-000064,Solicitudes rutinarias,Fallas de hardware
TK-000065,Errores recurrentes de software/ERP,Errores recurrentes de software/ERP
TK-000066,Solicitudes rutinarias,Solicitudes rutinarias
TK-000067,Solicitudes rutinarias,Solicitudes rutinarias
TK-000068,Solicitudes rutinarias,Solicitudes rutinarias
TK-000069,Solicitudes rutinarias,Solicitudes rutinarias
TK-000070,Solicitudes rutinarias,Solicitudes rutinarias
TK-000071,Solicitudes rutinarias,Solicitudes rutinarias
TK-000072,Solicitudes rutinarias,Solicitudes rutinarias
TK-000073,Errores recurrentes de software/ERP,Errores recurrentes de software/ERP
TK-000074,Errores recurrentes de software/ERP,Errores recurrentes de software/ERP
TK-000075,Solicitudes rutinarias,Solicitudes rutinarias
TK-000076,Fallas de hardware,Fallas de hardware
TK-000077,Solicitudes rutinarias,Solicitudes rutinarias
TK-000078,Errores recurrentes de software/ERP,Errores recurrentes de software/ERP
TK-000079,Solicitudes rutinarias,Solicitudes rutinarias
TK-000080,Fallas de hardware,Fallas de hardware
TK-000081,Solicitudes rutinarias,Solicitudes rutinarias
TK-000082,Fallas de hardware,Fallas de hardware
TK-000083,Fallas de hardware,Solicitudes rutinarias
TK-000084,Incidentes de seguridad,Incidentes de seguridad
TK-000085,Solicitudes rutinarias,Solicitudes rutinarias
TK-000086,Errores recurrentes de software/ERP,Errores recurrentes de software/ERP
TK-000087,Solicitudes rutinarias,Solicitudes rutinarias
TK-000088,Solicitudes rutinarias,Solicitudes rutinarias
TK-000089,Fallas de hardware,Solicitudes rutinarias
TK-000090,Solicitudes rutinarias,Solicitudes rutinarias
TK-000091,Solicitudes rutinarias,Fallas de hardware
TK-000092,Solicitudes rutinarias,Solicitudes rutinarias
TK-000093,Solicitudes rutinarias,Solicitudes rutinarias
TK-000094,Incidentes críticos de red,Incidentes críticos de red
TK-000095,Solicitudes rutinarias,Solicitudes rutinarias
TK-000096,Fallas de hardware,Fallas de hardware
TK-000097,Solicitudes rutinarias,Solicitudes rutinarias
TK-000098,Solicitudes rutinarias,Solicitudes rutinarias
TK-000099,Solicitudes rutinarias,Solicitudes rutinarias
TK-000100,Solicitudes rutinarias,Errores recurrentes de software/ERP
TK-000101,Solicitudes rutinarias,Solicitudes rutinarias
TK-000102,Solicitudes rutinarias,Solicitudes rutinarias
TK-000103,Fallas de hardware,Fallas de hardware
TK-000104,Solicitudes rutinarias,Solicitudes rutinarias
TK-000105,Solicitudes rutinarias,Errores recurrentes de software/ERP
TK-000106,Solicitudes rutinarias,Solicitudes rutinarias
TK-000107,Fallas de hardware,Fallas de hardware
TK-000108,Fallas de hardware,Fallas de hardware
TK-000109,Solicitudes rutinarias,Solicitudes rutinarias
TK-000110,Solicitudes rutinarias,Solicitudes rutinarias
TK-000111,Incidentes críticos de red,Incidentes críticos de red
TK-000112,Solicitudes rutinarias,Solicitudes rutinarias
TK-000113,Solicitudes rutinarias,Solicitudes rutinarias
TK-000114,Errores recurrentes de software/ERP,Errores recurrentes de software/ERP
TK-000115,Incidentes críticos de red,Incidentes críticos de red
TK-000116,Incidentes de seguridad,Incidentes de seguridad
TK-000117,Solicitudes rutinarias,Solicitudes rutinarias
TK-000118,Incidentes de seguridad,Incidentes de seguridad
TK-000119,Errores recurrentes de software/ERP,Errores recurrentes de software/ERP
TK-000120,Solicitudes rutinarias,Solicitudes rutinarias
TK-000121,Incidentes críticos de red,Errores recurrentes de software/ERP
TK-000122,Fallas de hardware,Fallas de hardware
TK-000123,Incidentes de seguridad,Incidentes de seguridad
TK-000124,Solicitudes rutinarias,Solicitudes rutinarias
TK-000125,Solicitudes rutinarias,Solicitudes rutinarias
TK-000126,Solicitudes rutinarias,Solicitudes rutinarias
TK-000127,Solicitudes rutinarias,Solicitudes rutinarias
TK-000128,Solicitudes rutinarias,Fallas de hardware
TK-000129,Solicitudes rutinarias,Solicitudes rutinarias
TK-000130,Solicitudes rutinarias,Solicitudes rutinarias
TK-000131,Errores recurrentes de software/ERP,Errores recurrentes de software/ERP
TK-000132,Incidentes de seguridad,Incidentes de seguridad
TK-000133,Solicitudes rutinarias,Solicitudes rutinarias
TK-000134,Casos crónicos,Casos crónicos
TK-000135,Solicitudes rutinarias,Solicitudes rutinarias
TK-000136,Solicitudes rutinarias,Solicitudes rutinarias
TK-000137,Fallas de hardware,Fallas de hardware
TK-000138,Solicitudes rutinarias,Solicitudes rutinarias
TK-000139,Solicitudes rutinarias,Solicitudes rutinarias
TK-000140,Solicitudes rutinarias,Solicitudes rutinarias
TK-000141,Solicitudes rutinarias,Solicitudes rutinarias
TK-000142,Solicitudes rutinarias,Solicitudes rutinarias
TK-000143,Solicitudes rutinarias,Solicitudes rutinarias
TK-000144,Solicitudes rutinarias,Solicitudes rutinarias
TK-000145,Incidentes de seguridad,Solicitudes rutinarias
TK-000146,Solicitudes rutinarias,Solicitudes rutinarias
TK-000147,Errores recurrentes de software/ERP,Errores recurrentes de software/ERP
TK-000148,Errores recurrentes de software/ERP,Errores recurrentes de software/ERP
TK-000149,Fallas de hardware,Fallas de hardware
TK-000150,Solicitudes rutinarias,Solicitudes rutinarias
TK-000151,Errores recurrentes de software/ERP,Errores recurrentes de software/ERP
TK-000152,Incidentes de seguridad,Incidentes de seguridad
TK-000153,Solicitudes rutinarias,Solicitudes rutinarias
TK-000154,Incidentes críticos de red,Incidentes críticos de red
TK-000155,Solicitudes rutinarias,Solicitudes rutinarias
TK-000156,Incidentes de seguridad,Incidentes de seguridad
TK-000157,Incidentes críticos de red,Incidentes críticos de red
TK-000158,Errores recurrentes de software/ERP,Errores recurrentes de software/ERP
TK-000159,Errores recurrentes de software/ERP,Solicitudes rutinarias
TK-000160,Solicitudes rutinarias,Solicitudes rutinarias
TK-000161,Solicitudes rutinarias,Solicitudes rutinarias
TK-000162,Errores recurrentes de software/ERP,Errores recurrentes de software/ERP
TK-000163,Solicitudes rutinarias,Solicitudes rutinarias
TK-000164,Solicitudes rutinarias,Solicitudes rutinarias
TK-000165,Incidentes críticos de red,Incidentes críticos de red
TK-000166,Fallas de hardware,Solicitudes rutinarias
TK-000167,Fallas de hardware,Fallas de hardware
TK-000168,Solicitudes rutinarias,Errores recurrentes de software/ERP
TK-000169,Incidentes de seguridad,Incidentes de seguridad
TK-000170,Solicitudes rutinarias,Solicitudes rutinarias
TK-000171,Solicitudes rutinarias,Solicitudes rutinarias
TK-000172,Errores recurrentes de software/ERP,Errores recurrentes de software/ERP
TK-000173,Fallas de hardware,Fallas de hardware
TK-000174,Errores recurrentes de software/ERP,Errores recurrentes de software/ERP
TK-000175,Solicitudes rutinarias,Solicitudes rutinarias
TK-000176,Solicitudes rutinarias,Solicitudes rutinarias
TK-000177,Errores recurrentes de software/ERP,Errores recurrentes de software/ERP
TK-000178,Fallas de hardware,Solicitudes rutinarias
TK-000179,Fallas de hardware,Fallas de hardware
TK-000180,Solicitudes rutinarias,Solicitudes rutinarias
TK-000181,Solicitudes rutinarias,Solicitudes rutinarias
TK-000182,Solicitudes rutinarias,Solicitudes rutinarias
TK-000183,Fallas de hardware,Fallas de hardware
TK-000184,Incidentes críticos de red,Incidentes de seguridad
TK-000185,Solicitudes rutinarias,Solicitudes rutinarias
TK-000186,Fallas de hardware,Fallas de hardware
TK-000187,Incidentes críticos de red,Incidentes críticos de red
TK-000188,Solicitudes rutinarias,Solicitudes rutinarias
TK-000189,Solicitudes rutinarias,Solicitudes rutinarias
TK-000190,Solicitudes rutinarias,Solicitudes rutinarias
TK-000191,Errores recurrentes de software/ERP,Errores recurrentes de software/ERP
TK-000192,Fallas de hardware,Fallas de hardware
TK-000193,Solicitudes rutinarias,Solicitudes rutinarias
TK-000194,Solicitudes rutinarias,Solicitudes rutinarias
TK-000195,Incidentes críticos de red,Errores recurrentes de software/ERP
TK-000196,Solicitudes rutinarias,Solicitudes rutinarias
TK-000197,Solicitudes rutinarias,Solicitudes rutinarias
TK-000198,Incidentes críticos de red,Incidentes críticos de red
TK-000199,Solicitudes rutinarias,Solicitudes rutinarias
TK-000200,Errores recurrentes de software/ERP,Errores recurrentes de software/ERP
TK-000201,Solicitudes rutinarias,Errores recurrentes de software/ERP
TK-000202,Fallas de hardware,Fallas de hardware
TK-000203,Solicitudes rutinarias,Fallas de hardware
TK-000204,Errores recurrentes de software/ERP,Errores recurrentes de software/ERP
TK-000205,Fallas de hardware,Fallas de hardware
TK-000206,Solicitudes rutinarias,Errores recurrentes de software/ERP
TK-000207,Solicitudes rutinarias,Errores recurrentes de software/ERP
TK-000208,Solicitudes rutinarias,Solicitudes rutinarias
TK-000209,Solicitudes rutinarias,Solicitudes rutinarias
TK-000210,Fallas de hardware,Fallas de hardware
TK-000211,Fallas de hardware,Fallas de hardware
TK-000212,Solicitudes rutinarias,Solicitudes rutinarias
TK-000213,Errores recurrentes de software/ERP,Errores recurrentes de software/ERP
TK-000214,Solicitudes rutinarias,Solicitudes rutinarias
TK-000215,Solicitudes rutinarias,Solicitudes rutinarias
TK-000216,Solicitudes rutinarias,Solicitudes rutinarias
TK-000217,Solicitudes rutinarias,Solicitudes rutinarias
TK-000218,Solicitudes rutinarias,Fallas de hardware
TK-000219,Solicitudes rutinarias,Solicitudes rutinarias
TK-000220,Incidentes de seguridad,Solicitudes rutinarias
TK-000221,Incidentes de seguridad,Incidentes de seguridad
TK-000222,Solicitudes rutinarias,Solicitudes rutinarias
TK-000223,Solicitudes rutinarias,Solicitudes rutinarias
TK-000224,Solicitudes rutinarias,Solicitudes rutinarias
TK-000225,Solicitudes rutinarias,Solicitudes rutinarias
TK-000226,Solicitudes rutinarias,Solicitudes rutinarias
TK-000227,Solicitudes rutinarias,Solicitudes rutinarias
TK-000228,Solicitudes rutinarias,Solicitudes rutinarias
TK-000229,Solicitudes rutinarias,Solicitudes rutinarias
TK-000230,Solicitudes rutinarias,Solicitudes rutinarias
TK-000231,Fallas de hardware,Fallas de hardware
TK-000232,Incidentes de seguridad,Incidentes de seguridad
TK-000233,Fallas de hardware,Fallas de hardware
TK-000234,Casos crónicos,Casos crónicos
TK-000235,Solicitudes rutinarias,Solicitudes rutinarias
TK-000236,Solicitudes rutinarias,Solicitudes rutinarias
TK-000237,Fallas de hardware,Fallas de hardware
TK-000238,Solicitudes rutinarias,Solicitudes rutinarias
TK-000239,Solicitudes rutinarias,Solicitudes rutinarias
TK-000240,Solicitudes rutinarias,Solicitudes rutinarias
TK-000241,Fallas de hardware,Fallas de hardware
TK-000242,Solicitudes rutinarias,Solicitudes rutinarias
TK-000243,Incidentes de seguridad,Incidentes críticos de red
TK-000244,Errores recurrentes de software/ERP,Errores recurrentes de software/ERP
TK-000245,Fallas de hardware,Fallas de hardware
TK-000246,Solicitudes rutinarias,Errores recurrentes de software/ERP
TK-000247,Solicitudes rutinarias,Solicitudes rutinarias
TK-000248,Solicitudes rutinarias,Solicitudes rutinarias
TK-000249,Solicitudes rutinarias,Errores recurrentes de software/ERP
TK-000250,Errores recurrentes de software/ERP,Errores recurrentes de software/ERP
TK-000251,Incidentes críticos de red,Incidentes críticos de red
TK-000252,Fallas de hardware,Fallas de hardware
TK-000253,Solicitudes rutinarias,Solicitudes rutinarias
TK-000254,Solicitudes rutinarias,Solicitudes rutinarias
TK-000255,Solicitudes rutinarias,Solicitudes rutinarias
TK-000256,Solicitudes rutinarias,Fallas de hardware
TK-000257,Fallas de hardware,Fallas de hardware
TK-000258,Solicitudes rutinarias,Solicitudes rutinarias
TK-000259,Solicitudes rutinarias,Solicitudes rutinarias
TK-000260,Solicitudes rutinarias,Solicitudes rutinarias
TK-000261,Solicitudes rutinarias,Solicitudes rutinarias
TK-000262,Errores recurrentes de software/ERP,Errores recurrentes de software/ERP
TK-000263,Solicitudes rutinarias,Solicitudes rutinarias
TK-000264,Solicitudes rutinarias,Solicitudes rutinarias
TK-000265,Solicitudes rutinarias,Solicitudes rutinarias
TK-000266,Errores recurrentes de software/ERP,Errores recurrentes de software/ERP
TK-000267,Solicitudes rutinarias,Fallas de hardware
TK-000268,Incidentes de seguridad,Incidentes de seguridad
TK-000269,Incidentes de seguridad,Incidentes críticos de red
TK-000270,Errores recurrentes de software/ERP,Errores recurrentes de software/ERP
TK-000271,Errores recurrentes de software/ERP,Errores recurrentes de software/ERP
TK-000272,Solicitudes rutinarias,Solicitudes rutinarias
TK-000273,Fallas de hardware,Errores recurrentes de software/ERP
TK-000274,Fallas de hardware,Errores recurrentes de software/ERP
TK-000275,Errores recurrentes de software/ERP,Errores recurrentes de software/ERP
TK-000276,Solicitudes rutinarias,Solicitudes rutinarias
TK-000277,Solicitudes rutinarias,Solicitudes rutinarias
TK-000278,Fallas de hardware,Fallas de hardware
TK-000279,Solicitudes rutinarias,Solicitudes rutinarias
TK-000280,Fallas de hardware,Fallas de hardware
TK-000281,Incidentes críticos de red,Incidentes críticos de red
TK-000282,Solicitudes rutinarias,Solicitudes rutinarias
TK-000283,Incidentes críticos de red,Incidentes críticos de red
TK-000284,Solicitudes rutinarias,Solicitudes rutinarias
TK-000285,Fallas de hardware,Fallas de hardware
TK-000286,Solicitudes rutinarias,Solicitudes rutinarias
TK-000287,Casos crónicos,Casos crónicos
TK-000288,Solicitudes rutinarias,Solicitudes rutinarias
TK-000289,Incidentes críticos de red,Incidentes críticos de red
TK-000290,Solicitudes rutinarias,Solicitudes rutinarias
TK-000291,Solicitudes rutinarias,Solicitudes rutinarias
TK-000292,Incidentes de seguridad,Incidentes de seguridad
TK-000293,Errores recurrentes de software/ERP,Errores recurrentes de software/ERP
TK-000294,Errores recurrentes de software/ERP,Casos crónicos
TK-000295,Solicitudes rutinarias,Solicitudes rutinarias
TK-000296,Solicitudes rutinarias,Solicitudes rutinarias
TK-000297,Solicitudes rutinarias,Solicitudes rutinarias
TK-000298,Solicitudes rutinarias,Solicitudes rutinarias
TK-000299,Fallas de hardware,Fallas de hardware
TK-000300,Casos crónicos,Casos crónicos
TK-000301,Incidentes críticos de red,Incidentes críticos de red
TK-000302,Solicitudes rutinarias,Solicitudes rutinarias
TK-000303,Errores recurrentes de software/ERP,Errores recurrentes de software/ERP
TK-000304,Fallas de hardware,Fallas de hardware
TK-000305,Fallas de hardware,Fallas de hardware
TK-000306,Solicitudes rutinarias,Solicitudes rutinarias
TK-000307,Errores recurrentes de software/ERP,Errores recurrentes de software/ERP
TK-000308,Solicitudes rutinarias,Solicitudes rutinarias
TK-000309,Casos crónicos,Casos crónicos
TK-000310,Errores recurrentes de software/ERP,Errores recurrentes de software/ERP
TK-000311,Incidentes de seguridad,Incidentes de seguridad
TK-000312,Fallas de hardware,Fallas de hardware
TK-000313,Errores recurrentes de software/ERP,Casos crónicos
TK-000314,Incidentes de seguridad,Incidentes de seguridad
TK-000315,Incidentes críticos de red,Incidentes de seguridad
TK-000316,Errores recurrentes de software/ERP,Errores recurrentes de software/ERP
TK-000317,Fallas de hardware,Fallas de hardware
TK-000318,Incidentes críticos de red,Incidentes críticos de red
TK-000319,Solicitudes rutinarias,Fallas de hardware
TK-000320,Errores recurrentes de software/ERP,Solicitudes rutinarias
TK-000321,Solicitudes rutinarias,Solicitudes rutinarias
TK-000322,Incidentes de seguridad,Incidentes críticos de red
TK-000323,Solicitudes rutinarias,Solicitudes rutinarias
TK-000324,Incidentes críticos de red,Incidentes críticos de red
TK-000325,Errores recurrentes de software/ERP,Errores recurrentes de software/ERP
TK-000326,Solicitudes rutinarias,Solicitudes rutinarias
TK-000327,Solicitudes rutinarias,Solicitudes rutinarias
TK-000328,Errores recurrentes de software/ERP,Errores recurrentes de software/ERP
TK-000329,Solicitudes rutinarias,Solicitudes rutinarias
TK-000330,Errores recurrentes de software/ERP,Errores recurrentes de software/ERP
TK-000331,Solicitudes rutinarias,Solicitudes rutinarias
TK-000332,Incidentes críticos de red,Incidentes críticos de red
TK-000333,Solicitudes rutinarias,Solicitudes rutinarias
TK-000334,Solicitudes rutinarias,Solicitudes rutinarias
TK-000335,Solicitudes rutinarias,Solicitudes rutinarias
TK-000336,Errores recurrentes de software/ERP,Errores recurrentes de software/ERP
TK-000337,Solicitudes rutinarias,Solicitudes rutinarias
TK-000338,Solicitudes rutinarias,Solicitudes rutinarias
TK-000339,Solicitudes rutinarias,Solicitudes rutinarias
TK-000340,Solicitudes rutinarias,Solicitudes rutinarias
TK-000341,Incidentes de seguridad,Incidentes de seguridad
TK-000342,Incidentes críticos de red,Errores recurrentes de software/ERP
TK-000343,Fallas de hardware,Fallas de hardware
TK-000344,Incidentes de seguridad,Incidentes de seguridad
TK-000345,Errores recurrentes de software/ERP,Errores recurrentes de software/ERP
TK-000346,Incidentes críticos de red,Incidentes críticos de red
TK-000347,Solicitudes rutinarias,Solicitudes rutinarias
TK-000348,Solicitudes rutinarias,Solicitudes rutinarias
TK-000349,Solicitudes rutinarias,Fallas de hardware
TK-000350,Solicitudes rutinarias,Solicitudes rutinarias
TK-000351,Fallas de hardware,Fallas de hardware
TK-000352,Solicitudes rutinarias,Errores recurrentes de software/ERP
TK-000353,Errores recurrentes de software/ERP,Solicitudes rutinarias
TK-000354,Solicitudes rutinarias,Solicitudes rutinarias
TK-000355,Fallas de hardware,Fallas de hardware
TK-000356,Solicitudes rutinarias,Solicitudes rutinarias
TK-000357,Solicitudes rutinarias,Solicitudes rutinarias
TK-000358,Errores recurrentes de software/ERP,Errores recurrentes de software/ERP
TK-000359,Errores recurrentes de software/ERP,Errores recurrentes de software/ERP
TK-000360,Solicitudes rutinarias,Solicitudes rutinarias
TK-000361,Solicitudes rutinarias,Solicitudes rutinarias
TK-000362,Solicitudes rutinarias,Fallas de hardware
TK-000363,Incidentes críticos de red,Incidentes críticos de red
TK-000364,Solicitudes rutinarias,Solicitudes rutinarias
TK-000365,Solicitudes rutinarias,Solicitudes rutinarias
TK-000366,Fallas de hardware,Fallas de hardware
TK-000367,Errores recurrentes de software/ERP,Errores recurrentes de software/ERP
TK-000368,Solicitudes rutinarias,Solicitudes rutinarias
TK-000369,Fallas de hardware,Fallas de hardware
TK-000370,Solicitudes rutinarias,Fallas de hardware
TK-000371,Solicitudes rutinarias,Solicitudes rutinarias
TK-000372,Solicitudes rutinarias,Solicitudes rutinarias
TK-000373,Solicitudes rutinarias,Solicitudes rutinarias
TK-000374,Incidentes críticos de red,Incidentes críticos de red
TK-000375,Incidentes de seguridad,Incidentes de seguridad
TK-000376,Solicitudes rutinarias,Solicitudes rutinarias
TK-000377,Errores recurrentes de software/ERP,Errores recurrentes de software/ERP
TK-000378,Incidentes de seguridad,Incidentes críticos de red
TK-000379,Errores recurrentes de software/ERP,Casos crónicos
TK-000380,Errores recurrentes de software/ERP,Errores recurrentes de software/ERP
TK-000381,Errores recurrentes de software/ERP,Errores recurrentes de software/ERP
TK-000382,Solicitudes rutinarias,Fallas de hardware
TK-000383,Solicitudes rutinarias,Solicitudes rutinarias
TK-000384,Solicitudes rutinarias,Errores recurrentes de software/ERP
TK-000385,Solicitudes rutinarias,Solicitudes rutinarias
TK-000386,Fallas de hardware,Fallas de hardware
TK-000387,Solicitudes rutinarias,Solicitudes rutinarias
TK-000388,Errores recurrentes de software/ERP,Errores recurrentes de software/ERP
TK-000389,Solicitudes rutinarias,Solicitudes rutinarias
TK-000390,Fallas de hardware,Fallas de hardware
TK-000391,Solicitudes rutinarias,Solicitudes rutinarias
TK-000392,Fallas de hardware,Errores recurrentes de software/ERP
TK-000393,Fallas de hardware,Fallas de hardware
TK-000394,Incidentes críticos de red,Incidentes críticos de red
TK-000395,Solicitudes rutinarias,Errores recurrentes de software/ERP
TK-000396,Fallas de hardware,Fallas de hardware
TK-000397,Errores recurrentes de software/ERP,Errores recurrentes de software/ERP
TK-000398,Incidentes de seguridad,Incidentes de seguridad
TK-000399,Solicitudes rutinarias,Solicitudes rutinarias
TK-000400,Errores recurrentes de software/ERP,Casos crónicos
TK-000401,Solicitudes rutinarias,Solicitudes rutinarias
TK-000402,Fallas de hardware,Fallas de hardware
TK-000403,Fallas de hardware,Fallas de hardware
TK-000404,Solicitudes rutinarias,Solicitudes rutinarias
TK-000405,Solicitudes rutinarias,Solicitudes rutinarias
TK-000406,Solicitudes rutinarias,Fallas de hardware
TK-000407,Incidentes de seguridad,Incidentes de seguridad
TK-000408,Errores recurrentes de software/ERP,Solicitudes rutinarias
TK-000409,Solicitudes rutinarias,Solicitudes rutinarias
TK-000410,Fallas de hardware,Fallas de hardware
TK-000411,Incidentes de seguridad,Incidentes de seguridad
TK-000412,Solicitudes rutinarias,Solicitudes rutinarias
TK-000413,Fallas de hardware,Fallas de hardware
TK-000414,Solicitudes rutinarias,Errores recurrentes de software/ERP
TK-000415,Solicitudes rutinarias,Solicitudes rutinarias
TK-000416,Solicitudes rutinarias,Solicitudes rutinarias
TK-000417,Errores recurrentes de software/ERP,Errores recurrentes de software/ERP
TK-000418,Fallas de hardware,Fallas de hardware
TK-000419,Solicitudes rutinarias,Fallas de hardware
TK-000420,Errores recurrentes de software/ERP,Errores recurrentes de software/ERP
TK-000421,Incidentes críticos de red,Incidentes críticos de red
TK-000422,Solicitudes rutinarias,Solicitudes rutinarias
TK-000423,Solicitudes rutinarias,Solicitudes rutinarias
TK-000424,Errores recurrentes de software/ERP,Errores recurrentes de software/ERP
TK-000425,Fallas de hardware,Fallas de hardware
TK-000426,Solicitudes rutinarias,Solicitudes rutinarias
TK-000427,Errores recurrentes de software/ERP,Errores recurrentes de software/ERP
TK-000428,Solicitudes rutinarias,Solicitudes rutinarias
TK-000429,Fallas de hardware,Errores recurrentes de software/ERP
TK-000430,Fallas de hardware,Fallas de hardware
TK-000431,Fallas de hardware,Fallas de hardware
TK-000432,Solicitudes rutinarias,Solicitudes rutinarias
TK-000433,Solicitudes rutinarias,Solicitudes rutinarias
TK-000434,Errores recurrentes de software/ERP,Errores recurrentes de software/ERP
TK-000435,Fallas de hardware,Fallas de hardware
TK-000436,Solicitudes rutinarias,Solicitudes rutinarias
TK-000437,Solicitudes rutinarias,Errores recurrentes de software/ERP
TK-000438,Solicitudes rutinarias,Solicitudes rutinarias
TK-000439,Solicitudes rutinarias,Solicitudes rutinarias
TK-000440,Solicitudes rutinarias,Solicitudes rutinarias
TK-000441,Solicitudes rutinarias,Solicitudes rutinarias
TK-000442,Fallas de hardware,Fallas de hardware
TK-000443,Fallas de hardware,Errores recurrentes de software/ERP
TK-000444,Solicitudes rutinarias,Solicitudes rutinarias
TK-000445,Solicitudes rutinarias,Solicitudes rutinarias
TK-000446,Solicitudes rutinarias,Solicitudes rutinarias
TK-000447,Solicitudes rutinarias,Fallas de hardware
TK-000448,Errores recurrentes de software/ERP,Errores recurrentes de software/ERP
TK-000449,Solicitudes rutinarias,Solicitudes rutinarias
TK-000450,Fallas de hardware,Fallas de hardware
TK-000451,Solicitudes rutinarias,Solicitudes rutinarias
TK-000452,Errores recurrentes de software/ERP,Errores recurrentes de software/ERP
TK-000453,Solicitudes rutinarias,Solicitudes rutinarias
TK-000454,Solicitudes rutinarias,Solicitudes rutinarias
TK-000455,Fallas de hardware,Fallas de hardware
TK-000456,Solicitudes rutinarias,Solicitudes rutinarias
TK-000457,Solicitudes rutinarias,Solicitudes rutinarias
TK-000458,Fallas de hardware,Fallas de hardware
TK-000459,Fallas de hardware,Fallas de hardware
TK-000460,Solicitudes rutinarias,Solicitudes rutinarias
TK-000461,Errores recurrentes de software/ERP,Errores recurrentes de software/ERP
TK-000462,Incidentes críticos de red,Incidentes críticos de red
TK-000463,Solicitudes rutinarias,Solicitudes rutinarias
TK-000464,Solicitudes rutinarias,Solicitudes rutinarias
TK-000465,Solicitudes rutinarias,Solicitudes rutinarias
TK-000466,Solicitudes rutinarias,Solicitudes rutinarias
TK-000467,Errores recurrentes de software/ERP,Errores recurrentes de software/ERP
TK-000468,Fallas de hardware,Fallas de hardware
TK-000469,Solicitudes rutinarias,Solicitudes rutinarias
TK-000470,Solicitudes rutinarias,Solicitudes rutinarias
TK-000471,Incidentes de seguridad,Incidentes de seguridad
TK-000472,Solicitudes rutinarias,Solicitudes rutinarias
TK-000473,Incidentes críticos de red,Incidentes críticos de red
TK-000474,Solicitudes rutinarias,Solicitudes rutinarias
TK-000475,Solicitudes rutinarias,Solicitudes rutinarias
TK-000476,Solicitudes rutinarias,Solicitudes rutinarias
TK-000477,Solicitudes rutinarias,Solicitudes rutinarias
TK-000478,Errores recurrentes de software/ERP,Errores recurrentes de software/ERP
TK-000479,Solicitudes rutinarias,Solicitudes rutinarias
TK-000480,Errores recurrentes de software/ERP,Errores recurrentes de software/ERP
TK-000481,Solicitudes rutinarias,Solicitudes rutinarias
TK-000482,Solicitudes rutinarias,Solicitudes rutinarias
TK-000483,Solicitudes rutinarias,Solicitudes rutinarias
TK-000484,Solicitudes rutinarias,Errores recurrentes de software/ERP
TK-000485,Incidentes de seguridad,Incidentes de seguridad
TK-000486,Fallas de hardware,Fallas de hardware
TK-000487,Incidentes de seguridad,Incidentes de seguridad
TK-000488,Solicitudes rutinarias,Solicitudes rutinarias
TK-000489,Incidentes críticos de red,Incidentes críticos de red
TK-000490,Solicitudes rutinarias,Solicitudes rutinarias
TK-000491,Solicitudes rutinarias,Solicitudes rutinarias
TK-000492,Incidentes de seguridad,Incidentes de seguridad
TK-000493,Solicitudes rutinarias,Errores recurrentes de software/ERP
TK-000494,Incidentes críticos de red,Incidentes críticos de red
TK-000495,Solicitudes rutinarias,Fallas de hardware
TK-000496,Fallas de hardware,Fallas de hardware
TK-000497,Solicitudes rutinarias,Solicitudes rutinarias
TK-000498,Solicitudes rutinarias,Solicitudes rutinarias
TK-000499,Fallas de hardware,Fallas de hardware
TK-000500,Solicitudes rutinarias,Solicitudes rutinarias
TK-000501,Fallas de hardware,Fallas de hardware
TK-000502,Fallas de hardware,Fallas de hardware
TK-000503,Errores recurrentes de software/ERP,Errores recurrentes de software/ERP
TK-000504,Solicitudes rutinarias,Solicitudes rutinarias
TK-000505,Incidentes críticos de red,Incidentes críticos de red
TK-000506,Incidentes críticos de red,Incidentes críticos de red
TK-000507,Solicitudes rutinarias,Solicitudes rutinarias
TK-000508,Casos crónicos,Casos crónicos
TK-000509,Solicitudes rutinarias,Solicitudes rutinarias
TK-000510,Incidentes de seguridad,Incidentes de seguridad
TK-000511,Errores recurrentes de software/ERP,Errores recurrentes de software/ERP
TK-000512,Fallas de hardware,Fallas de hardware
TK-000513,Solicitudes rutinarias,Solicitudes rutinarias
TK-000514,Solicitudes rutinarias,Solicitudes rutinarias
TK-000515,Errores recurrentes de software/ERP,Errores recurrentes de software/ERP
TK-000516,Solicitudes rutinarias,Solicitudes rutinarias
TK-000517,Solicitudes rutinarias,Solicitudes rutinarias
TK-000518,Fallas de hardware,Fallas de hardware
TK-000519,Incidentes de seguridad,Incidentes de seguridad
TK-000520,Errores recurrentes de software/ERP,Errores recurrentes de software/ERP
TK-000521,Fallas de hardware,Fallas de hardware
TK-000522,Solicitudes rutinarias,Solicitudes rutinarias
TK-000523,Incidentes de seguridad,Incidentes de seguridad
TK-000524,Errores recurrentes de software/ERP,Errores recurrentes de software/ERP
TK-000525,Solicitudes rutinarias,Solicitudes rutinarias
TK-000526,Solicitudes rutinarias,Solicitudes rutinarias
TK-000527,Errores recurrentes de software/ERP,Casos crónicos
TK-000528,Solicitudes rutinarias,Solicitudes rutinarias
TK-000529,Solicitudes rutinarias,Solicitudes rutinarias
TK-000530,Solicitudes rutinarias,Solicitudes rutinarias
TK-000531,Errores recurrentes de software/ERP,Errores recurrentes de software/ERP
TK-000532,Incidentes críticos de red,Incidentes críticos de red
TK-000533,Errores recurrentes de software/ERP,Errores recurrentes de software/ERP
TK-000534,Fallas de hardware,Fallas de hardware
TK-000535,Incidentes críticos de red,Incidentes críticos de red
TK-000536,Solicitudes rutinarias,Solicitudes rutinarias
TK-000537,Solicitudes rutinarias,Solicitudes rutinarias
TK-000538,Solicitudes rutinarias,Solicitudes rutinarias
TK-000539,Incidentes críticos de red,Incidentes críticos de red
TK-000540,Errores recurrentes de software/ERP,Errores recurrentes de software/ERP
TK-000541,Incidentes de seguridad,Incidentes de seguridad
TK-000542,Errores recurrentes de software/ERP,Errores recurrentes de software/ERP
TK-000543,Fallas de hardware,Fallas de hardware
TK-000544,Errores recurrentes de software/ERP,Errores recurrentes de software/ERP
TK-000545,Fallas de hardware,Fallas de hardware
TK-000546,Solicitudes rutinarias,Solicitudes rutinarias
TK-000547,Solicitudes rutinarias,Solicitudes rutinarias
TK-000548,Fallas de hardware,Solicitudes rutinarias
TK-000549,Solicitudes rutinarias,Solicitudes rutinarias
TK-000550,Fallas de hardware,Fallas de hardware
TK-000551,Fallas de hardware,Fallas de hardware
TK-000552,Solicitudes rutinarias,Solicitudes rutinarias
TK-000553,Solicitudes rutinarias,Solicitudes rutinarias
TK-000554,Solicitudes rutinarias,Solicitudes rutinarias
TK-000555,Solicitudes rutinarias,Errores recurrentes de software/ERP
TK-000556,Fallas de hardware,Fallas de hardware
TK-000557,Incidentes de seguridad,Incidentes de seguridad
TK-000558,Solicitudes rutinarias,Solicitudes rutinarias
TK-000559,Fallas de hardware,Fallas de hardware
TK-000560,Incidentes de seguridad,Incidentes de seguridad
TK-000561,Solicitudes rutinarias,Solicitudes rutinarias
TK-000562,Solicitudes rutinarias,Solicitudes rutinarias
TK-000563,Solicitudes rutinarias,Solicitudes rutinarias
TK-000564,Incidentes de seguridad,Incidentes de seguridad
TK-000565,Solicitudes rutinarias,Solicitudes rutinarias
TK-000566,Fallas de hardware,Fallas de hardware
TK-000567,Fallas de hardware,Errores recurrentes de software/ERP
TK-000568,Solicitudes rutinarias,Solicitudes rutinarias
TK-000569,Solicitudes rutinarias,Solicitudes rutinarias
TK-000570,Solicitudes rutinarias,Solicitudes rutinarias
TK-000571,Solicitudes rutinarias,Solicitudes rutinarias
TK-000572,Incidentes de seguridad,Incidentes de seguridad
TK-000573,Incidentes críticos de red,Incidentes críticos de red
TK-000574,Incidentes de seguridad,Incidentes de seguridad
TK-000575,Solicitudes rutinarias,Solicitudes rutinarias
TK-000576,Fallas de hardware,Fallas de hardware
TK-000577,Incidentes de seguridad,Incidentes de seguridad
TK-000578,Solicitudes rutinarias,Solicitudes rutinarias
TK-000579,Solicitudes rutinarias,Solicitudes rutinarias
TK-000580,Solicitudes rutinarias,Solicitudes rutinarias
TK-000581,Solicitudes rutinarias,Solicitudes rutinarias
TK-000582,Solicitudes rutinarias,Solicitudes rutinarias
TK-000583,Errores recurrentes de software/ERP,Errores recurrentes de software/ERP
TK-000584,Solicitudes rutinarias,Solicitudes rutinarias
TK-000585,Errores recurrentes de software/ERP,Solicitudes rutinarias
TK-000586,Solicitudes rutinarias,Solicitudes rutinarias
TK-000587,Solicitudes rutinarias,Solicitudes rutinarias
TK-000588,Solicitudes rutinarias,Solicitudes rutinarias
TK-000589,Fallas de hardware,Fallas de hardware
TK-000590,Solicitudes rutinarias,Solicitudes rutinarias
TK-000591,Solicitudes rutinarias,Solicitudes rutinarias
TK-000592,Incidentes de seguridad,Incidentes de seguridad
TK-000593,Casos crónicos,Casos crónicos
TK-000594,Solicitudes rutinarias,Solicitudes rutinarias
TK-000595,Fallas de hardware,Fallas de hardware
TK-000596,Errores recurrentes de software/ERP,Errores recurrentes de software/ERP
TK-000597,Casos crónicos,Casos crónicos
TK-000598,Incidentes críticos de red,Incidentes críticos de red
TK-000599,Solicitudes rutinarias,Solicitudes rutinarias
TK-000600,Solicitudes rutinarias,Errores recurrentes de software/ERP
TK-000601,Solicitudes rutinarias,Solicitudes rutinarias
TK-000602,Solicitudes rutinarias,Solicitudes rutinarias
TK-000603,Incidentes críticos de red,Incidentes críticos de red
TK-000604,Solicitudes rutinarias,Solicitudes rutinarias
TK-000605,Incidentes de seguridad,Incidentes de seguridad
TK-000606,Incidentes de seguridad,Incidentes críticos de red
TK-000607,Errores recurrentes de software/ERP,Errores recurrentes de software/ERP
TK-000608,Errores recurrentes de software/ERP,Errores recurrentes de software/ERP
TK-000609,Solicitudes rutinarias,Errores recurrentes de software/ERP
TK-000610,Solicitudes rutinarias,Errores recurrentes de software/ERP
TK-000611,Solicitudes rutinarias,Solicitudes rutinarias
TK-000612,Solicitudes rutinarias,Fallas de hardware
TK-000613,Incidentes críticos de red,Incidentes críticos de red
TK-000614,Fallas de hardware,Fallas de hardware
TK-000615,Incidentes de seguridad,Incidentes de seguridad
TK-000616,Errores recurrentes de software/ERP,Errores recurrentes de software/ERP
TK-000617,Solicitudes rutinarias,Solicitudes rutinarias
TK-000618,Errores recurrentes de software/ERP,Errores recurrentes de software/ERP
TK-000619,Errores recurrentes de software/ERP,Solicitudes rutinarias
TK-000620,Casos crónicos,Casos crónicos
TK-000621,Solicitudes rutinarias,Solicitudes rutinarias
TK-000622,Incidentes críticos de red,Incidentes críticos de red
TK-000623,Fallas de hardware,Fallas de hardware
TK-000624,Solicitudes rutinarias,Solicitudes rutinarias
TK-000625,Solicitudes rutinarias,Errores recurrentes de software/ERP
TK-000626,Solicitudes rutinarias,Solicitudes rutinarias
TK-000627,Errores recurrentes de software/ERP,Errores recurrentes de software/ERP
TK-000628,Incidentes de seguridad,Incidentes de seguridad
TK-000629,Solicitudes rutinarias,Solicitudes rutinarias
TK-000630,Solicitudes rutinarias,Solicitudes rutinarias
TK-000631,Incidentes críticos de red,Incidentes críticos de red
TK-000632,Solicitudes rutinarias,Solicitudes rutinarias
TK-000633,Solicitudes rutinarias,Solicitudes rutinarias
TK-000634,Fallas de hardware,Fallas de hardware
TK-000635,Solicitudes rutinarias,Solicitudes rutinarias
TK-000636,Solicitudes rutinarias,Solicitudes rutinarias
TK-000637,Casos crónicos,Casos crónicos
TK-000638,Incidentes de seguridad,Incidentes de seguridad
TK-000639,Solicitudes rutinarias,Solicitudes rutinarias
TK-000640,Solicitudes rutinarias,Fallas de hardware
TK-000641,Solicitudes rutinarias,Solicitudes rutinarias
TK-000642,Fallas de hardware,Fallas de hardware
TK-000643,Solicitudes rutinarias,Solicitudes rutinarias
TK-000644,Solicitudes rutinarias,Solicitudes rutinarias
TK-000645,Solicitudes rutinarias,Solicitudes rutinarias
TK-000646,Incidentes críticos de red,Incidentes críticos de red
TK-000647,Solicitudes rutinarias,Solicitudes rutinarias
TK-000648,Fallas de hardware,Fallas de hardware
TK-000649,Incidentes críticos de red,Incidentes críticos de red
TK-000650,Errores recurrentes de software/ERP,Errores recurrentes de software/ERP
TK-000651,Solicitudes rutinarias,Solicitudes rutinarias
TK-000652,Solicitudes rutinarias,Solicitudes rutinarias
TK-000653,Fallas de hardware,Fallas de hardware
TK-000654,Incidentes críticos de red,Incidentes críticos de red
TK-000655,Incidentes críticos de red,Errores recurrentes de software/ERP
TK-000656,Incidentes de seguridad,Incidentes de seguridad
TK-000657,Solicitudes rutinarias,Solicitudes rutinarias
TK-000658,Solicitudes rutinarias,Solicitudes rutinarias
TK-000659,Errores recurrentes de software/ERP,Errores recurrentes de software/ERP
TK-000660,Fallas de hardware,Fallas de hardware
TK-000661,Solicitudes rutinarias,Solicitudes rutinarias
TK-000662,Fallas de hardware,Fallas de hardware
TK-000663,Solicitudes rutinarias,Solicitudes rutinarias
TK-000664,Solicitudes rutinarias,Solicitudes rutinarias
TK-000665,Solicitudes rutinarias,Solicitudes rutinarias
TK-000666,Solicitudes rutinarias,Solicitudes rutinarias
TK-000667,Solicitudes rutinarias,Solicitudes rutinarias
TK-000668,Errores recurrentes de software/ERP,Errores recurrentes de software/ERP
TK-000669,Incidentes de seguridad,Incidentes de seguridad
TK-000670,Solicitudes rutinarias,Solicitudes rutinarias
TK-000671,Fallas de hardware,Fallas de hardware
TK-000672,Fallas de hardware,Fallas de hardware
TK-000673,Solicitudes rutinarias,Solicitudes rutinarias
TK-000674,Solicitudes rutinarias,Solicitudes rutinarias
TK-000675,Fallas de hardware,Fallas de hardware
TK-000676,Fallas de hardware,Fallas de hardware
TK-000677,Fallas de hardware,Fallas de hardware
TK-000678,Solicitudes rutinarias,Fallas de hardware
TK-000679,Errores recurrentes de software/ERP,Errores recurrentes de software/ERP
TK-000680,Errores recurrentes de software/ERP,Errores recurrentes de software/ERP
TK-000681,Errores recurrentes de software/ERP,Errores recurrentes de software/ERP
TK-000682,Fallas de hardware,Fallas de hardware
TK-000683,Solicitudes rutinarias,Solicitudes rutinarias
TK-000684,Errores recurrentes de software/ERP,Errores recurrentes de software/ERP
TK-000685,Errores recurrentes de software/ERP,Errores recurrentes de software/ERP
TK-000686,Fallas de hardware,Fallas de hardware
TK-000687,Casos crónicos,Casos crónicos
TK-000688,Solicitudes rutinarias,Solicitudes rutinarias
TK-000689,Fallas de hardware,Solicitudes rutinarias
TK-000690,Solicitudes rutinarias,Solicitudes rutinarias
TK-000691,Errores recurrentes de software/ERP,Errores recurrentes de software/ERP
TK-000692,Fallas de hardware,Fallas de hardware
TK-000693,Casos crónicos,Casos crónicos
TK-000694,Solicitudes rutinarias,Solicitudes rutinarias
TK-000695,Solicitudes rutinarias,Solicitudes rutinarias
TK-000696,Solicitudes rutinarias,Solicitudes rutinarias
TK-000697,Solicitudes rutinarias,Solicitudes rutinarias
TK-000698,Solicitudes rutinarias,Solicitudes rutinarias
TK-000699,Fallas de hardware,Solicitudes rutinarias
TK-000700,Solicitudes rutinarias,Errores recurrentes de software/ERP
TK-000701,Solicitudes rutinarias,Solicitudes rutinarias
TK-000702,Errores recurrentes de software/ERP,Errores recurrentes de software/ERP
TK-000703,Solicitudes rutinarias,Solicitudes rutinarias
TK-000704,Fallas de hardware,Solicitudes rutinarias
TK-000705,Solicitudes rutinarias,Solicitudes rutinarias
TK-000706,Solicitudes rutinarias,Solicitudes rutinarias
TK-000707,Fallas de hardware,Fallas de hardware
TK-000708,Incidentes de seguridad,Incidentes de seguridad
TK-000709,Solicitudes rutinarias,Solicitudes rutinarias
TK-000710,Solicitudes rutinarias,Solicitudes rutinarias
TK-000711,Fallas de hardware,Fallas de hardware
TK-000712,Solicitudes rutinarias,Solicitudes rutinarias
TK-000713,Solicitudes rutinarias,Solicitudes rutinarias
TK-000714,Fallas de hardware,Fallas de hardware
TK-000715,Casos crónicos,Casos crónicos
TK-000716,Errores recurrentes de software/ERP,Errores recurrentes de software/ERP
TK-000717,Fallas de hardware,Fallas de hardware
TK-000718,Solicitudes rutinarias,Solicitudes rutinarias
TK-000719,Incidentes críticos de red,Incidentes críticos de red
TK-000720,Errores recurrentes de software/ERP,Errores recurrentes de software/ERP
TK-000721,Solicitudes rutinarias,Solicitudes rutinarias
TK-000722,Incidentes de seguridad,Incidentes de seguridad
TK-000723,Solicitudes rutinarias,Solicitudes rutinarias
TK-000724,Incidentes críticos de red,Incidentes críticos de red
TK-000725,Solicitudes rutinarias,Solicitudes rutinarias
TK-000726,Solicitudes rutinarias,Solicitudes rutinarias
TK-000727,Solicitudes rutinarias,Solicitudes rutinarias
TK-000728,Incidentes de seguridad,Incidentes críticos de red
TK-000729,Solicitudes rutinarias,Solicitudes rutinarias
TK-000730,Fallas de hardware,Fallas de hardware
TK-000731,Solicitudes rutinarias,Errores recurrentes de software/ERP
TK-000732,Solicitudes rutinarias,Solicitudes rutinarias
TK-000733,Solicitudes rutinarias,Solicitudes rutinarias
TK-000734,Solicitudes rutinarias,Solicitudes rutinarias
TK-000735,Solicitudes rutinarias,Solicitudes rutinarias
TK-000736,Solicitudes rutinarias,Solicitudes rutinarias
TK-000737,Solicitudes rutinarias,Solicitudes rutinarias
TK-000738,Solicitudes rutinarias,Errores recurrentes de software/ERP
TK-000739,Casos crónicos,Errores recurrentes de software/ERP
TK-000740,Solicitudes rutinarias,Solicitudes rutinarias
TK-000741,Solicitudes rutinarias,Errores recurrentes de software/ERP
TK-000742,Solicitudes rutinarias,Solicitudes rutinarias
TK-000743,Solicitudes rutinarias,Solicitudes rutinarias
TK-000744,Errores recurrentes de software/ERP,Errores recurrentes de software/ERP
TK-000745,Solicitudes rutinarias,Solicitudes rutinarias
TK-000746,Incidentes críticos de red,Incidentes críticos de red
TK-000747,Solicitudes rutinarias,Solicitudes rutinarias
TK-000748,Solicitudes rutinarias,Solicitudes rutinarias
TK-000749,Fallas de hardware,Fallas de hardware
TK-000750,Incidentes de seguridad,Incidentes de seguridad
TK-000751,Solicitudes rutinarias,Solicitudes rutinarias
TK-000752,Fallas de hardware,Fallas de hardware
TK-000753,Fallas de hardware,Fallas de hardware
TK-000754,Errores recurrentes de software/ERP,Errores recurrentes de software/ERP
TK-000755,Solicitudes rutinarias,Solicitudes rutinarias
TK-000756,Solicitudes rutinarias,Solicitudes rutinarias
TK-000757,Casos crónicos,Casos crónicos
TK-000758,Errores recurrentes de software/ERP,Errores recurrentes de software/ERP
TK-000759,Solicitudes rutinarias,Errores recurrentes de software/ERP
TK-000760,Fallas de hardware,Fallas de hardware
TK-000761,Errores recurrentes de software/ERP,Casos crónicos
TK-000762,Incidentes críticos de red,Incidentes críticos de red
TK-000763,Solicitudes rutinarias,Solicitudes rutinarias
TK-000764,Solicitudes rutinarias,Errores recurrentes de software/ERP
TK-000765,Fallas de hardware,Fallas de hardware
TK-000766,Solicitudes rutinarias,Solicitudes rutinarias
TK-000767,Solicitudes rutinarias,Solicitudes rutinarias
TK-000768,Errores recurrentes de software/ERP,Errores recurrentes de software/ERP
TK-000769,Solicitudes rutinarias,Fallas de hardware
TK-000770,Fallas de hardware,Fallas de hardware
TK-000771,Errores recurrentes de software/ERP,Errores recurrentes de software/ERP
TK-000772,Solicitudes rutinarias,Solicitudes rutinarias
TK-000773,Fallas de hardware,Fallas de hardware
TK-000774,Solicitudes rutinarias,Solicitudes rutinarias
TK-000775,Fallas de hardware,Fallas de hardware
TK-000776,Errores recurrentes de software/ERP,Errores recurrentes de software/ERP
TK-000777,Errores recurrentes de software/ERP,Errores recurrentes de software/ERP
TK-000778,Solicitudes rutinarias,Solicitudes rutinarias
TK-000779,Incidentes de seguridad,Incidentes de seguridad
TK-000780,Solicitudes rutinarias,Solicitudes rutinarias
TK-000781,Solicitudes rutinarias,Solicitudes rutinarias
TK-000782,Solicitudes rutinarias,Solicitudes rutinarias
TK-000783,Solicitudes rutinarias,Solicitudes rutinarias
TK-000784,Solicitudes rutinarias,Solicitudes rutinarias
TK-000785,Solicitudes rutinarias,Solicitudes rutinarias
TK-000786,Solicitudes rutinarias,Errores recurrentes de software/ERP
TK-000787,Solicitudes rutinarias,Solicitudes rutinarias
TK-000788,Fallas de hardware,Fallas de hardware
TK-000789,Solicitudes rutinarias,Solicitudes rutinarias
TK-000790,Incidentes de seguridad,Incidentes de seguridad
TK-000791,Fallas de hardware,Solicitudes rutinarias
TK-000792,Solicitudes rutinarias,Solicitudes rutinarias
TK-000793,Fallas de hardware,Fallas de hardware
TK-000794,Errores recurrentes de software/ERP,Errores recurrentes de software/ERP
TK-000795,Solicitudes rutinarias,Solicitudes rutinarias
TK-000796,Fallas de hardware,Fallas de hardware
TK-000797,Solicitudes rutinarias,Solicitudes rutinarias
TK-000798,Errores recurrentes de software/ERP,Errores recurrentes de software/ERP
TK-000799,Solicitudes rutinarias,Solicitudes rutinarias
TK-000800,Incidentes críticos de red,Incidentes críticos de red
TK-000801,Solicitudes rutinarias,Solicitudes rutinarias
TK-000802,Fallas de hardware,Fallas de hardware
TK-000803,Fallas de hardware,Fallas de hardware
TK-000804,Solicitudes rutinarias,Solicitudes rutinarias
TK-000805,Solicitudes rutinarias,Solicitudes rutinarias
TK-000806,Errores recurrentes de software/ERP,Errores recurrentes de software/ERP
TK-000807,Errores recurrentes de software/ERP,Errores recurrentes de software/ERP
TK-000808,Solicitudes rutinarias,Solicitudes rutinarias
TK-000809,Errores recurrentes de software/ERP,Errores recurrentes de software/ERP
TK-000810,Solicitudes rutinarias,Solicitudes rutinarias
TK-000811,Fallas de hardware,Fallas de hardware
TK-000812,Fallas de hardware,Errores recurrentes de software/ERP
TK-000813,Solicitudes rutinarias,Solicitudes rutinarias
TK-000814,Solicitudes rutinarias,Solicitudes rutinarias
TK-000815,Solicitudes rutinarias,Solicitudes rutinarias
TK-000816,Solicitudes rutinarias,Solicitudes rutinarias
TK-000817,Solicitudes rutinarias,Solicitudes rutinarias
TK-000818,Fallas de hardware,Fallas de hardware
TK-000819,Incidentes de seguridad,Incidentes de seguridad
TK-000820,Solicitudes rutinarias,Solicitudes rutinarias
TK-000821,Solicitudes rutinarias,Solicitudes rutinarias
TK-000822,Solicitudes rutinarias,Solicitudes rutinarias
TK-000823,Solicitudes rutinarias,Solicitudes rutinarias
TK-000824,Errores recurrentes de software/ERP,Errores recurrentes de software/ERP
TK-000825,Errores recurrentes de software/ERP,Errores recurrentes de software/ERP
TK-000826,Solicitudes rutinarias,Solicitudes rutinarias
TK-000827,Incidentes de seguridad,Incidentes críticos de red
TK-000828,Errores recurrentes de software/ERP,Errores recurrentes de software/ERP
TK-000829,Solicitudes rutinarias,Solicitudes rutinarias
TK-000830,Solicitudes rutinarias,Solicitudes rutinarias
TK-000831,Errores recurrentes de software/ERP,Errores recurrentes de software/ERP
TK-000832,Errores recurrentes de software/ERP,Casos crónicos
TK-000833,Solicitudes rutinarias,Solicitudes rutinarias
TK-000834,Incidentes críticos de red,Incidentes críticos de red
TK-000835,Solicitudes rutinarias,Solicitudes rutinarias
TK-000836,Solicitudes rutinarias,Fallas de hardware
TK-000837,Fallas de hardware,Fallas de hardware
TK-000838,Fallas de hardware,Fallas de hardware
TK-000839,Solicitudes rutinarias,Errores recurrentes de software/ERP
TK-000840,Solicitudes rutinarias,Solicitudes rutinarias
TK-000841,Solicitudes rutinarias,Solicitudes rutinarias
TK-000842,Fallas de hardware,Fallas de hardware
TK-000843,Fallas de hardware,Fallas de hardware
TK-000844,Solicitudes rutinarias,Solicitudes rutinarias
TK-000845,Solicitudes rutinarias,Solicitudes rutinarias
TK-000846,Fallas de hardware,Fallas de hardware
TK-000847,Fallas de hardware,Fallas de hardware
TK-000848,Fallas de hardware,Fallas de hardware
TK-000849,Fallas de hardware,Fallas de hardware
TK-000850,Solicitudes rutinarias,Solicitudes rutinarias
TK-000851,Solicitudes rutinarias,Solicitudes rutinarias
TK-000852,Solicitudes rutinarias,Solicitudes rutinarias
TK-000853,Errores recurrentes de software/ERP,Errores recurrentes de software/ERP
TK-000854,Solicitudes rutinarias,Solicitudes rutinarias
TK-000855,Solicitudes rutinarias,Solicitudes rutinarias
TK-000856,Solicitudes rutinarias,Solicitudes rutinarias
TK-000857,Incidentes críticos de red,Incidentes críticos de red
TK-000858,Errores recurrentes de software/ERP,Errores recurrentes de software/ERP
TK-000859,Errores recurrentes de software/ERP,Errores recurrentes de software/ERP
TK-000860,Incidentes críticos de red,Incidentes críticos de red
TK-000861,Errores recurrentes de software/ERP,Errores recurrentes de software/ERP
TK-000862,Solicitudes rutinarias,Solicitudes rutinarias
TK-000863,Fallas de hardware,Fallas de hardware
TK-000864,Fallas de hardware,Fallas de hardware
TK-000865,Errores recurrentes de software/ERP,Errores recurrentes de software/ERP
TK-000866,Incidentes de seguridad,Incidentes de seguridad
TK-000867,Solicitudes rutinarias,Solicitudes rutinarias
TK-000868,Solicitudes rutinarias,Solicitudes rutinarias
TK-000869,Errores recurrentes de software/ERP,Errores recurrentes de software/ERP
TK-000870,Solicitudes rutinarias,Solicitudes rutinarias
TK-000871,Fallas de hardware,Fallas de hardware
TK-000872,Solicitudes rutinarias,Solicitudes rutinarias
TK-000873,Errores recurrentes de software/ERP,Errores recurrentes de software/ERP
TK-000874,Fallas de hardware,Solicitudes rutinarias
TK-000875,Casos crónicos,Casos crónicos
TK-000876,Errores recurrentes de software/ERP,Errores recurrentes de software/ERP
TK-000877,Solicitudes rutinarias,Solicitudes rutinarias
TK-000878,Solicitudes rutinarias,Solicitudes rutinarias
TK-000879,Incidentes de seguridad,Incidentes de seguridad
TK-000880,Fallas de hardware,Fallas de hardware
TK-000881,Solicitudes rutinarias,Solicitudes rutinarias
TK-000882,Solicitudes rutinarias,Solicitudes rutinarias
TK-000883,Solicitudes rutinarias,Solicitudes rutinarias
TK-000884,Incidentes críticos de red,Incidentes críticos de red
TK-000885,Solicitudes rutinarias,Solicitudes rutinarias
TK-000886,Errores recurrentes de software/ERP,Errores recurrentes de software/ERP
TK-000887,Fallas de hardware,Errores recurrentes de software/ERP
TK-000888,Fallas de hardware,Fallas de hardware
TK-000889,Solicitudes rutinarias,Solicitudes rutinarias
TK-000890,Solicitudes rutinarias,Solicitudes rutinarias
TK-000891,Errores recurrentes de software/ERP,Errores recurrentes de software/ERP
TK-000892,Solicitudes rutinarias,Solicitudes rutinarias
TK-000893,Fallas de hardware,Fallas de hardware
TK-000894,Incidentes críticos de red,Incidentes críticos de red
TK-000895,Solicitudes rutinarias,Solicitudes rutinarias
TK-000896,Fallas de hardware,Fallas de hardware
TK-000897,Fallas de hardware,Fallas de hardware
TK-000898,Fallas de hardware,Fallas de hardware
TK-000899,Errores recurrentes de software/ERP,Errores recurrentes de software/ERP
TK-000900,Incidentes de seguridad,Incidentes de seguridad
TK-000901,Errores recurrentes de software/ERP,Errores recurrentes de software/ERP
TK-000902,Solicitudes rutinarias,Solicitudes rutinarias
TK-000903,Solicitudes rutinarias,Solicitudes rutinarias
TK-000904,Incidentes de seguridad,Incidentes de seguridad
TK-000905,Solicitudes rutinarias,Solicitudes rutinarias
TK-000906,Solicitudes rutinarias,Solicitudes rutinarias
TK-000907,Incidentes de seguridad,Incidentes de seguridad
TK-000908,Fallas de hardware,Solicitudes rutinarias
TK-000909,Solicitudes rutinarias,Solicitudes rutinarias
TK-000910,Fallas de hardware,Errores recurrentes de software/ERP
TK-000911,Solicitudes rutinarias,Errores recurrentes de software/ERP
TK-000912,Errores recurrentes de software/ERP,Errores recurrentes de software/ERP
TK-000913,Solicitudes rutinarias,Solicitudes rutinarias
TK-000914,Fallas de hardware,Solicitudes rutinarias
TK-000915,Solicitudes rutinarias,Solicitudes rutinarias
TK-000916,Solicitudes rutinarias,Solicitudes rutinarias
TK-000917,Solicitudes rutinarias,Solicitudes rutinarias
TK-000918,Errores recurrentes de software/ERP,Errores recurrentes de software/ERP
TK-000919,Solicitudes rutinarias,Solicitudes rutinarias
TK-000920,Solicitudes rutinarias,Solicitudes rutinarias
TK-000921,Solicitudes rutinarias,Solicitudes rutinarias
TK-000922,Solicitudes rutinarias,Solicitudes rutinarias
TK-000923,Fallas de hardware,Fallas de hardware
TK-000924,Solicitudes rutinarias,Solicitudes rutinarias
TK-000925,Casos crónicos,Casos crónicos
TK-000926,Solicitudes rutinarias,Solicitudes rutinarias
TK-000927,Solicitudes rutinarias,Errores recurrentes de software/ERP
TK-000928,Solicitudes rutinarias,Solicitudes rutinarias
TK-000929,Solicitudes rutinarias,Solicitudes rutinarias
TK-000930,Errores recurrentes de software/ERP,Errores recurrentes de software/ERP
TK-000931,Solicitudes rutinarias,Solicitudes rutinarias
TK-000932,Errores recurrentes de software/ERP,Casos crónicos
TK-000933,Solicitudes rutinarias,Solicitudes rutinarias
TK-000934,Fallas de hardware,Fallas de hardware
TK-000935,Solicitudes rutinarias,Solicitudes rutinarias
TK-000936,Solicitudes rutinarias,Solicitudes rutinarias
TK-000937,Incidentes críticos de red,Incidentes críticos de red
TK-000938,Incidentes críticos de red,Incidentes críticos de red
TK-000939,Solicitudes rutinarias,Errores recurrentes de software/ERP
TK-000940,Incidentes de seguridad,Incidentes de seguridad
TK-000941,Solicitudes rutinarias,Solicitudes rutinarias
TK-000942,Errores recurrentes de software/ERP,Errores recurrentes de software/ERP
TK-000943,Incidentes de seguridad,Incidentes de seguridad
TK-000944,Solicitudes rutinarias,Solicitudes rutinarias
TK-000945,Incidentes de seguridad,Incidentes de seguridad
TK-000946,Solicitudes rutinarias,Solicitudes rutinarias
TK-000947,Fallas de hardware,Solicitudes rutinarias
TK-000948,Incidentes críticos de red,Incidentes críticos de red
TK-000949,Incidentes de seguridad,Incidentes de seguridad
TK-000950,Incidentes de seguridad,Incidentes de seguridad
TK-000951,Fallas de hardware,Fallas de hardware
TK-000952,Solicitudes rutinarias,Solicitudes rutinarias
TK-000953,Errores recurrentes de software/ERP,Errores recurrentes de software/ERP
TK-000954,Errores recurrentes de software/ERP,Errores recurrentes de software/ERP
TK-000955,Errores recurrentes de software/ERP,Errores recurrentes de software/ERP
TK-000956,Fallas de hardware,Fallas de hardware
TK-000957,Fallas de hardware,Solicitudes rutinarias
TK-000958,Solicitudes rutinarias,Solicitudes rutinarias
TK-000959,Solicitudes rutinarias,Solicitudes rutinarias
TK-000960,Incidentes de seguridad,Incidentes de seguridad
TK-000961,Solicitudes rutinarias,Solicitudes rutinarias
TK-000962,Incidentes críticos de red,Incidentes críticos de red
TK-000963,Solicitudes rutinarias,Solicitudes rutinarias
TK-000964,Fallas de hardware,Fallas de hardware
TK-000965,Errores recurrentes de software/ERP,Errores recurrentes de software/ERP
TK-000966,Solicitudes rutinarias,Errores recurrentes de software/ERP
TK-000967,Incidentes críticos de red,Incidentes críticos de red
TK-000968,Fallas de hardware,Errores recurrentes de software/ERP
TK-000969,Fallas de hardware,Fallas de hardware
TK-000970,Incidentes de seguridad,Incidentes de seguridad
TK-000971,Solicitudes rutinarias,Solicitudes rutinarias
TK-000972,Fallas de hardware,Fallas de hardware
TK-000973,Incidentes críticos de red,Incidentes críticos de red
TK-000974,Solicitudes rutinarias,Solicitudes rutinarias
TK-000975,Fallas de hardware,Fallas de hardware
TK-000976,Solicitudes rutinarias,Fallas de hardware
TK-000977,Solicitudes rutinarias,Solicitudes rutinarias
TK-000978,Solicitudes rutinarias,Solicitudes rutinarias
TK-000979,Fallas de hardware,Fallas de hardware
TK-000980,Solicitudes rutinarias,Errores recurrentes de software/ERP
TK-000981,Solicitudes rutinarias,Solicitudes rutinarias
TK-000982,Fallas de hardware,Fallas de hardware
TK-000983,Errores recurrentes de software/ERP,Errores recurrentes de software/ERP
TK-000984,Incidentes críticos de red,Incidentes críticos de red
TK-000985,Solicitudes rutinarias,Solicitudes rutinarias
TK-000986,Errores recurrentes de software/ERP,Errores recurrentes de software/ERP
TK-000987,Solicitudes rutinarias,Solicitudes rutinarias
TK-000988,Fallas de hardware,Fallas de hardware
TK-000989,Solicitudes rutinarias,Solicitudes rutinarias
TK-000990,Solicitudes rutinarias,Fallas de hardware
TK-000991,Incidentes críticos de red,Incidentes críticos de red
TK-000992,Casos crónicos,Casos crónicos
TK-000993,Incidentes de seguridad,Incidentes de seguridad
TK-000994,Fallas de hardware,Errores recurrentes de software/ERP
TK-000995,Incidentes de seguridad,Incidentes de seguridad
TK-000996,Incidentes críticos de red,Incidentes críticos de red
TK-000997,Solicitudes rutinarias,Solicitudes rutinarias
TK-000998,Incidentes de seguridad,Incidentes de seguridad
TK-000999,Solicitudes rutinarias,Solicitudes rutinarias
TK-001000,Solicitudes rutinarias,Errores recurrentes de software/ERP
TK-001001,Solicitudes rutinarias,Errores recurrentes de software/ERP
TK-001002,Errores recurrentes de software/ERP,Errores recurrentes de software/ERP
TK-001003,Errores recurrentes de software/ERP,Errores recurrentes de software/ERP
TK-001004,Solicitudes rutinarias,Solicitudes rutinarias
TK-001005,Errores recurrentes de software/ERP,Solicitudes rutinarias
TK-001006,Incidentes críticos de red,Incidentes críticos de red
TK-001007,Solicitudes rutinarias,Solicitudes rutinarias
TK-001008,Solicitudes rutinarias,Solicitudes rutinarias
TK-001009,Solicitudes rutinarias,Solicitudes rutinarias
TK-001010,Errores recurrentes de software/ERP,Errores recurrentes de software/ERP
TK-001011,Solicitudes rutinarias,Fallas de hardware
TK-001012,Errores recurrentes de software/ERP,Errores recurrentes de software/ERP
TK-001013,Fallas de hardware,Fallas de hardware
TK-001014,Solicitudes rutinarias,Fallas de hardware
TK-001015,Fallas de hardware,Fallas de hardware
TK-001016,Fallas de hardware,Errores recurrentes de software/ERP
TK-001017,Incidentes de seguridad,Incidentes de seguridad
TK-001018,Solicitudes rutinarias,Solicitudes rutinarias
TK-001019,Incidentes de seguridad,Incidentes de seguridad
TK-001020,Incidentes de seguridad,Incidentes de seguridad
TK-001021,Solicitudes rutinarias,Solicitudes rutinarias
TK-001022,Errores recurrentes de software/ERP,Errores recurrentes de software/ERP
TK-001023,Solicitudes rutinarias,Solicitudes rutinarias
TK-001024,Solicitudes rutinarias,Solicitudes rutinarias
TK-001025,Incidentes críticos de red,Incidentes críticos de red
TK-001026,Solicitudes rutinarias,Solicitudes rutinarias
TK-001027,Incidentes de seguridad,Incidentes de seguridad
TK-001028,Errores recurrentes de software/ERP,Errores recurrentes de software/ERP
TK-001029,Fallas de hardware,Fallas de hardware
TK-001030,Fallas de hardware,Fallas de hardware
TK-001031,Errores recurrentes de software/ERP,Errores recurrentes de software/ERP
TK-001032,Fallas de hardware,Fallas de hardware
TK-001033,Incidentes de seguridad,Incidentes de seguridad
TK-001034,Incidentes de seguridad,Incidentes de seguridad
TK-001035,Solicitudes rutinarias,Solicitudes rutinarias
TK-001036,Solicitudes rutinarias,Fallas de hardware
TK-001037,Incidentes de seguridad,Incidentes críticos de red
TK-001038,Solicitudes rutinarias,Errores recurrentes de software/ERP
TK-001039,Solicitudes rutinarias,Solicitudes rutinarias
TK-001040,Solicitudes rutinarias,Solicitudes rutinarias
TK-001041,Incidentes críticos de red,Incidentes de seguridad
TK-001042,Solicitudes rutinarias,Solicitudes rutinarias
TK-001043,Fallas de hardware,Fallas de hardware
TK-001044,Incidentes de seguridad,Incidentes de seguridad
TK-001045,Incidentes de seguridad,Incidentes de seguridad
TK-001046,Incidentes críticos de red,Incidentes críticos de red
TK-001047,Errores recurrentes de software/ERP,Errores recurrentes de software/ERP
TK-001048,Errores recurrentes de software/ERP,Errores recurrentes de software/ERP
TK-001049,Solicitudes rutinarias,Solicitudes rutinarias
TK-001050,Solicitudes rutinarias,Solicitudes rutinarias
TK-001051,Solicitudes rutinarias,Solicitudes rutinarias
TK-001052,Solicitudes rutinarias,Solicitudes rutinarias
TK-001053,Solicitudes rutinarias,Solicitudes rutinarias
TK-001054,Solicitudes rutinarias,Fallas de hardware
TK-001055,Solicitudes rutinarias,Solicitudes rutinarias
TK-001056,Solicitudes rutinarias,Solicitudes rutinarias
TK-001057,Solicitudes rutinarias,Solicitudes rutinarias
TK-001058,Fallas de hardware,Fallas de hardware
TK-001059,Errores recurrentes de software/ERP,Errores recurrentes de software/ERP
TK-001060,Solicitudes rutinarias,Fallas de hardware
TK-001061,Solicitudes rutinarias,Solicitudes rutinarias
TK-001062,Incidentes de seguridad,Incidentes de seguridad
TK-001063,Solicitudes rutinarias,Solicitudes rutinarias
TK-001064,Incidentes de seguridad,Incidentes de seguridad
TK-001065,Solicitudes rutinarias,Solicitudes rutinarias
TK-001066,Solicitudes rutinarias,Solicitudes rutinarias
TK-001067,Solicitudes rutinarias,Solicitudes rutinarias
TK-001068,Solicitudes rutinarias,Solicitudes rutinarias
TK-001069,Errores recurrentes de software/ERP,Errores recurrentes de software/ERP
TK-001070,Errores recurrentes de software/ERP,Casos crónicos
TK-001071,Fallas de hardware,Fallas de hardware
TK-001072,Solicitudes rutinarias,Solicitudes rutinarias
TK-001073,Errores recurrentes de software/ERP,Errores recurrentes de software/ERP
TK-001074,Fallas de hardware,Fallas de hardware
TK-001075,Solicitudes rutinarias,Solicitudes rutinarias
TK-001076,Casos crónicos,Casos crónicos
TK-001077,Fallas de hardware,Fallas de hardware
TK-001078,Solicitudes rutinarias,Solicitudes rutinarias
TK-001079,Solicitudes rutinarias,Solicitudes rutinarias
TK-001080,Fallas de hardware,Fallas de hardware
TK-001081,Incidentes críticos de red,Incidentes críticos de red
TK-001082,Incidentes críticos de red,Incidentes críticos de red
TK-001083,Errores recurrentes de software/ERP,Errores recurrentes de software/ERP
TK-001084,Errores recurrentes de software/ERP,Errores recurrentes de software/ERP
TK-001085,Solicitudes rutinarias,Solicitudes rutinarias
TK-001086,Solicitudes rutinarias,Solicitudes rutinarias
TK-001087,Incidentes críticos de red,Incidentes críticos de red
TK-001088,Errores recurrentes de software/ERP,Errores recurrentes de software/ERP
TK-001089,Incidentes de seguridad,Incidentes de seguridad
TK-001090,Incidentes de seguridad,Incidentes de seguridad
TK-001091,Errores recurrentes de software/ERP,Errores recurrentes de software/ERP
TK-001092,Errores recurrentes de software/ERP,Errores recurrentes de software/ERP
TK-001093,Incidentes de seguridad,Incidentes de seguridad
TK-001094,Solicitudes rutinarias,Solicitudes rutinarias
TK-001095,Solicitudes rutinarias,Solicitudes rutinarias
TK-001096,Casos crónicos,Casos crónicos
TK-001097,Solicitudes rutinarias,Solicitudes rutinarias
TK-001098,Fallas de hardware,Fallas de hardware
TK-001099,Solicitudes rutinarias,Solicitudes rutinarias
TK-001100,Errores recurrentes de software/ERP,Errores recurrentes de software/ERP
TK-001101,Errores recurrentes de software/ERP,Errores recurrentes de software/ERP
TK-001102,Fallas de hardware,Fallas de hardware
TK-001103,Solicitudes rutinarias,Solicitudes rutinarias
TK-001104,Solicitudes rutinarias,Solicitudes rutinarias
TK-001105,Incidentes críticos de red,Incidentes críticos de red
TK-001106,Solicitudes rutinarias,Solicitudes rutinarias
TK-001107,Errores recurrentes de software/ERP,Errores recurrentes de software/ERP
TK-001108,Solicitudes rutinarias,Errores recurrentes de software/ERP
TK-001109,Solicitudes rutinarias,Solicitudes rutinarias
TK-001110,Fallas de hardware,Fallas de hardware
TK-001111,Solicitudes rutinarias,Solicitudes rutinarias
TK-001112,Errores recurrentes de software/ERP,Errores recurrentes de software/ERP
TK-001113,Solicitudes rutinarias,Solicitudes rutinarias
TK-001114,Incidentes de seguridad,Incidentes de seguridad
TK-001115,Solicitudes rutinarias,Solicitudes rutinarias
TK-001116,Solicitudes rutinarias,Solicitudes rutinarias
TK-001117,Errores recurrentes de software/ERP,Casos crónicos
TK-001118,Solicitudes rutinarias,Fallas de hardware
TK-001119,Solicitudes rutinarias,Solicitudes rutinarias
TK-001120,Errores recurrentes de software/ERP,Errores recurrentes de software/ERP
TK-001121,Solicitudes rutinarias,Fallas de hardware
TK-001122,Errores recurrentes de software/ERP,Errores recurrentes de software/ERP
TK-001123,Incidentes de seguridad,Incidentes de seguridad
TK-001124,Solicitudes rutinarias,Solicitudes rutinarias
TK-001125,Incidentes de seguridad,Incidentes de seguridad
TK-001126,Incidentes críticos de red,Incidentes críticos de red
TK-001127,Solicitudes rutinarias,Errores recurrentes de software/ERP
TK-001128,Fallas de hardware,Fallas de hardware
TK-001129,Solicitudes rutinarias,Solicitudes rutinarias
TK-001130,Errores recurrentes de software/ERP,Solicitudes rutinarias
TK-001131,Errores recurrentes de software/ERP,Errores recurrentes de software/ERP
TK-001132,Solicitudes rutinarias,Solicitudes rutinarias
TK-001133,Incidentes de seguridad,Incidentes de seguridad
TK-001134,Solicitudes rutinarias,Solicitudes rutinarias
TK-001135,Solicitudes rutinarias,Solicitudes rutinarias
TK-001136,Solicitudes rutinarias,Solicitudes rutinarias
TK-001137,Solicitudes rutinarias,Solicitudes rutinarias
TK-001138,Solicitudes rutinarias,Solicitudes rutinarias
TK-001139,Errores recurrentes de software/ERP,Errores recurrentes de software/ERP
TK-001140,Solicitudes rutinarias,Solicitudes rutinarias
TK-001141,Incidentes de seguridad,Incidentes de seguridad
TK-001142,Errores recurrentes de software/ERP,Errores recurrentes de software/ERP
TK-001143,Errores recurrentes de software/ERP,Errores recurrentes de software/ERP
TK-001144,Solicitudes rutinarias,Solicitudes rutinarias
TK-001145,Errores recurrentes de software/ERP,Errores recurrentes de software/ERP
TK-001146,Casos crónicos,Casos crónicos
TK-001147,Errores recurrentes de software/ERP,Solicitudes rutinarias
TK-001148,Solicitudes rutinarias,Solicitudes rutinarias
TK-001149,Errores recurrentes de software/ERP,Errores recurrentes de software/ERP
TK-001150,Errores recurrentes de software/ERP,Solicitudes rutinarias
TK-001151,Solicitudes rutinarias,Solicitudes rutinarias
TK-001152,Solicitudes rutinarias,Solicitudes rutinarias
TK-001153,Solicitudes rutinarias,Solicitudes rutinarias
TK-001154,Incidentes de seguridad,Incidentes de seguridad
TK-001155,Errores recurrentes de software/ERP,Errores recurrentes de software/ERP
TK-001156,Solicitudes rutinarias,Solicitudes rutinarias
TK-001157,Solicitudes rutinarias,Solicitudes rutinarias
TK-001158,Solicitudes rutinarias,Solicitudes rutinarias
TK-001159,Incidentes de seguridad,Solicitudes rutinarias
TK-001160,Errores recurrentes de software/ERP,Errores recurrentes de software/ERP
TK-001161,Incidentes críticos de red,Incidentes críticos de red
TK-001162,Solicitudes rutinarias,Solicitudes rutinarias
TK-001163,Incidentes críticos de red,Incidentes críticos de red
TK-001164,Solicitudes rutinarias,Solicitudes rutinarias
TK-001165,Solicitudes rutinarias,Errores recurrentes de software/ERP
TK-001166,Solicitudes rutinarias,Solicitudes rutinarias
TK-001167,Solicitudes rutinarias,Errores recurrentes de software/ERP
TK-001168,Solicitudes rutinarias,Solicitudes rutinarias
TK-001169,Casos crónicos,Casos crónicos
TK-001170,Solicitudes rutinarias,Solicitudes rutinarias
TK-001171,Fallas de hardware,Solicitudes rutinarias
TK-001172,Errores recurrentes de software/ERP,Errores recurrentes de software/ERP
TK-001173,Incidentes de seguridad,Incidentes de seguridad
TK-001174,Solicitudes rutinarias,Solicitudes rutinarias
TK-001175,Solicitudes rutinarias,Solicitudes rutinarias
TK-001176,Solicitudes rutinarias,Solicitudes rutinarias
TK-001177,Incidentes críticos de red,Incidentes críticos de red
TK-001178,Errores recurrentes de software/ERP,Errores recurrentes de software/ERP
TK-001179,Solicitudes rutinarias,Solicitudes rutinarias
TK-001180,Solicitudes rutinarias,Solicitudes rutinarias
TK-001181,Solicitudes rutinarias,Fallas de hardware
TK-001182,Incidentes críticos de red,Incidentes críticos de red
TK-001183,Incidentes críticos de red,Incidentes críticos de red
TK-001184,Fallas de hardware,Fallas de hardware
TK-001185,Errores recurrentes de software/ERP,Errores recurrentes de software/ERP
TK-001186,Fallas de hardware,Errores recurrentes de software/ERP
TK-001187,Fallas de hardware,Fallas de hardware
TK-001188,Errores recurrentes de software/ERP,Errores recurrentes de software/ERP
TK-001189,Solicitudes rutinarias,Solicitudes rutinarias
TK-001190,Solicitudes rutinarias,Solicitudes rutinarias
TK-001191,Errores recurrentes de software/ERP,Errores recurrentes de software/ERP
TK-001192,Casos crónicos,Incidentes críticos de red
TK-001193,Solicitudes rutinarias,Solicitudes rutinarias
TK-001194,Fallas de hardware,Fallas de hardware
TK-001195,Fallas de hardware,Fallas de hardware
TK-001196,Solicitudes rutinarias,Solicitudes rutinarias
TK-001197,Solicitudes rutinarias,Solicitudes rutinarias
TK-001198,Fallas de hardware,Fallas de hardware
TK-001199,Fallas de hardware,Fallas de hardware
TK-001200,Solicitudes rutinarias,Solicitudes rutinarias
TK-001201,Solicitudes rutinarias,Solicitudes rutinarias
TK-001202,Fallas de hardware,Errores recurrentes de software/ERP
TK-001203,Solicitudes rutinarias,Solicitudes rutinarias
TK-001204,Solicitudes rutinarias,Solicitudes rutinarias
TK-001205,Casos crónicos,Errores recurrentes de software/ERP
TK-001206,Incidentes de seguridad,Incidentes de seguridad
TK-001207,Errores recurrentes de software/ERP,Errores recurrentes de software/ERP
TK-001208,Fallas de hardware,Fallas de hardware
TK-001209,Incidentes de seguridad,Incidentes de seguridad
TK-001210,Fallas de hardware,Fallas de hardware
TK-001211,Solicitudes rutinarias,Solicitudes rutinarias
TK-001212,Solicitudes rutinarias,Solicitudes rutinarias
TK-001213,Errores recurrentes de software/ERP,Errores recurrentes de software/ERP
TK-001214,Fallas de hardware,Fallas de hardware
TK-001215,Solicitudes rutinarias,Solicitudes rutinarias
TK-001216,Fallas de hardware,Fallas de hardware
TK-001217,Fallas de hardware,Fallas de hardware
TK-001218,Errores recurrentes de software/ERP,Errores recurrentes de software/ERP
TK-001219,Incidentes críticos de red,Incidentes críticos de red
TK-001220,Fallas de hardware,Fallas de hardware
TK-001221,Fallas de hardware,Fallas de hardware
TK-001222,Casos crónicos,Casos crónicos
TK-001223,Solicitudes rutinarias,Solicitudes rutinarias
TK-001224,Solicitudes rutinarias,Solicitudes rutinarias
TK-001225,Errores recurrentes de software/ERP,Errores recurrentes de software/ERP
TK-001226,Solicitudes rutinarias,Solicitudes rutinarias
TK-001227,Solicitudes rutinarias,Errores recurrentes de software/ERP
TK-001228,Solicitudes rutinarias,Solicitudes rutinarias
TK-001229,Errores recurrentes de software/ERP,Errores recurrentes de software/ERP
TK-001230,Incidentes de seguridad,Incidentes de seguridad
TK-001231,Fallas de hardware,Fallas de hardware
TK-001232,Incidentes de seguridad,Incidentes de seguridad
TK-001233,Solicitudes rutinarias,Solicitudes rutinarias
TK-001234,Errores recurrentes de software/ERP,Errores recurrentes de software/ERP
TK-001235,Errores recurrentes de software/ERP,Errores recurrentes de software/ERP
TK-001236,Incidentes críticos de red,Incidentes críticos de red
TK-001237,Incidentes críticos de red,Incidentes críticos de red
TK-001238,Casos crónicos,Casos crónicos
TK-001239,Solicitudes rutinarias,Solicitudes rutinarias
TK-001240,Solicitudes rutinarias,Solicitudes rutinarias
TK-001241,Solicitudes rutinarias,Solicitudes rutinarias
TK-001242,Incidentes críticos de red,Errores recurrentes de software/ERP
TK-001243,Solicitudes rutinarias,Solicitudes rutinarias
TK-001244,Solicitudes rutinarias,Solicitudes rutinarias
TK-001245,Incidentes críticos de red,Incidentes críticos de red
TK-001246,Incidentes críticos de red,Incidentes críticos de red
TK-001247,Solicitudes rutinarias,Solicitudes rutinarias
TK-001248,Errores recurrentes de software/ERP,Errores recurrentes de software/ERP
TK-001249,Casos crónicos,Casos crónicos
TK-001250,Incidentes críticos de red,Incidentes críticos de red
TK-001251,Fallas de hardware,Fallas de hardware
TK-001252,Solicitudes rutinarias,Fallas de hardware
TK-001253,Errores recurrentes de software/ERP,Errores recurrentes de software/ERP
TK-001254,Casos crónicos,Casos crónicos
TK-001255,Errores recurrentes de software/ERP,Errores recurrentes de software/ERP
TK-001256,Solicitudes rutinarias,Solicitudes rutinarias
TK-001257,Solicitudes rutinarias,Solicitudes rutinarias
TK-001258,Fallas de hardware,Fallas de hardware
TK-001259,Solicitudes rutinarias,Solicitudes rutinarias
TK-001260,Solicitudes rutinarias,Fallas de hardware
TK-001261,Errores recurrentes de software/ERP,Errores recurrentes de software/ERP
TK-001262,Incidentes críticos de red,Incidentes críticos de red
TK-001263,Incidentes críticos de red,Incidentes críticos de red
TK-001264,Incidentes de seguridad,Incidentes críticos de red
TK-001265,Solicitudes rutinarias,Solicitudes rutinarias
TK-001266,Fallas de hardware,Fallas de hardware
TK-001267,Solicitudes rutinarias,Solicitudes rutinarias
TK-001268,Solicitudes rutinarias,Solicitudes rutinarias
TK-001269,Errores recurrentes de software/ERP,Errores recurrentes de software/ERP
TK-001270,Incidentes críticos de red,Incidentes críticos de red
TK-001271,Solicitudes rutinarias,Solicitudes rutinarias
TK-001272,Errores recurrentes de software/ERP,Errores recurrentes de software/ERP
TK-001273,Solicitudes rutinarias,Solicitudes rutinarias
TK-001274,Solicitudes rutinarias,Solicitudes rutinarias
TK-001275,Errores recurrentes de software/ERP,Errores recurrentes de software/ERP
TK-001276,Solicitudes rutinarias,Solicitudes rutinarias
TK-001277,Errores recurrentes de software/ERP,Solicitudes rutinarias
TK-001278,Errores recurrentes de software/ERP,Errores recurrentes de software/ERP
TK-001279,Fallas de hardware,Fallas de hardware
TK-001280,Solicitudes rutinarias,Solicitudes rutinarias
TK-001281,Casos crónicos,Casos crónicos
TK-001282,Solicitudes rutinarias,Solicitudes rutinarias
TK-001283,Casos crónicos,Casos crónicos
TK-001284,Solicitudes rutinarias,Solicitudes rutinarias
TK-001285,Incidentes de seguridad,Incidentes de seguridad
TK-001286,Fallas de hardware,Errores recurrentes de software/ERP
TK-001287,Solicitudes rutinarias,Solicitudes rutinarias
TK-001288,Errores recurrentes de software/ERP,Errores recurrentes de software/ERP
TK-001289,Solicitudes rutinarias,Solicitudes rutinarias
TK-001290,Solicitudes rutinarias,Solicitudes rutinarias
TK-001291,Incidentes de seguridad,Incidentes de seguridad
TK-001292,Solicitudes rutinarias,Solicitudes rutinarias
TK-001293,Solicitudes rutinarias,Solicitudes rutinarias
TK-001294,Incidentes de seguridad,Solicitudes rutinarias
TK-001295,Errores recurrentes de software/ERP,Errores recurrentes de software/ERP
TK-001296,Errores recurrentes de software/ERP,Errores recurrentes de software/ERP
TK-001297,Solicitudes rutinarias,Solicitudes rutinarias
TK-001298,Fallas de hardware,Fallas de hardware
TK-001299,Solicitudes rutinarias,Solicitudes rutinarias
TK-001300,Solicitudes rutinarias,Errores recurrentes de software/ERP
TK-001301,Solicitudes rutinarias,Solicitudes rutinarias
TK-001302,Solicitudes rutinarias,Solicitudes rutinarias
TK-001303,Solicitudes rutinarias,Solicitudes rutinarias
TK-001304,Solicitudes rutinarias,Errores recurrentes de software/ERP
TK-001305,Solicitudes rutinarias,Solicitudes rutinarias
TK-001306,Solicitudes rutinarias,Solicitudes rutinarias
TK-001307,Errores recurrentes de software/ERP,Errores recurrentes de software/ERP
TK-001308,Solicitudes rutinarias,Solicitudes rutinarias
TK-001309,Errores recurrentes de software/ERP,Errores recurrentes de software/ERP
TK-001310,Fallas de hardware,Fallas de hardware
TK-001311,Solicitudes rutinarias,Solicitudes rutinarias
TK-001312,Solicitudes rutinarias,Solicitudes rutinarias
TK-001313,Solicitudes rutinarias,Solicitudes rutinarias
TK-001314,Incidentes críticos de red,Incidentes críticos de red
TK-001315,Solicitudes rutinarias,Errores recurrentes de software/ERP
TK-001316,Solicitudes rutinarias,Solicitudes rutinarias
TK-001317,Errores recurrentes de software/ERP,Errores recurrentes de software/ERP
TK-001318,Incidentes de seguridad,Incidentes de seguridad
TK-001319,Incidentes de seguridad,Incidentes de seguridad
TK-001320,Errores recurrentes de software/ERP,Errores recurrentes de software/ERP
TK-001321,Solicitudes rutinarias,Solicitudes rutinarias
TK-001322,Solicitudes rutinarias,Solicitudes rutinarias
TK-001323,Solicitudes rutinarias,Solicitudes rutinarias
TK-001324,Fallas de hardware,Fallas de hardware
TK-001325,Fallas de hardware,Fallas de hardware
TK-001326,Errores recurrentes de software/ERP,Errores recurrentes de software/ERP
TK-001327,Solicitudes rutinarias,Solicitudes rutinarias
TK-001328,Solicitudes rutinarias,Solicitudes rutinarias
TK-001329,Solicitudes rutinarias,Errores recurrentes de software/ERP
TK-001330,Solicitudes rutinarias,Solicitudes rutinarias
TK-001331,Fallas de hardware,Fallas de hardware
TK-001332,Incidentes de seguridad,Incidentes de seguridad
TK-001333,Errores recurrentes de software/ERP,Errores recurrentes de software/ERP
TK-001334,Incidentes críticos de red,Incidentes de seguridad
TK-001335,Solicitudes rutinarias,Solicitudes rutinarias
TK-001336,Incidentes de seguridad,Incidentes de seguridad
TK-001337,Fallas de hardware,Fallas de hardware
TK-001338,Solicitudes rutinarias,Solicitudes rutinarias
TK-001339,Incidentes críticos de red,Incidentes críticos de red
TK-001340,Solicitudes rutinarias,Solicitudes rutinarias
TK-001341,Incidentes de seguridad,Incidentes de seguridad
TK-001342,Errores recurrentes de software/ERP,Errores recurrentes de software/ERP
TK-001343,Fallas de hardware,Fallas de hardware
TK-001344,Solicitudes rutinarias,Solicitudes rutinarias
TK-001345,Solicitudes rutinarias,Solicitudes rutinarias
TK-001346,Solicitudes rutinarias,Fallas de hardware
TK-001347,Fallas de hardware,Fallas de hardware
TK-001348,Errores recurrentes de software/ERP,Errores recurrentes de software/ERP
TK-001349,Solicitudes rutinarias,Solicitudes rutinarias
TK-001350,Solicitudes rutinarias,Solicitudes rutinarias
TK-001351,Solicitudes rutinarias,Solicitudes rutinarias
TK-001352,Solicitudes rutinarias,Solicitudes rutinarias
TK-001353,Errores recurrentes de software/ERP,Casos crónicos
TK-001354,Solicitudes rutinarias,Solicitudes rutinarias
TK-001355,Incidentes de seguridad,Solicitudes rutinarias
TK-001356,Solicitudes rutinarias,Solicitudes rutinarias
TK-001357,Incidentes de seguridad,Incidentes de seguridad
TK-001358,Solicitudes rutinarias,Solicitudes rutinarias
TK-001359,Incidentes de seguridad,Incidentes de seguridad
TK-001360,Errores recurrentes de software/ERP,Errores recurrentes de software/ERP
TK-001361,Solicitudes rutinarias,Solicitudes rutinarias
TK-001362,Solicitudes rutinarias,Solicitudes rutinarias
TK-001363,Casos crónicos,Casos crónicos
TK-001364,Fallas de hardware,Fallas de hardware
TK-001365,Errores recurrentes de software/ERP,Errores recurrentes de software/ERP
TK-001366,Solicitudes rutinarias,Fallas de hardware
TK-001367,Solicitudes rutinarias,Solicitudes rutinarias
TK-001368,Solicitudes rutinarias,Solicitudes rutinarias
TK-001369,Solicitudes rutinarias,Fallas de hardware
TK-001370,Fallas de hardware,Solicitudes rutinarias
TK-001371,Errores recurrentes de software/ERP,Errores recurrentes de software/ERP
TK-001372,Incidentes de seguridad,Incidentes de seguridad
TK-001373,Errores recurrentes de software/ERP,Errores recurrentes de software/ERP
TK-001374,Solicitudes rutinarias,Solicitudes rutinarias
TK-001375,Solicitudes rutinarias,Solicitudes rutinarias
TK-001376,Incidentes de seguridad,Incidentes de seguridad
TK-001377,Solicitudes rutinarias,Solicitudes rutinarias
TK-001378,Solicitudes rutinarias,Solicitudes rutinarias
TK-001379,Incidentes críticos de red,Incidentes de seguridad
TK-001380,Errores recurrentes de software/ERP,Errores recurrentes de software/ERP
TK-001381,Fallas de hardware,Fallas de hardware
TK-001382,Incidentes de seguridad,Incidentes críticos de red
TK-001383,Solicitudes rutinarias,Solicitudes rutinarias
TK-001384,Casos crónicos,Casos crónicos
TK-001385,Solicitudes rutinarias,Solicitudes rutinarias
TK-001386,Solicitudes rutinarias,Solicitudes rutinarias
TK-001387,Solicitudes rutinarias,Solicitudes rutinarias
TK-001388,Solicitudes rutinarias,Solicitudes rutinarias
TK-001389,Fallas de hardware,Fallas de hardware
TK-001390,Fallas de hardware,Fallas de hardware
TK-001391,Casos crónicos,Casos crónicos
TK-001392,Errores recurrentes de software/ERP,Errores recurrentes de software/ERP
TK-001393,Solicitudes rutinarias,Solicitudes rutinarias
TK-001394,Errores recurrentes de software/ERP,Errores recurrentes de software/ERP
TK-001395,Solicitudes rutinarias,Solicitudes rutinarias
TK-001396,Fallas de hardware,Fallas de hardware
TK-001397,Solicitudes rutinarias,Solicitudes rutinarias
TK-001398,Solicitudes rutinarias,Solicitudes rutinarias
TK-001399,Errores recurrentes de software/ERP,Errores recurrentes de software/ERP
TK-001400,Casos crónicos,Casos crónicos
TK-001401,Incidentes de seguridad,Incidentes de seguridad
TK-001402,Solicitudes rutinarias,Solicitudes rutinarias
TK-001403,Solicitudes rutinarias,Solicitudes rutinarias
TK-001404,Solicitudes rutinarias,Solicitudes rutinarias
TK-001405,Errores recurrentes de software/ERP,Errores recurrentes de software/ERP
TK-001406,Solicitudes rutinarias,Solicitudes rutinarias
TK-001407,Solicitudes rutinarias,Solicitudes rutinarias
TK-001408,Solicitudes rutinarias,Solicitudes rutinarias
TK-001409,Fallas de hardware,Fallas de hardware
TK-001410,Errores recurrentes de software/ERP,Errores recurrentes de software/ERP
TK-001411,Fallas de hardware,Fallas de hardware
TK-001412,Solicitudes rutinarias,Fallas de hardware
TK-001413,Solicitudes rutinarias,Solicitudes rutinarias
TK-001414,Casos crónicos,Casos crónicos
TK-001415,Solicitudes rutinarias,Solicitudes rutinarias
TK-001416,Solicitudes rutinarias,Solicitudes rutinarias
TK-001417,Errores recurrentes de software/ERP,Errores recurrentes de software/ERP
TK-001418,Solicitudes rutinarias,Solicitudes rutinarias
TK-001419,Incidentes de seguridad,Incidentes de seguridad
TK-001420,Fallas de hardware,Fallas de hardware
TK-001421,Solicitudes rutinarias,Solicitudes rutinarias
TK-001422,Fallas de hardware,Fallas de hardware
TK-001423,Errores recurrentes de software/ERP,Errores recurrentes de software/ERP
TK-001424,Incidentes de seguridad,Incidentes de seguridad
TK-001425,Fallas de hardware,Solicitudes rutinarias
TK-001426,Solicitudes rutinarias,Solicitudes rutinarias
TK-001427,Solicitudes rutinarias,Solicitudes rutinarias
TK-001428,Errores recurrentes de software/ERP,Errores recurrentes de software/ERP
TK-001429,Solicitudes rutinarias,Solicitudes rutinarias
TK-001430,Fallas de hardware,Fallas de hardware
TK-001431,Incidentes críticos de red,Incidentes críticos de red
TK-001432,Solicitudes rutinarias,Solicitudes rutinarias
TK-001433,Casos crónicos,Casos crónicos
TK-001434,Errores recurrentes de software/ERP,Solicitudes rutinarias
TK-001435,Fallas de hardware,Fallas de hardware
TK-001436,Incidentes de seguridad,Incidentes de seguridad
TK-001437,Solicitudes rutinarias,Solicitudes rutinarias
TK-001438,Fallas de hardware,Fallas de hardware
TK-001439,Solicitudes rutinarias,Solicitudes rutinarias
TK-001440,Errores recurrentes de software/ERP,Errores recurrentes de software/ERP
TK-001441,Fallas de hardware,Fallas de hardware
TK-001442,Solicitudes rutinarias,Solicitudes rutinarias
TK-001443,Fallas de hardware,Fallas de hardware
TK-001444,Fallas de hardware,Fallas de hardware
TK-001445,Incidentes críticos de red,Incidentes críticos de red
TK-001446,Fallas de hardware,Fallas de hardware
TK-001447,Solicitudes rutinarias,Solicitudes rutinarias
TK-001448,Solicitudes rutinarias,Fallas de hardware
TK-001449,Errores recurrentes de software/ERP,Errores recurrentes de software/ERP
TK-001450,Fallas de hardware,Fallas de hardware
TK-001451,Solicitudes rutinarias,Solicitudes rutinarias
TK-001452,Solicitudes rutinarias,Solicitudes rutinarias
TK-001453,Casos crónicos,Casos crónicos
TK-001454,Solicitudes rutinarias,Solicitudes rutinarias
TK-001455,Solicitudes rutinarias,Solicitudes rutinarias
TK-001456,Incidentes de seguridad,Incidentes de seguridad
TK-001457,Incidentes de seguridad,Incidentes de seguridad
TK-001458,Solicitudes rutinarias,Fallas de hardware
TK-001459,Errores recurrentes de software/ERP,Solicitudes rutinarias
TK-001460,Solicitudes rutinarias,Solicitudes rutinarias
TK-001461,Fallas de hardware,Fallas de hardware
TK-001462,Solicitudes rutinarias,Solicitudes rutinarias
TK-001463,Errores recurrentes de software/ERP,Errores recurrentes de software/ERP
TK-001464,Errores recurrentes de software/ERP,Errores recurrentes de software/ERP
TK-001465,Solicitudes rutinarias,Solicitudes rutinarias
TK-001466,Fallas de hardware,Fallas de hardware
TK-001467,Fallas de hardware,Fallas de hardware
TK-001468,Solicitudes rutinarias,Solicitudes rutinarias
TK-001469,Solicitudes rutinarias,Solicitudes rutinarias
TK-001470,Casos crónicos,Casos crónicos
TK-001471,Solicitudes rutinarias,Solicitudes rutinarias
TK-001472,Solicitudes rutinarias,Solicitudes rutinarias
TK-001473,Solicitudes rutinarias,Solicitudes rutinarias
TK-001474,Fallas de hardware,Fallas de hardware
TK-001475,Solicitudes rutinarias,Solicitudes rutinarias
TK-001476,Fallas de hardware,Errores recurrentes de software/ERP
TK-001477,Solicitudes rutinarias,Solicitudes rutinarias
TK-001478,Solicitudes rutinarias,Solicitudes rutinarias
TK-001479,Incidentes de seguridad,Incidentes de seguridad
TK-001480,Errores recurrentes de software/ERP,Casos crónicos
TK-001481,Solicitudes rutinarias,Solicitudes rutinarias
TK-001482,Errores recurrentes de software/ERP,Errores recurrentes de software/ERP
TK-001483,Errores recurrentes de software/ERP,Errores recurrentes de software/ERP
TK-001484,Solicitudes rutinarias,Solicitudes rutinarias
TK-001485,Casos crónicos,Casos crónicos
TK-001486,Fallas de hardware,Fallas de hardware
TK-001487,Solicitudes rutinarias,Fallas de hardware
TK-001488,Solicitudes rutinarias,Solicitudes rutinarias
TK-001489,Solicitudes rutinarias,Solicitudes rutinarias
TK-001490,Incidentes de seguridad,Incidentes de seguridad
TK-001491,Fallas de hardware,Fallas de hardware
TK-001492,Fallas de hardware,Fallas de hardware
TK-001493,Solicitudes rutinarias,Solicitudes rutinarias
TK-001494,Solicitudes rutinarias,Solicitudes rutinarias
TK-001495,Solicitudes rutinarias,Solicitudes rutinarias
TK-001496,Incidentes críticos de red,Incidentes críticos de red
TK-001497,Incidentes críticos de red,Incidentes críticos de red
TK-001498,Solicitudes rutinarias,Fallas de hardware
TK-001499,Errores recurrentes de software/ERP,Errores recurrentes de software/ERP
TK-001500,Solicitudes rutinarias,Solicitudes rutinarias
TK-001501,Solicitudes rutinarias,Solicitudes rutinarias
TK-001502,Fallas de hardware,Errores recurrentes de software/ERP
TK-001503,Solicitudes rutinarias,Errores recurrentes de software/ERP
TK-001504,Solicitudes rutinarias,Solicitudes rutinarias
TK-001505,Solicitudes rutinarias,Solicitudes rutinarias
TK-001506,Errores recurrentes de software/ERP,Errores recurrentes de software/ERP
TK-001507,Solicitudes rutinarias,Solicitudes rutinarias
TK-001508,Solicitudes rutinarias,Solicitudes rutinarias
TK-001509,Errores recurrentes de software/ERP,Errores recurrentes de software/ERP
TK-001510,Solicitudes rutinarias,Solicitudes rutinarias
TK-001511,Fallas de hardware,Fallas de hardware
TK-001512,Solicitudes rutinarias,Solicitudes rutinarias
TK-001513,Fallas de hardware,Fallas de hardware
TK-001514,Solicitudes rutinarias,Solicitudes rutinarias
TK-001515,Solicitudes rutinarias,Solicitudes rutinarias
TK-001516,Solicitudes rutinarias,Solicitudes rutinarias
TK-001517,Errores recurrentes de software/ERP,Errores recurrentes de software/ERP
TK-001518,Solicitudes rutinarias,Solicitudes rutinarias
TK-001519,Errores recurrentes de software/ERP,Casos crónicos
TK-001520,Solicitudes rutinarias,Solicitudes rutinarias
TK-001521,Errores recurrentes de software/ERP,Errores recurrentes de software/ERP
TK-001522,Solicitudes rutinarias,Solicitudes rutinarias
TK-001523,Solicitudes rutinarias,Solicitudes rutinarias
TK-001524,Errores recurrentes de software/ERP,Errores recurrentes de software/ERP
TK-001525,Fallas de hardware,Fallas de hardware
TK-001526,Solicitudes rutinarias,Solicitudes rutinarias
TK-001527,Solicitudes rutinarias,Solicitudes rutinarias
TK-001528,Errores recurrentes de software/ERP,Errores recurrentes de software/ERP
TK-001529,Solicitudes rutinarias,Solicitudes rutinarias
TK-001530,Solicitudes rutinarias,Solicitudes rutinarias
TK-001531,Solicitudes rutinarias,Solicitudes rutinarias
TK-001532,Incidentes críticos de red,Incidentes críticos de red
TK-001533,Fallas de hardware,Fallas de hardware
TK-001534,Incidentes de seguridad,Incidentes de seguridad
TK-001535,Incidentes de seguridad,Incidentes de seguridad
TK-001536,Solicitudes rutinarias,Solicitudes rutinarias
TK-001537,Solicitudes rutinarias,Errores recurrentes de software/ERP
TK-001538,Solicitudes rutinarias,Solicitudes rutinarias
TK-001539,Solicitudes rutinarias,Errores recurrentes de software/ERP
TK-001540,Errores recurrentes de software/ERP,Errores recurrentes de software/ERP
TK-001541,Casos crónicos,Incidentes críticos de red
TK-001542,Fallas de hardware,Fallas de hardware
TK-001543,Fallas de hardware,Fallas de hardware
TK-001544,Solicitudes rutinarias,Errores recurrentes de software/ERP
TK-001545,Incidentes críticos de red,Incidentes críticos de red
TK-001546,Solicitudes rutinarias,Solicitudes rutinarias
TK-001547,Solicitudes rutinarias,Solicitudes rutinarias
TK-001548,Errores recurrentes de software/ERP,Solicitudes rutinarias
TK-001549,Errores recurrentes de software/ERP,Errores recurrentes de software/ERP
TK-001550,Errores recurrentes de software/ERP,Errores recurrentes de software/ERP
TK-001551,Solicitudes rutinarias,Solicitudes rutinarias
TK-001552,Solicitudes rutinarias,Solicitudes rutinarias
TK-001553,Incidentes de seguridad,Incidentes de seguridad
TK-001554,Solicitudes rutinarias,Solicitudes rutinarias
TK-001555,Solicitudes rutinarias,Solicitudes rutinarias
TK-001556,Solicitudes rutinarias,Solicitudes rutinarias
TK-001557,Casos crónicos,Casos crónicos
TK-001558,Solicitudes rutinarias,Solicitudes rutinarias
TK-001559,Solicitudes rutinarias,Solicitudes rutinarias
TK-001560,Solicitudes rutinarias,Solicitudes rutinarias
TK-001561,Solicitudes rutinarias,Solicitudes rutinarias
TK-001562,Solicitudes rutinarias,Solicitudes rutinarias
TK-001563,Errores recurrentes de software/ERP,Errores recurrentes de software/ERP
TK-001564,Solicitudes rutinarias,Fallas de hardware
TK-001565,Solicitudes rutinarias,Solicitudes rutinarias
TK-001566,Solicitudes rutinarias,Solicitudes rutinarias
TK-001567,Fallas de hardware,Fallas de hardware
TK-001568,Errores recurrentes de software/ERP,Errores recurrentes de software/ERP
TK-001569,Solicitudes rutinarias,Solicitudes rutinarias
TK-001570,Solicitudes rutinarias,Solicitudes rutinarias
TK-001571,Incidentes de seguridad,Incidentes críticos de red
TK-001572,Errores recurrentes de software/ERP,Errores recurrentes de software/ERP
TK-001573,Solicitudes rutinarias,Solicitudes rutinarias
TK-001574,Casos crónicos,Errores recurrentes de software/ERP
TK-001575,Solicitudes rutinarias,Solicitudes rutinarias
TK-001576,Errores recurrentes de software/ERP,Errores recurrentes de software/ERP
TK-001577,Solicitudes rutinarias,Solicitudes rutinarias
TK-001578,Solicitudes rutinarias,Solicitudes rutinarias
TK-001579,Solicitudes rutinarias,Solicitudes rutinarias
TK-001580,Solicitudes rutinarias,Errores recurrentes de software/ERP
TK-001581,Errores recurrentes de software/ERP,Errores recurrentes de software/ERP
TK-001582,Solicitudes rutinarias,Solicitudes rutinarias
TK-001583,Solicitudes rutinarias,Solicitudes rutinarias
TK-001584,Solicitudes rutinarias,Solicitudes rutinarias
TK-001585,Incidentes críticos de red,Incidentes críticos de red
TK-001586,Fallas de hardware,Fallas de hardware
TK-001587,Casos crónicos,Casos crónicos
TK-001588,Solicitudes rutinarias,Solicitudes rutinarias
TK-001589,Solicitudes rutinarias,Solicitudes rutinarias
TK-001590,Solicitudes rutinarias,Solicitudes rutinarias
TK-001591,Incidentes de seguridad,Incidentes de seguridad
TK-001592,Solicitudes rutinarias,Solicitudes rutinarias
TK-001593,Errores recurrentes de software/ERP,Errores recurrentes de software/ERP
TK-001594,Errores recurrentes de software/ERP,Errores recurrentes de software/ERP
TK-001595,Solicitudes rutinarias,Solicitudes rutinarias
TK-001596,Solicitudes rutinarias,Solicitudes rutinarias
TK-001597,Errores recurrentes de software/ERP,Errores recurrentes de software/ERP
TK-001598,Solicitudes rutinarias,Solicitudes rutinarias
TK-001599,Solicitudes rutinarias,Solicitudes rutinarias
TK-001600,Solicitudes rutinarias,Solicitudes rutinarias
TK-001601,Solicitudes rutinarias,Solicitudes rutinarias
TK-001602,Fallas de hardware,Fallas de hardware
TK-001603,Solicitudes rutinarias,Solicitudes rutinarias
TK-001604,Solicitudes rutinarias,Solicitudes rutinarias
TK-001605,Fallas de hardware,Fallas de hardware
TK-001606,Solicitudes rutinarias,Solicitudes rutinarias
TK-001607,Incidentes de seguridad,Incidentes de seguridad
TK-001608,Fallas de hardware,Fallas de hardware
TK-001609,Solicitudes rutinarias,Solicitudes rutinarias
TK-001610,Solicitudes rutinarias,Solicitudes rutinarias
TK-001611,Errores recurrentes de software/ERP,Errores recurrentes de software/ERP
TK-001612,Solicitudes rutinarias,Solicitudes rutinarias
TK-001613,Solicitudes rutinarias,Solicitudes rutinarias
TK-001614,Errores recurrentes de software/ERP,Errores recurrentes de software/ERP
TK-001615,Solicitudes rutinarias,Solicitudes rutinarias
TK-001616,Fallas de hardware,Fallas de hardware
TK-001617,Solicitudes rutinarias,Solicitudes rutinarias
TK-001618,Errores recurrentes de software/ERP,Errores recurrentes de software/ERP
TK-001619,Fallas de hardware,Fallas de hardware
TK-001620,Solicitudes rutinarias,Solicitudes rutinarias
TK-001621,Solicitudes rutinarias,Solicitudes rutinarias
TK-001622,Errores recurrentes de software/ERP,Errores recurrentes de software/ERP
TK-001623,Errores recurrentes de software/ERP,Errores recurrentes de software/ERP
TK-001624,Fallas de hardware,Errores recurrentes de software/ERP
TK-001625,Solicitudes rutinarias,Solicitudes rutinarias
TK-001626,Errores recurrentes de software/ERP,Errores recurrentes de software/ERP
TK-001627,Errores recurrentes de software/ERP,Errores recurrentes de software/ERP
TK-001628,Solicitudes rutinarias,Solicitudes rutinarias
TK-001629,Solicitudes rutinarias,Solicitudes rutinarias
TK-001630,Solicitudes rutinarias,Solicitudes rutinarias
TK-001631,Solicitudes rutinarias,Solicitudes rutinarias
TK-001632,Solicitudes rutinarias,Solicitudes rutinarias
TK-001633,Incidentes críticos de red,Incidentes críticos de red
TK-001634,Solicitudes rutinarias,Solicitudes rutinarias
TK-001635,Incidentes de seguridad,Incidentes de seguridad
TK-001636,Solicitudes rutinarias,Errores recurrentes de software/ERP
TK-001637,Casos crónicos,Casos crónicos
TK-001638,Errores recurrentes de software/ERP,Errores recurrentes de software/ERP
TK-001639,Fallas de hardware,Fallas de hardware
TK-001640,Solicitudes rutinarias,Solicitudes rutinarias
TK-001641,Incidentes críticos de red,Incidentes críticos de red
TK-001642,Solicitudes rutinarias,Solicitudes rutinarias
TK-001643,Errores recurrentes de software/ERP,Errores recurrentes de software/ERP
TK-001644,Solicitudes rutinarias,Solicitudes rutinarias
TK-001645,Solicitudes rutinarias,Errores recurrentes de software/ERP
TK-001646,Errores recurrentes de software/ERP,Errores recurrentes de software/ERP
TK-001647,Solicitudes rutinarias,Solicitudes rutinarias
TK-001648,Solicitudes rutinarias,Errores recurrentes de software/ERP
TK-001649,Solicitudes rutinarias,Solicitudes rutinarias
TK-001650,Fallas de hardware,Fallas de hardware
TK-001651,Fallas de hardware,Fallas de hardware
TK-001652,Incidentes de seguridad,Incidentes de seguridad
TK-001653,Errores recurrentes de software/ERP,Solicitudes rutinarias
TK-001654,Solicitudes rutinarias,Solicitudes rutinarias
TK-001655,Solicitudes rutinarias,Errores recurrentes de software/ERP
TK-001656,Solicitudes rutinarias,Solicitudes rutinarias
TK-001657,Fallas de hardware,Fallas de hardware
TK-001658,Errores recurrentes de software/ERP,Errores recurrentes de software/ERP
TK-001659,Incidentes de seguridad,Incidentes de seguridad
TK-001660,Errores recurrentes de software/ERP,Errores recurrentes de software/ERP
TK-001661,Fallas de hardware,Solicitudes rutinarias
TK-001662,Solicitudes rutinarias,Solicitudes rutinarias
TK-001663,Solicitudes rutinarias,Solicitudes rutinarias
TK-001664,Fallas de hardware,Fallas de hardware
TK-001665,Incidentes críticos de red,Errores recurrentes de software/ERP
TK-001666,Solicitudes rutinarias,Solicitudes rutinarias
TK-001667,Fallas de hardware,Fallas de hardware
TK-001668,Errores recurrentes de software/ERP,Errores recurrentes de software/ERP
TK-001669,Incidentes de seguridad,Incidentes de seguridad
TK-001670,Solicitudes rutinarias,Fallas de hardware
TK-001671,Errores recurrentes de software/ERP,Errores recurrentes de software/ERP
TK-001672,Solicitudes rutinarias,Solicitudes rutinarias
TK-001673,Solicitudes rutinarias,Solicitudes rutinarias
TK-001674,Fallas de hardware,Solicitudes rutinarias
TK-001675,Solicitudes rutinarias,Solicitudes rutinarias
TK-001676,Solicitudes rutinarias,Solicitudes rutinarias
TK-001677,Fallas de hardware,Fallas de hardware
TK-001678,Solicitudes rutinarias,Solicitudes rutinarias
TK-001679,Fallas de hardware,Solicitudes rutinarias
TK-001680,Errores recurrentes de software/ERP,Errores recurrentes de software/ERP
TK-001681,Solicitudes rutinarias,Solicitudes rutinarias
TK-001682,Solicitudes rutinarias,Solicitudes rutinarias
TK-001683,Incidentes de seguridad,Incidentes de seguridad
TK-001684,Solicitudes rutinarias,Solicitudes rutinarias
TK-001685,Solicitudes rutinarias,Solicitudes rutinarias
TK-001686,Incidentes de seguridad,Incidentes de seguridad
TK-001687,Errores recurrentes de software/ERP,Errores recurrentes de software/ERP
TK-001688,Incidentes críticos de red,Incidentes críticos de red
TK-001689,Solicitudes rutinarias,Solicitudes rutinarias
TK-001690,Errores recurrentes de software/ERP,Errores recurrentes de software/ERP
TK-001691,Errores recurrentes de software/ERP,Errores recurrentes de software/ERP
TK-001692,Incidentes críticos de red,Incidentes críticos de red
TK-001693,Fallas de hardware,Fallas de hardware
TK-001694,Incidentes de seguridad,Incidentes de seguridad
TK-001695,Solicitudes rutinarias,Solicitudes rutinarias
TK-001696,Solicitudes rutinarias,Fallas de hardware
TK-001697,Solicitudes rutinarias,Solicitudes rutinarias
TK-001698,Casos crónicos,Casos crónicos
TK-001699,Solicitudes rutinarias,Solicitudes rutinarias
TK-001700,Casos crónicos,Casos crónicos
TK-001701,Solicitudes rutinarias,Solicitudes rutinarias
TK-001702,Incidentes de seguridad,Incidentes de seguridad
TK-001703,Solicitudes rutinarias,Errores recurrentes de software/ERP
TK-001704,Solicitudes rutinarias,Solicitudes rutinarias
TK-001705,Solicitudes rutinarias,Solicitudes rutinarias
TK-001706,Fallas de hardware,Fallas de hardware
TK-001707,Solicitudes rutinarias,Solicitudes rutinarias
TK-001708,Solicitudes rutinarias,Solicitudes rutinarias
TK-001709,Solicitudes rutinarias,Solicitudes rutinarias
TK-001710,Solicitudes rutinarias,Solicitudes rutinarias
TK-001711,Errores recurrentes de software/ERP,Errores recurrentes de software/ERP
TK-001712,Errores recurrentes de software/ERP,Errores recurrentes de software/ERP
TK-001713,Incidentes de seguridad,Incidentes de seguridad
TK-001714,Solicitudes rutinarias,Solicitudes rutinarias
TK-001715,Solicitudes rutinarias,Solicitudes rutinarias
TK-001716,Fallas de hardware,Fallas de hardware
TK-001717,Solicitudes rutinarias,Solicitudes rutinarias
TK-001718,Incidentes críticos de red,Incidentes críticos de red
TK-001719,Solicitudes rutinarias,Solicitudes rutinarias
TK-001720,Solicitudes rutinarias,Solicitudes rutinarias
TK-001721,Errores recurrentes de software/ERP,Errores recurrentes de software/ERP
TK-001722,Fallas de hardware,Fallas de hardware
TK-001723,Solicitudes rutinarias,Solicitudes rutinarias
TK-001724,Solicitudes rutinarias,Solicitudes rutinarias
TK-001725,Errores recurrentes de software/ERP,Errores recurrentes de software/ERP
TK-001726,Errores recurrentes de software/ERP,Errores recurrentes de software/ERP
TK-001727,Solicitudes rutinarias,Solicitudes rutinarias
TK-001728,Solicitudes rutinarias,Solicitudes rutinarias
TK-001729,Solicitudes rutinarias,Solicitudes rutinarias
TK-001730,Incidentes críticos de red,Incidentes críticos de red
TK-001731,Errores recurrentes de software/ERP,Errores recurrentes de software/ERP
TK-001732,Solicitudes rutinarias,Fallas de hardware
TK-001733,Incidentes de seguridad,Incidentes de seguridad
TK-001734,Solicitudes rutinarias,Fallas de hardware
TK-001735,Fallas de hardware,Fallas de hardware
TK-001736,Incidentes críticos de red,Incidentes críticos de red
TK-001737,Solicitudes rutinarias,Solicitudes rutinarias
TK-001738,Fallas de hardware,Solicitudes rutinarias
TK-001739,Incidentes críticos de red,Incidentes críticos de red
TK-001740,Solicitudes rutinarias,Solicitudes rutinarias
TK-001741,Solicitudes rutinarias,Solicitudes rutinarias
TK-001742,Errores recurrentes de software/ERP,Errores recurrentes de software/ERP
TK-001743,Solicitudes rutinarias,Solicitudes rutinarias
TK-001744,Incidentes de seguridad,Incidentes de seguridad
TK-001745,Solicitudes rutinarias,Solicitudes rutinarias
TK-001746,Solicitudes rutinarias,Solicitudes rutinarias
TK-001747,Solicitudes rutinarias,Solicitudes rutinarias
TK-001748,Errores recurrentes de software/ERP,Errores recurrentes de software/ERP
TK-001749,Incidentes de seguridad,Solicitudes rutinarias
TK-001750,Solicitudes rutinarias,Fallas de hardware
TK-001751,Solicitudes rutinarias,Fallas de hardware
TK-001752,Solicitudes rutinarias,Solicitudes rutinarias
TK-001753,Solicitudes rutinarias,Solicitudes rutinarias
TK-001754,Fallas de hardware,Fallas de hardware
TK-001755,Solicitudes rutinarias,Solicitudes rutinarias
TK-001756,Errores recurrentes de software/ERP,Errores recurrentes de software/ERP
TK-001757,Solicitudes rutinarias,Solicitudes rutinarias
TK-001758,Solicitudes rutinarias,Solicitudes rutinarias
TK-001759,Solicitudes rutinarias,Solicitudes rutinarias
TK-001760,Errores recurrentes de software/ERP,Errores recurrentes de software/ERP
TK-001761,Errores recurrentes de software/ERP,Casos crónicos
TK-001762,Casos crónicos,Casos crónicos
TK-001763,Solicitudes rutinarias,Solicitudes rutinarias
TK-001764,Solicitudes rutinarias,Solicitudes rutinarias
TK-001765,Solicitudes rutinarias,Solicitudes rutinarias
TK-001766,Errores recurrentes de software/ERP,Errores recurrentes de software/ERP
TK-001767,Errores recurrentes de software/ERP,Errores recurrentes de software/ERP
TK-001768,Solicitudes rutinarias,Solicitudes rutinarias
TK-001769,Solicitudes rutinarias,Errores recurrentes de software/ERP
TK-001770,Solicitudes rutinarias,Solicitudes rutinarias
TK-001771,Casos crónicos,Casos crónicos
TK-001772,Solicitudes rutinarias,Solicitudes rutinarias
TK-001773,Solicitudes rutinarias,Solicitudes rutinarias
TK-001774,Incidentes de seguridad,Incidentes de seguridad
TK-001775,Casos crónicos,Casos crónicos
TK-001776,Fallas de hardware,Fallas de hardware
TK-001777,Incidentes críticos de red,Incidentes críticos de red
TK-001778,Errores recurrentes de software/ERP,Errores recurrentes de software/ERP
TK-001779,Fallas de hardware,Fallas de hardware
TK-001780,Solicitudes rutinarias,Errores recurrentes de software/ERP
TK-001781,Solicitudes rutinarias,Solicitudes rutinarias
TK-001782,Fallas de hardware,Fallas de hardware
TK-001783,Solicitudes rutinarias,Solicitudes rutinarias
TK-001784,Solicitudes rutinarias,Solicitudes rutinarias
TK-001785,Errores recurrentes de software/ERP,Errores recurrentes de software/ERP
TK-001786,Incidentes de seguridad,Incidentes de seguridad
TK-001787,Solicitudes rutinarias,Solicitudes rutinarias
TK-001788,Solicitudes rutinarias,Errores recurrentes de software/ERP
TK-001789,Errores recurrentes de software/ERP,Errores recurrentes de software/ERP
TK-001790,Casos crónicos,Casos crónicos
TK-001791,Solicitudes rutinarias,Solicitudes rutinarias
TK-001792,Solicitudes rutinarias,Solicitudes rutinarias
TK-001793,Incidentes críticos de red,Incidentes críticos de red
TK-001794,Errores recurrentes de software/ERP,Errores recurrentes de software/ERP
TK-001795,Solicitudes rutinarias,Solicitudes rutinarias
TK-001796,Solicitudes rutinarias,Errores recurrentes de software/ERP
TK-001797,Solicitudes rutinarias,Solicitudes rutinarias
TK-001798,Incidentes de seguridad,Incidentes de seguridad
TK-001799,Solicitudes rutinarias,Solicitudes rutinarias
TK-001800,Fallas de hardware,Fallas de hardware
TK-001801,Solicitudes rutinarias,Solicitudes rutinarias
TK-001802,Solicitudes rutinarias,Solicitudes rutinarias
TK-001803,Solicitudes rutinarias,Solicitudes rutinarias
TK-001804,Errores recurrentes de software/ERP,Errores recurrentes de software/ERP
TK-001805,Solicitudes rutinarias,Solicitudes rutinarias
TK-001806,Errores recurrentes de software/ERP,Errores recurrentes de software/ERP
TK-001807,Incidentes críticos de red,Incidentes críticos de red
TK-001808,Solicitudes rutinarias,Solicitudes rutinarias
TK-001809,Solicitudes rutinarias,Solicitudes rutinarias
TK-001810,Solicitudes rutinarias,Solicitudes rutinarias
TK-001811,Incidentes de seguridad,Incidentes de seguridad
TK-001812,Incidentes de seguridad,Incidentes de seguridad
TK-001813,Solicitudes rutinarias,Solicitudes rutinarias
TK-001814,Solicitudes rutinarias,Solicitudes rutinarias
TK-001815,Fallas de hardware,Fallas de hardware
TK-001816,Casos crónicos,Incidentes críticos de red
TK-001817,Errores recurrentes de software/ERP,Errores recurrentes de software/ERP
TK-001818,Solicitudes rutinarias,Solicitudes rutinarias
TK-001819,Solicitudes rutinarias,Solicitudes rutinarias
TK-001820,Solicitudes rutinarias,Solicitudes rutinarias
TK-001821,Solicitudes rutinarias,Solicitudes rutinarias
TK-001822,Fallas de hardware,Fallas de hardware
TK-001823,Solicitudes rutinarias,Solicitudes rutinarias
TK-001824,Solicitudes rutinarias,Solicitudes rutinarias
TK-001825,Errores recurrentes de software/ERP,Errores recurrentes de software/ERP
TK-001826,Solicitudes rutinarias,Solicitudes rutinarias
TK-001827,Errores recurrentes de software/ERP,Errores recurrentes de software/ERP
TK-001828,Fallas de hardware,Fallas de hardware
TK-001829,Fallas de hardware,Fallas de hardware
TK-001830,Fallas de hardware,Fallas de hardware
TK-001831,Solicitudes rutinarias,Fallas de hardware
TK-001832,Solicitudes rutinarias,Fallas de hardware
TK-001833,Solicitudes rutinarias,Solicitudes rutinarias
TK-001834,Incidentes de seguridad,Incidentes de seguridad
TK-001835,Errores recurrentes de software/ERP,Errores recurrentes de software/ERP
TK-001836,Solicitudes rutinarias,Solicitudes rutinarias
TK-001837,Solicitudes rutinarias,Solicitudes rutinarias
TK-001838,Solicitudes rutinarias,Solicitudes rutinarias
TK-001839,Incidentes de seguridad,Incidentes de seguridad
TK-001840,Fallas de hardware,Fallas de hardware
TK-001841,Errores recurrentes de software/ERP,Casos crónicos
TK-001842,Solicitudes rutinarias,Solicitudes rutinarias
TK-001843,Solicitudes rutinarias,Solicitudes rutinarias
TK-001844,Errores recurrentes de software/ERP,Errores recurrentes de software/ERP
TK-001845,Solicitudes rutinarias,Fallas de hardware
TK-001846,Fallas de hardware,Fallas de hardware
TK-001847,Solicitudes rutinarias,Solicitudes rutinarias
TK-001848,Solicitudes rutinarias,Solicitudes rutinarias
TK-001849,Fallas de hardware,Fallas de hardware
TK-001850,Solicitudes rutinarias,Solicitudes rutinarias
TK-001851,Solicitudes rutinarias,Solicitudes rutinarias
TK-001852,Solicitudes rutinarias,Solicitudes rutinarias
TK-001853,Solicitudes rutinarias,Solicitudes rutinarias
TK-001854,Errores recurrentes de software/ERP,Errores recurrentes de software/ERP
TK-001855,Solicitudes rutinarias,Solicitudes rutinarias
TK-001856,Fallas de hardware,Fallas de hardware
TK-001857,Solicitudes rutinarias,Solicitudes rutinarias
TK-001858,Fallas de hardware,Fallas de hardware
TK-001859,Solicitudes rutinarias,Solicitudes rutinarias
TK-001860,Solicitudes rutinarias,Solicitudes rutinarias
TK-001861,Incidentes críticos de red,Incidentes críticos de red
TK-001862,Fallas de hardware,Fallas de hardware
TK-001863,Solicitudes rutinarias,Solicitudes rutinarias
TK-001864,Errores recurrentes de software/ERP,Errores recurrentes de software/ERP
TK-001865,Solicitudes rutinarias,Fallas de hardware
TK-001866,Solicitudes rutinarias,Solicitudes rutinarias
TK-001867,Errores recurrentes de software/ERP,Solicitudes rutinarias
TK-001868,Errores recurrentes de software/ERP,Casos crónicos
TK-001869,Solicitudes rutinarias,Errores recurrentes de software/ERP
TK-001870,Incidentes críticos de red,Incidentes críticos de red
TK-001871,Incidentes críticos de red,Incidentes críticos de red
TK-001872,Fallas de hardware,Fallas de hardware
TK-001873,Fallas de hardware,Fallas de hardware
TK-001874,Errores recurrentes de software/ERP,Casos crónicos
TK-001875,Errores recurrentes de software/ERP,Errores recurrentes de software/ERP
TK-001876,Solicitudes rutinarias,Fallas de hardware
TK-001877,Errores recurrentes de software/ERP,Errores recurrentes de software/ERP
TK-001878,Solicitudes rutinarias,Solicitudes rutinarias
TK-001879,Solicitudes rutinarias,Solicitudes rutinarias
TK-001880,Errores recurrentes de software/ERP,Errores recurrentes de software/ERP
TK-001881,Solicitudes rutinarias,Solicitudes rutinarias
TK-001882,Errores recurrentes de software/ERP,Errores recurrentes de software/ERP
TK-001883,Errores recurrentes de software/ERP,Casos crónicos
TK-001884,Errores recurrentes de software/ERP,Errores recurrentes de software/ERP
TK-001885,Solicitudes rutinarias,Solicitudes rutinarias
TK-001886,Incidentes de seguridad,Incidentes de seguridad
TK-001887,Solicitudes rutinarias,Solicitudes rutinarias
TK-001888,Solicitudes rutinarias,Solicitudes rutinarias
TK-001889,Fallas de hardware,Fallas de hardware
TK-001890,Incidentes de seguridad,Incidentes de seguridad
TK-001891,Solicitudes rutinarias,Solicitudes rutinarias
TK-001892,Solicitudes rutinarias,Solicitudes rutinarias
TK-001893,Solicitudes rutinarias,Solicitudes rutinarias
TK-001894,Solicitudes rutinarias,Fallas de hardware
TK-001895,Solicitudes rutinarias,Solicitudes rutinarias
TK-001896,Solicitudes rutinarias,Solicitudes rutinarias
TK-001897,Solicitudes rutinarias,Solicitudes rutinarias
TK-001898,Solicitudes rutinarias,Solicitudes rutinarias
TK-001899,Fallas de hardware,Fallas de hardware
TK-001900,Solicitudes rutinarias,Solicitudes rutinarias
TK-001901,Errores recurrentes de software/ERP,Errores recurrentes de software/ERP
TK-001902,Fallas de hardware,Fallas de hardware
TK-001903,Fallas de hardware,Fallas de hardware
TK-001904,Fallas de hardware,Fallas de hardware
TK-001905,Solicitudes rutinarias,Solicitudes rutinarias
TK-001906,Fallas de hardware,Fallas de hardware
TK-001907,Incidentes de seguridad,Incidentes de seguridad
TK-001908,Solicitudes rutinarias,Solicitudes rutinarias
TK-001909,Solicitudes rutinarias,Solicitudes rutinarias
TK-001910,Solicitudes rutinarias,Solicitudes rutinarias
TK-001911,Solicitudes rutinarias,Solicitudes rutinarias
TK-001912,Solicitudes rutinarias,Solicitudes rutinarias
TK-001913,Fallas de hardware,Fallas de hardware
TK-001914,Solicitudes rutinarias,Fallas de hardware
TK-001915,Fallas de hardware,Fallas de hardware
TK-001916,Fallas de hardware,Fallas de hardware
TK-001917,Solicitudes rutinarias,Fallas de hardware
TK-001918,Solicitudes rutinarias,Solicitudes rutinarias
TK-001919,Solicitudes rutinarias,Solicitudes rutinarias
TK-001920,Fallas de hardware,Fallas de hardware
TK-001921,Errores recurrentes de software/ERP,Errores recurrentes de software/ERP
TK-001922,Errores recurrentes de software/ERP,Errores recurrentes de software/ERP
TK-001923,Incidentes de seguridad,Incidentes de seguridad
TK-001924,Solicitudes rutinarias,Solicitudes rutinarias
TK-001925,Solicitudes rutinarias,Solicitudes rutinarias
TK-001926,Solicitudes rutinarias,Errores recurrentes de software/ERP
TK-001927,Solicitudes rutinarias,Solicitudes rutinarias
TK-001928,Solicitudes rutinarias,Errores recurrentes de software/ERP
TK-001929,Incidentes de seguridad,Incidentes de seguridad
TK-001930,Solicitudes rutinarias,Solicitudes rutinarias
TK-001931,Solicitudes rutinarias,Solicitudes rutinarias
TK-001932,Solicitudes rutinarias,Fallas de hardware
TK-001933,Fallas de hardware,Fallas de hardware
TK-001934,Solicitudes rutinarias,Solicitudes rutinarias
TK-001935,Incidentes críticos de red,Incidentes críticos de red
TK-001936,Solicitudes rutinarias,Solicitudes rutinarias
TK-001937,Fallas de hardware,Solicitudes rutinarias
TK-001938,Solicitudes rutinarias,Solicitudes rutinarias
TK-001939,Solicitudes rutinarias,Solicitudes rutinarias
TK-001940,Solicitudes rutinarias,Fallas de hardware
TK-001941,Incidentes críticos de red,Incidentes críticos de red
TK-001942,Errores recurrentes de software/ERP,Errores recurrentes de software/ERP
TK-001943,Solicitudes rutinarias,Errores recurrentes de software/ERP
TK-001944,Fallas de hardware,Fallas de hardware
TK-001945,Fallas de hardware,Fallas de hardware
TK-001946,Errores recurrentes de software/ERP,Errores recurrentes de software/ERP
TK-001947,Solicitudes rutinarias,Solicitudes rutinarias
TK-001948,Errores recurrentes de software/ERP,Errores recurrentes de software/ERP
TK-001949,Solicitudes rutinarias,Solicitudes rutinarias
TK-001950,Solicitudes rutinarias,Solicitudes rutinarias
TK-001951,Errores recurrentes de software/ERP,Errores recurrentes de software/ERP
TK-001952,Solicitudes rutinarias,Solicitudes rutinarias
TK-001953,Incidentes de seguridad,Incidentes de seguridad
TK-001954,Incidentes de seguridad,Incidentes de seguridad
TK-001955,Solicitudes rutinarias,Solicitudes rutinarias
TK-001956,Solicitudes rutinarias,Solicitudes rutinarias
TK-001957,Solicitudes rutinarias,Solicitudes rutinarias
TK-001958,Solicitudes rutinarias,Solicitudes rutinarias
TK-001959,Solicitudes rutinarias,Errores recurrentes de software/ERP
TK-001960,Casos crónicos,Casos crónicos
TK-001961,Solicitudes rutinarias,Solicitudes rutinarias
TK-001962,Solicitudes rutinarias,Solicitudes rutinarias
TK-001963,Solicitudes rutinarias,Solicitudes rutinarias
TK-001964,Errores recurrentes de software/ERP,Casos crónicos
TK-001965,Solicitudes rutinarias,Solicitudes rutinarias
TK-001966,Errores recurrentes de software/ERP,Errores recurrentes de software/ERP
TK-001967,Solicitudes rutinarias,Solicitudes rutinarias
TK-001968,Solicitudes rutinarias,Solicitudes rutinarias
TK-001969,Errores recurrentes de software/ERP,Errores recurrentes de software/ERP
TK-001970,Solicitudes rutinarias,Solicitudes rutinarias
TK-001971,Fallas de hardware,Fallas de hardware
TK-001972,Solicitudes rutinarias,Errores recurrentes de software/ERP
TK-001973,Solicitudes rutinarias,Fallas de hardware
TK-001974,Solicitudes rutinarias,Solicitudes rutinarias
TK-001975,Fallas de hardware,Fallas de hardware
TK-001976,Solicitudes rutinarias,Errores recurrentes de software/ERP
TK-001977,Solicitudes rutinarias,Fallas de hardware
TK-001978,Solicitudes rutinarias,Solicitudes rutinarias
TK-001979,Casos crónicos,Casos crónicos
TK-001980,Solicitudes rutinarias,Solicitudes rutinarias
TK-001981,Errores recurrentes de software/ERP,Errores recurrentes de software/ERP
TK-001982,Fallas de hardware,Fallas de hardware
TK-001983,Solicitudes rutinarias,Solicitudes rutinarias
TK-001984,Solicitudes rutinarias,Solicitudes rutinarias
TK-001985,Solicitudes rutinarias,Solicitudes rutinarias
TK-001986,Solicitudes rutinarias,Solicitudes rutinarias
TK-001987,Solicitudes rutinarias,Solicitudes rutinarias
TK-001988,Solicitudes rutinarias,Fallas de hardware
TK-001989,Solicitudes rutinarias,Solicitudes rutinarias
TK-001990,Errores recurrentes de software/ERP,Solicitudes rutinarias
TK-001991,Solicitudes rutinarias,Solicitudes rutinarias
TK-001992,Fallas de hardware,Fallas de hardware
TK-001993,Solicitudes rutinarias,Solicitudes rutinarias
TK-001994,Incidentes de seguridad,Incidentes de seguridad
TK-001995,Solicitudes rutinarias,Solicitudes rutinarias
TK-001996,Solicitudes rutinarias,Solicitudes rutinarias
TK-001997,Fallas de hardware,Fallas de hardware
TK-001998,Errores recurrentes de software/ERP,Errores recurrentes de software/ERP
TK-001999,Casos crónicos,Casos crónicos
TK-002000,Solicitudes rutinarias,Solicitudes rutinarias
TK-002001,Solicitudes rutinarias,Solicitudes rutinarias
TK-002002,Solicitudes rutinarias,Solicitudes rutinarias
TK-002003,Incidentes de seguridad,Incidentes de seguridad
TK-002004,Solicitudes rutinarias,Solicitudes rutinarias
TK-002005,Fallas de hardware,Fallas de hardware
TK-002006,Incidentes críticos de red,Incidentes críticos de red
TK-002007,Solicitudes rutinarias,Solicitudes rutinarias
TK-002008,Solicitudes rutinarias,Solicitudes rutinarias
TK-002009,Errores recurrentes de software/ERP,Casos crónicos
TK-002010,Solicitudes rutinarias,Solicitudes rutinarias
TK-002011,Solicitudes rutinarias,Solicitudes rutinarias
TK-002012,Errores recurrentes de software/ERP,Errores recurrentes de software/ERP
TK-002013,Fallas de hardware,Fallas de hardware
TK-002014,Solicitudes rutinarias,Solicitudes rutinarias
TK-002015,Solicitudes rutinarias,Solicitudes rutinarias
TK-002016,Fallas de hardware,Errores recurrentes de software/ERP
TK-002017,Solicitudes rutinarias,Solicitudes rutinarias
TK-002018,Solicitudes rutinarias,Solicitudes rutinarias
TK-002019,Fallas de hardware,Fallas de hardware
TK-002020,Errores recurrentes de software/ERP,Errores recurrentes de software/ERP
TK-002021,Errores recurrentes de software/ERP,Errores recurrentes de software/ERP
TK-002022,Incidentes críticos de red,Incidentes críticos de red
TK-002023,Errores recurrentes de software/ERP,Errores recurrentes de software/ERP
TK-002024,Errores recurrentes de software/ERP,Errores recurrentes de software/ERP
TK-002025,Solicitudes rutinarias,Solicitudes rutinarias
TK-002026,Incidentes críticos de red,Incidentes críticos de red
TK-002027,Errores recurrentes de software/ERP,Errores recurrentes de software/ERP
TK-002028,Fallas de hardware,Fallas de hardware
TK-002029,Fallas de hardware,Fallas de hardware
TK-002030,Solicitudes rutinarias,Solicitudes rutinarias
TK-002031,Errores recurrentes de software/ERP,Errores recurrentes de software/ERP
TK-002032,Solicitudes rutinarias,Errores recurrentes de software/ERP
TK-002033,Solicitudes rutinarias,Solicitudes rutinarias
TK-002034,Errores recurrentes de software/ERP,Errores recurrentes de software/ERP
TK-002035,Incidentes críticos de red,Incidentes críticos de red
TK-002036,Fallas de hardware,Solicitudes rutinarias
TK-002037,Solicitudes rutinarias,Solicitudes rutinarias
TK-002038,Fallas de hardware,Fallas de hardware
TK-002039,Fallas de hardware,Fallas de hardware
TK-002040,Fallas de hardware,Fallas de hardware
TK-002041,Fallas de hardware,Fallas de hardware
TK-002042,Incidentes de seguridad,Incidentes de seguridad
TK-002043,Fallas de hardware,Fallas de hardware
TK-002044,Incidentes críticos de red,Incidentes críticos de red
TK-002045,Fallas de hardware,Fallas de hardware
TK-002046,Solicitudes rutinarias,Solicitudes rutinarias
TK-002047,Errores recurrentes de software/ERP,Errores recurrentes de software/ERP
TK-002048,Incidentes críticos de red,Incidentes de seguridad
TK-002049,Fallas de hardware,Fallas de hardware
TK-002050,Solicitudes rutinarias,Solicitudes rutinarias
TK-002051,Solicitudes rutinarias,Solicitudes rutinarias
TK-002052,Errores recurrentes de software/ERP,Errores recurrentes de software/ERP
TK-002053,Solicitudes rutinarias,Solicitudes rutinarias
TK-002054,Fallas de hardware,Fallas de hardware
TK-002055,Solicitudes rutinarias,Solicitudes rutinarias
TK-002056,Solicitudes rutinarias,Fallas de hardware
TK-002057,Fallas de hardware,Fallas de hardware
TK-002058,Solicitudes rutinarias,Solicitudes rutinarias
TK-002059,Solicitudes rutinarias,Solicitudes rutinarias
TK-002060,Errores recurrentes de software/ERP,Errores recurrentes de software/ERP
TK-002061,Solicitudes rutinarias,Solicitudes rutinarias
TK-002062,Fallas de hardware,Fallas de hardware
TK-002063,Incidentes críticos de red,Incidentes de seguridad
TK-002064,Incidentes críticos de red,Incidentes críticos de red
TK-002065,Solicitudes rutinarias,Solicitudes rutinarias
TK-002066,Solicitudes rutinarias,Errores recurrentes de software/ERP
TK-002067,Fallas de hardware,Fallas de hardware
TK-002068,Errores recurrentes de software/ERP,Errores recurrentes de software/ERP
TK-002069,Solicitudes rutinarias,Solicitudes rutinarias
TK-002070,Fallas de hardware,Fallas de hardware
TK-002071,Errores recurrentes de software/ERP,Errores recurrentes de software/ERP
TK-002072,Errores recurrentes de software/ERP,Errores recurrentes de software/ERP
TK-002073,Errores recurrentes de software/ERP,Errores recurrentes de software/ERP
TK-002074,Solicitudes rutinarias,Solicitudes rutinarias
TK-002075,Solicitudes rutinarias,Solicitudes rutinarias
TK-002076,Incidentes críticos de red,Errores recurrentes de software/ERP
TK-002077,Fallas de hardware,Fallas de hardware
TK-002078,Solicitudes rutinarias,Solicitudes rutinarias
TK-002079,Solicitudes rutinarias,Solicitudes rutinarias
TK-002080,Incidentes críticos de red,Incidentes críticos de red
TK-002081,Solicitudes rutinarias,Solicitudes rutinarias
TK-002082,Solicitudes rutinarias,Solicitudes rutinarias
TK-002083,Errores recurrentes de software/ERP,Errores recurrentes de software/ERP
TK-002084,Solicitudes rutinarias,Solicitudes rutinarias
TK-002085,Solicitudes rutinarias,Solicitudes rutinarias
TK-002086,Fallas de hardware,Fallas de hardware
TK-002087,Fallas de hardware,Fallas de hardware
TK-002088,Errores recurrentes de software/ERP,Casos crónicos
TK-002089,Fallas de hardware,Fallas de hardware
TK-002090,Solicitudes rutinarias,Solicitudes rutinarias
TK-002091,Errores recurrentes de software/ERP,Errores recurrentes de software/ERP
TK-002092,Solicitudes rutinarias,Solicitudes rutinarias
TK-002093,Errores recurrentes de software/ERP,Errores recurrentes de software/ERP
TK-002094,Solicitudes rutinarias,Solicitudes rutinarias
TK-002095,Solicitudes rutinarias,Solicitudes rutinarias
TK-002096,Errores recurrentes de software/ERP,Errores recurrentes de software/ERP
TK-002097,Casos crónicos,Casos crónicos
TK-002098,Solicitudes rutinarias,Solicitudes rutinarias
TK-002099,Solicitudes rutinarias,Solicitudes rutinarias
TK-002100,Incidentes de seguridad,Incidentes de seguridad
TK-002101,Solicitudes rutinarias,Errores recurrentes de software/ERP
TK-002102,Solicitudes rutinarias,Solicitudes rutinarias
TK-002103,Solicitudes rutinarias,Solicitudes rutinarias
TK-002104,Fallas de hardware,Fallas de hardware
TK-002105,Solicitudes rutinarias,Errores recurrentes de software/ERP
TK-002106,Fallas de hardware,Fallas de hardware
TK-002107,Fallas de hardware,Fallas de hardware
TK-002108,Errores recurrentes de software/ERP,Errores recurrentes de software/ERP
TK-002109,Fallas de hardware,Fallas de hardware
TK-002110,Fallas de hardware,Fallas de hardware
TK-002111,Errores recurrentes de software/ERP,Errores recurrentes de software/ERP
TK-002112,Solicitudes rutinarias,Solicitudes rutinarias
TK-002113,Solicitudes rutinarias,Solicitudes rutinarias
TK-002114,Errores recurrentes de software/ERP,Casos crónicos
TK-002115,Solicitudes rutinarias,Solicitudes rutinarias
TK-002116,Solicitudes rutinarias,Fallas de hardware
TK-002117,Solicitudes rutinarias,Solicitudes rutinarias
TK-002118,Fallas de hardware,Fallas de hardware
TK-002119,Solicitudes rutinarias,Solicitudes rutinarias
TK-002120,Solicitudes rutinarias,Solicitudes rutinarias
TK-002121,Fallas de hardware,Fallas de hardware
TK-002122,Fallas de hardware,Fallas de hardware
TK-002123,Solicitudes rutinarias,Solicitudes rutinarias
TK-002124,Incidentes críticos de red,Incidentes críticos de red
TK-002125,Solicitudes rutinarias,Solicitudes rutinarias
TK-002126,Fallas de hardware,Fallas de hardware
TK-002127,Solicitudes rutinarias,Solicitudes rutinarias
TK-002128,Solicitudes rutinarias,Solicitudes rutinarias
TK-002129,Errores recurrentes de software/ERP,Casos crónicos
TK-002130,Errores recurrentes de software/ERP,Errores recurrentes de software/ERP
TK-002131,Incidentes de seguridad,Incidentes de seguridad
TK-002132,Solicitudes rutinarias,Solicitudes rutinarias
TK-002133,Solicitudes rutinarias,Solicitudes rutinarias
TK-002134,Incidentes de seguridad,Incidentes de seguridad
TK-002135,Fallas de hardware,Solicitudes rutinarias
TK-002136,Solicitudes rutinarias,Solicitudes rutinarias
TK-002137,Solicitudes rutinarias,Solicitudes rutinarias
TK-002138,Errores recurrentes de software/ERP,Errores recurrentes de software/ERP
TK-002139,Errores recurrentes de software/ERP,Errores recurrentes de software/ERP
TK-002140,Solicitudes rutinarias,Solicitudes rutinarias
TK-002141,Errores recurrentes de software/ERP,Errores recurrentes de software/ERP
TK-002142,Solicitudes rutinarias,Solicitudes rutinarias
TK-002143,Fallas de hardware,Fallas de hardware
TK-002144,Solicitudes rutinarias,Solicitudes rutinarias
TK-002145,Solicitudes rutinarias,Solicitudes rutinarias
TK-002146,Errores recurrentes de software/ERP,Errores recurrentes de software/ERP
TK-002147,Solicitudes rutinarias,Solicitudes rutinarias
TK-002148,Solicitudes rutinarias,Solicitudes rutinarias
TK-002149,Fallas de hardware,Fallas de hardware
TK-002150,Solicitudes rutinarias,Solicitudes rutinarias
TK-002151,Solicitudes rutinarias,Errores recurrentes de software/ERP
TK-002152,Fallas de hardware,Fallas de hardware
TK-002153,Fallas de hardware,Fallas de hardware
TK-002154,Fallas de hardware,Fallas de hardware
TK-002155,Solicitudes rutinarias,Solicitudes rutinarias
TK-002156,Solicitudes rutinarias,Fallas de hardware
TK-002157,Solicitudes rutinarias,Solicitudes rutinarias
TK-002158,Solicitudes rutinarias,Solicitudes rutinarias
TK-002159,Solicitudes rutinarias,Solicitudes rutinarias
TK-002160,Solicitudes rutinarias,Solicitudes rutinarias
TK-002161,Solicitudes rutinarias,Solicitudes rutinarias
TK-002162,Errores recurrentes de software/ERP,Errores recurrentes de software/ERP
TK-002163,Solicitudes rutinarias,Solicitudes rutinarias
TK-002164,Fallas de hardware,Fallas de hardware
TK-002165,Solicitudes rutinarias,Solicitudes rutinarias
TK-002166,Solicitudes rutinarias,Solicitudes rutinarias
TK-002167,Errores recurrentes de software/ERP,Errores recurrentes de software/ERP
TK-002168,Solicitudes rutinarias,Solicitudes rutinarias
TK-002169,Solicitudes rutinarias,Errores recurrentes de software/ERP
TK-002170,Errores recurrentes de software/ERP,Errores recurrentes de software/ERP
TK-002171,Incidentes críticos de red,Incidentes críticos de red
TK-002172,Fallas de hardware,Solicitudes rutinarias
TK-002173,Solicitudes rutinarias,Solicitudes rutinarias
TK-002174,Solicitudes rutinarias,Solicitudes rutinarias
TK-002175,Solicitudes rutinarias,Solicitudes rutinarias
TK-002176,Solicitudes rutinarias,Solicitudes rutinarias
TK-002177,Errores recurrentes de software/ERP,Casos crónicos
TK-002178,Errores recurrentes de software/ERP,Errores recurrentes de software/ERP
TK-002179,Solicitudes rutinarias,Solicitudes rutinarias
TK-002180,Solicitudes rutinarias,Solicitudes rutinarias
TK-002181,Incidentes críticos de red,Incidentes críticos de red
TK-002182,Fallas de hardware,Fallas de hardware
TK-002183,Fallas de hardware,Fallas de hardware
TK-002184,Solicitudes rutinarias,Solicitudes rutinarias
TK-002185,Incidentes críticos de red,Errores recurrentes de software/ERP
TK-002186,Solicitudes rutinarias,Solicitudes rutinarias
TK-002187,Errores recurrentes de software/ERP,Errores recurrentes de software/ERP
TK-002188,Solicitudes rutinarias,Solicitudes rutinarias
TK-002189,Fallas de hardware,Fallas de hardware
TK-002190,Solicitudes rutinarias,Solicitudes rutinarias
TK-002191,Solicitudes rutinarias,Fallas de hardware
TK-002192,Errores recurrentes de software/ERP,Errores recurrentes de software/ERP
TK-002193,Errores recurrentes de software/ERP,Solicitudes rutinarias
TK-002194,Solicitudes rutinarias,Solicitudes rutinarias
TK-002195,Errores recurrentes de software/ERP,Errores recurrentes de software/ERP
TK-002196,Solicitudes rutinarias,Solicitudes rutinarias
TK-002197,Solicitudes rutinarias,Solicitudes rutinarias
TK-002198,Fallas de hardware,Fallas de hardware
TK-002199,Solicitudes rutinarias,Solicitudes rutinarias
TK-002200,Solicitudes rutinarias,Solicitudes rutinarias
TK-002201,Incidentes críticos de red,Incidentes críticos de red
TK-002202,Solicitudes rutinarias,Solicitudes rutinarias
TK-002203,Solicitudes rutinarias,Solicitudes rutinarias
TK-002204,Errores recurrentes de software/ERP,Errores recurrentes de software/ERP
TK-002205,Solicitudes rutinarias,Errores recurrentes de software/ERP
TK-002206,Solicitudes rutinarias,Solicitudes rutinarias
TK-002207,Fallas de hardware,Fallas de hardware
TK-002208,Incidentes críticos de red,Incidentes críticos de red
TK-002209,Solicitudes rutinarias,Fallas de hardware
TK-002210,Solicitudes rutinarias,Solicitudes rutinarias
TK-002211,Solicitudes rutinarias,Solicitudes rutinarias
TK-002212,Fallas de hardware,Fallas de hardware
TK-002213,Incidentes críticos de red,Incidentes críticos de red
TK-002214,Solicitudes rutinarias,Fallas de hardware
TK-002215,Solicitudes rutinarias,Solicitudes rutinarias
TK-002216,Errores recurrentes de software/ERP,Errores recurrentes de software/ERP
TK-002217,Solicitudes rutinarias,Solicitudes rutinarias
TK-002218,Solicitudes rutinarias,Fallas de hardware
TK-002219,Solicitudes rutinarias,Solicitudes rutinarias
TK-002220,Incidentes críticos de red,Incidentes críticos de red
TK-002221,Incidentes de seguridad,Incidentes de seguridad
TK-002222,Solicitudes rutinarias,Solicitudes rutinarias
TK-002223,Fallas de hardware,Fallas de hardware
TK-002224,Solicitudes rutinarias,Solicitudes rutinarias
TK-002225,Fallas de hardware,Fallas de hardware
TK-002226,Solicitudes rutinarias,Solicitudes rutinarias
TK-002227,Incidentes críticos de red,Errores recurrentes de software/ERP
TK-002228,Incidentes críticos de red,Incidentes críticos de red
TK-002229,Solicitudes rutinarias,Solicitudes rutinarias
TK-002230,Solicitudes rutinarias,Solicitudes rutinarias
TK-002231,Solicitudes rutinarias,Solicitudes rutinarias
TK-002232,Solicitudes rutinarias,Solicitudes rutinarias
TK-002233,Solicitudes rutinarias,Solicitudes rutinarias
TK-002234,Errores recurrentes de software/ERP,Errores recurrentes de software/ERP
TK-002235,Solicitudes rutinarias,Solicitudes rutinarias
TK-002236,Solicitudes rutinarias,Solicitudes rutinarias
TK-002237,Solicitudes rutinarias,Solicitudes rutinarias
TK-002238,Solicitudes rutinarias,Solicitudes rutinarias
TK-002239,Solicitudes rutinarias,Solicitudes rutinarias
TK-002240,Solicitudes rutinarias,Solicitudes rutinarias
TK-002241,Solicitudes rutinarias,Solicitudes rutinarias
TK-002242,Solicitudes rutinarias,Fallas de hardware
TK-002243,Solicitudes rutinarias,Solicitudes rutinarias
TK-002244,Solicitudes rutinarias,Solicitudes rutinarias
TK-002245,Fallas de hardware,Fallas de hardware
TK-002246,Solicitudes rutinarias,Solicitudes rutinarias
TK-002247,Solicitudes rutinarias,Solicitudes rutinarias
TK-002248,Solicitudes rutinarias,Solicitudes rutinarias
TK-002249,Fallas de hardware,Fallas de hardware
TK-002250,Solicitudes rutinarias,Solicitudes rutinarias
TK-002251,Solicitudes rutinarias,Solicitudes rutinarias
TK-002252,Solicitudes rutinarias,Solicitudes rutinarias
TK-002253,Fallas de hardware,Fallas de hardware
TK-002254,Incidentes de seguridad,Incidentes de seguridad
TK-002255,Errores recurrentes de software/ERP,Errores recurrentes de software/ERP
TK-002256,Fallas de hardware,Fallas de hardware
TK-002257,Errores recurrentes de software/ERP,Errores recurrentes de software/ERP
TK-002258,Fallas de hardware,Fallas de hardware
TK-002259,Solicitudes rutinarias,Solicitudes rutinarias
TK-002260,Fallas de hardware,Fallas de hardware
TK-002261,Errores recurrentes de software/ERP,Errores recurrentes de software/ERP
TK-002262,Solicitudes rutinarias,Solicitudes rutinarias
TK-002263,Errores recurrentes de software/ERP,Errores recurrentes de software/ERP
TK-002264,Fallas de hardware,Fallas de hardware
TK-002265,Solicitudes rutinarias,Solicitudes rutinarias
TK-002266,Solicitudes rutinarias,Solicitudes rutinarias
TK-002267,Solicitudes rutinarias,Solicitudes rutinarias
TK-002268,Solicitudes rutinarias,Solicitudes rutinarias
TK-002269,Solicitudes rutinarias,Solicitudes rutinarias
TK-002270,Incidentes de seguridad,Incidentes de seguridad
TK-002271,Solicitudes rutinarias,Solicitudes rutinarias
TK-002272,Errores recurrentes de software/ERP,Errores recurrentes de software/ERP
TK-002273,Solicitudes rutinarias,Solicitudes rutinarias
TK-002274,Fallas de hardware,Fallas de hardware
TK-002275,Solicitudes rutinarias,Solicitudes rutinarias
TK-002276,Solicitudes rutinarias,Solicitudes rutinarias
TK-002277,Casos crónicos,Casos crónicos
TK-002278,Incidentes de seguridad,Incidentes de seguridad
TK-002279,Solicitudes rutinarias,Solicitudes rutinarias
TK-002280,Errores recurrentes de software/ERP,Errores recurrentes de software/ERP
TK-002281,Solicitudes rutinarias,Errores recurrentes de software/ERP
TK-002282,Solicitudes rutinarias,Solicitudes rutinarias
TK-002283,Errores recurrentes de software/ERP,Solicitudes rutinarias
TK-002284,Solicitudes rutinarias,Solicitudes rutinarias
TK-002285,Solicitudes rutinarias,Solicitudes rutinarias
TK-002286,Solicitudes rutinarias,Solicitudes rutinarias
TK-002287,Incidentes críticos de red,Incidentes críticos de red
TK-002288,Fallas de hardware,Fallas de hardware
TK-002289,Solicitudes rutinarias,Solicitudes rutinarias
TK-002290,Errores recurrentes de software/ERP,Errores recurrentes de software/ERP
TK-002291,Fallas de hardware,Fallas de hardware
TK-002292,Solicitudes rutinarias,Solicitudes rutinarias
TK-002293,Solicitudes rutinarias,Solicitudes rutinarias
TK-002294,Fallas de hardware,Fallas de hardware
TK-002295,Errores recurrentes de software/ERP,Errores recurrentes de software/ERP
TK-002296,Solicitudes rutinarias,Solicitudes rutinarias
TK-002297,Incidentes de seguridad,Incidentes de seguridad
TK-002298,Incidentes críticos de red,Incidentes críticos de red
TK-002299,Solicitudes rutinarias,Fallas de hardware
TK-002300,Fallas de hardware,Fallas de hardware
TK-002301,Solicitudes rutinarias,Solicitudes rutinarias
TK-002302,Fallas de hardware,Solicitudes rutinarias
TK-002303,Errores recurrentes de software/ERP,Errores recurrentes de software/ERP
TK-002304,Solicitudes rutinarias,Solicitudes rutinarias
TK-002305,Solicitudes rutinarias,Solicitudes rutinarias
TK-002306,Casos crónicos,Casos crónicos
TK-002307,Solicitudes rutinarias,Solicitudes rutinarias
TK-002308,Incidentes de seguridad,Incidentes de seguridad
TK-002309,Solicitudes rutinarias,Solicitudes rutinarias
TK-002310,Fallas de hardware,Fallas de hardware
TK-002311,Solicitudes rutinarias,Solicitudes rutinarias
TK-002312,Errores recurrentes de software/ERP,Errores recurrentes de software/ERP
TK-002313,Solicitudes rutinarias,Solicitudes rutinarias
TK-002314,Errores recurrentes de software/ERP,Errores recurrentes de software/ERP
TK-002315,Errores recurrentes de software/ERP,Errores recurrentes de software/ERP
TK-002316,Incidentes de seguridad,Incidentes de seguridad
TK-002317,Solicitudes rutinarias,Errores recurrentes de software/ERP
TK-002318,Fallas de hardware,Fallas de hardware
TK-002319,Solicitudes rutinarias,Solicitudes rutinarias
TK-002320,Incidentes de seguridad,Incidentes críticos de red
TK-002321,Solicitudes rutinarias,Errores recurrentes de software/ERP
TK-002322,Casos crónicos,Casos crónicos
TK-002323,Solicitudes rutinarias,Solicitudes rutinarias
TK-002324,Fallas de hardware,Fallas de hardware
TK-002325,Errores recurrentes de software/ERP,Errores recurrentes de software/ERP
TK-002326,Solicitudes rutinarias,Solicitudes rutinarias
TK-002327,Fallas de hardware,Fallas de hardware
TK-002328,Errores recurrentes de software/ERP,Errores recurrentes de software/ERP
TK-002329,Incidentes de seguridad,Incidentes de seguridad
TK-002330,Solicitudes rutinarias,Solicitudes rutinarias
TK-002331,Solicitudes rutinarias,Solicitudes rutinarias
TK-002332,Errores recurrentes de software/ERP,Errores recurrentes de software/ERP
TK-002333,Incidentes de seguridad,Incidentes de seguridad
TK-002334,Errores recurrentes de software/ERP,Errores recurrentes de software/ERP
TK-002335,Errores recurrentes de software/ERP,Casos crónicos
TK-002336,Incidentes de seguridad,Incidentes críticos de red
TK-002337,Fallas de hardware,Errores recurrentes de software/ERP
TK-002338,Incidentes de seguridad,Incidentes de seguridad
TK-002339,Solicitudes rutinarias,Solicitudes rutinarias
TK-002340,Incidentes de seguridad,Incidentes de seguridad
TK-002341,Fallas de hardware,Fallas de hardware
TK-002342,Errores recurrentes de software/ERP,Errores recurrentes de software/ERP
TK-002343,Incidentes de seguridad,Incidentes de seguridad
TK-002344,Solicitudes rutinarias,Solicitudes rutinarias
TK-002345,Solicitudes rutinarias,Solicitudes rutinarias
TK-002346,Solicitudes rutinarias,Solicitudes rutinarias
TK-002347,Solicitudes rutinarias,Solicitudes rutinarias
TK-002348,Solicitudes rutinarias,Solicitudes rutinarias
TK-002349,Errores recurrentes de software/ERP,Errores recurrentes de software/ERP
TK-002350,Incidentes críticos de red,Incidentes críticos de red
TK-002351,Fallas de hardware,Fallas de hardware
TK-002352,Fallas de hardware,Fallas de hardware
TK-002353,Fallas de hardware,Fallas de hardware
TK-002354,Fallas de hardware,Fallas de hardware
TK-002355,Incidentes de seguridad,Incidentes de seguridad
TK-002356,Incidentes críticos de red,Incidentes críticos de red
TK-002357,Solicitudes rutinarias,Errores recurrentes de software/ERP
TK-002358,Solicitudes rutinarias,Fallas de hardware
TK-002359,Fallas de hardware,Fallas de hardware
TK-002360,Errores recurrentes de software/ERP,Errores recurrentes de software/ERP
TK-002361,Errores recurrentes de software/ERP,Errores recurrentes de software/ERP
TK-002362,Solicitudes rutinarias,Solicitudes rutinarias
TK-002363,Solicitudes rutinarias,Solicitudes rutinarias
TK-002364,Incidentes de seguridad,Incidentes de seguridad
TK-002365,Errores recurrentes de software/ERP,Errores recurrentes de software/ERP
TK-002366,Incidentes críticos de red,Incidentes críticos de red
TK-002367,Incidentes críticos de red,Errores recurrentes de software/ERP
TK-002368,Solicitudes rutinarias,Solicitudes rutinarias
TK-002369,Solicitudes rutinarias,Solicitudes rutinarias
TK-002370,Incidentes de seguridad,Incidentes de seguridad
TK-002371,Solicitudes rutinarias,Solicitudes rutinarias
TK-002372,Incidentes de seguridad,Incidentes de seguridad
TK-002373,Solicitudes rutinarias,Solicitudes rutinarias
TK-002374,Fallas de hardware,Fallas de hardware
TK-002375,Solicitudes rutinarias,Solicitudes rutinarias
TK-002376,Fallas de hardware,Fallas de hardware
TK-002377,Fallas de hardware,Fallas de hardware
TK-002378,Solicitudes rutinarias,Solicitudes rutinarias
TK-002379,Solicitudes rutinarias,Solicitudes rutinarias
TK-002380,Solicitudes rutinarias,Solicitudes rutinarias
TK-002381,Solicitudes rutinarias,Solicitudes rutinarias
TK-002382,Solicitudes rutinarias,Solicitudes rutinarias
TK-002383,Solicitudes rutinarias,Solicitudes rutinarias
TK-002384,Solicitudes rutinarias,Solicitudes rutinarias
TK-002385,Solicitudes rutinarias,Errores recurrentes de software/ERP
TK-002386,Solicitudes rutinarias,Solicitudes rutinarias
TK-002387,Errores recurrentes de software/ERP,Errores recurrentes de software/ERP
TK-002388,Solicitudes rutinarias,Solicitudes rutinarias
TK-002389,Fallas de hardware,Fallas de hardware
TK-002390,Solicitudes rutinarias,Errores recurrentes de software/ERP
TK-002391,Solicitudes rutinarias,Solicitudes rutinarias
TK-002392,Solicitudes rutinarias,Solicitudes rutinarias
TK-002393,Incidentes críticos de red,Incidentes críticos de red
TK-002394,Solicitudes rutinarias,Fallas de hardware
TK-002395,Solicitudes rutinarias,Solicitudes rutinarias
TK-002396,Errores recurrentes de software/ERP,Errores recurrentes de software/ERP
TK-002397,Fallas de hardware,Fallas de hardware
TK-002398,Solicitudes rutinarias,Errores recurrentes de software/ERP
TK-002399,Errores recurrentes de software/ERP,Errores recurrentes de software/ERP
TK-002400,Errores recurrentes de software/ERP,Errores recurrentes de software/ERP
TK-002401,Solicitudes rutinarias,Solicitudes rutinarias
TK-002402,Solicitudes rutinarias,Solicitudes rutinarias
TK-002403,Solicitudes rutinarias,Solicitudes rutinarias
TK-002404,Errores recurrentes de software/ERP,Errores recurrentes de software/ERP
TK-002405,Errores recurrentes de software/ERP,Errores recurrentes de software/ERP
TK-002406,Solicitudes rutinarias,Solicitudes rutinarias
TK-002407,Fallas de hardware,Fallas de hardware
TK-002408,Errores recurrentes de software/ERP,Errores recurrentes de software/ERP
TK-002409,Solicitudes rutinarias,Solicitudes rutinarias
TK-002410,Fallas de hardware,Fallas de hardware
TK-002411,Solicitudes rutinarias,Solicitudes rutinarias
TK-002412,Errores recurrentes de software/ERP,Errores recurrentes de software/ERP
TK-002413,Errores recurrentes de software/ERP,Errores recurrentes de software/ERP
TK-002414,Casos crónicos,Casos crónicos
TK-002415,Solicitudes rutinarias,Solicitudes rutinarias
TK-002416,Solicitudes rutinarias,Errores recurrentes de software/ERP
TK-002417,Errores recurrentes de software/ERP,Errores recurrentes de software/ERP
TK-002418,Solicitudes rutinarias,Solicitudes rutinarias
TK-002419,Errores recurrentes de software/ERP,Errores recurrentes de software/ERP
TK-002420,Casos crónicos,Casos crónicos
TK-002421,Solicitudes rutinarias,Solicitudes rutinarias
TK-002422,Solicitudes rutinarias,Solicitudes rutinarias
TK-002423,Errores recurrentes de software/ERP,Errores recurrentes de software/ERP
TK-002424,Errores recurrentes de software/ERP,Errores recurrentes de software/ERP
TK-002425,Errores recurrentes de software/ERP,Errores recurrentes de software/ERP
TK-002426,Fallas de hardware,Fallas de hardware
TK-002427,Errores recurrentes de software/ERP,Errores recurrentes de software/ERP
TK-002428,Fallas de hardware,Fallas de hardware
TK-002429,Solicitudes rutinarias,Solicitudes rutinarias
TK-002430,Solicitudes rutinarias,Solicitudes rutinarias
TK-002431,Incidentes críticos de red,Incidentes críticos de red
TK-002432,Errores recurrentes de software/ERP,Errores recurrentes de software/ERP
TK-002433,Solicitudes rutinarias,Solicitudes rutinarias
TK-002434,Incidentes críticos de red,Incidentes de seguridad
TK-002435,Casos crónicos,Casos crónicos
TK-002436,Solicitudes rutinarias,Solicitudes rutinarias
TK-002437,Solicitudes rutinarias,Solicitudes rutinarias
TK-002438,Errores recurrentes de software/ERP,Errores recurrentes de software/ERP
TK-002439,Errores recurrentes de software/ERP,Errores recurrentes de software/ERP
TK-002440,Solicitudes rutinarias,Solicitudes rutinarias
TK-002441,Solicitudes rutinarias,Solicitudes rutinarias
TK-002442,Errores recurrentes de software/ERP,Errores recurrentes de software/ERP
TK-002443,Fallas de hardware,Fallas de hardware
TK-002444,Fallas de hardware,Fallas de hardware
TK-002445,Solicitudes rutinarias,Solicitudes rutinarias
TK-002446,Solicitudes rutinarias,Solicitudes rutinarias
TK-002447,Errores recurrentes de software/ERP,Errores recurrentes de software/ERP
TK-002448,Solicitudes rutinarias,Solicitudes rutinarias
TK-002449,Errores recurrentes de software/ERP,Errores recurrentes de software/ERP
TK-002450,Solicitudes rutinarias,Solicitudes rutinarias
TK-002451,Fallas de hardware,Fallas de hardware
TK-002452,Casos crónicos,Casos crónicos
TK-002453,Solicitudes rutinarias,Solicitudes rutinarias
TK-002454,Solicitudes rutinarias,Fallas de hardware
TK-002455,Fallas de hardware,Fallas de hardware
TK-002456,Incidentes críticos de red,Incidentes críticos de red
TK-002457,Fallas de hardware,Fallas de hardware
TK-002458,Errores recurrentes de software/ERP,Errores recurrentes de software/ERP
TK-002459,Fallas de hardware,Fallas de hardware
TK-002460,Fallas de hardware,Fallas de hardware
TK-002461,Errores recurrentes de software/ERP,Errores recurrentes de software/ERP
TK-002462,Solicitudes rutinarias,Solicitudes rutinarias
TK-002463,Solicitudes rutinarias,Solicitudes rutinarias
TK-002464,Errores recurrentes de software/ERP,Solicitudes rutinarias
TK-002465,Solicitudes rutinarias,Solicitudes rutinarias
TK-002466,Errores recurrentes de software/ERP,Errores recurrentes de software/ERP
TK-002467,Solicitudes rutinarias,Solicitudes rutinarias
TK-002468,Solicitudes rutinarias,Solicitudes rutinarias
TK-002469,Fallas de hardware,Fallas de hardware
TK-002470,Incidentes críticos de red,Incidentes críticos de red
TK-002471,Solicitudes rutinarias,Solicitudes rutinarias
TK-002472,Solicitudes rutinarias,Solicitudes rutinarias
TK-002473,Casos crónicos,Casos crónicos
TK-002474,Solicitudes rutinarias,Solicitudes rutinarias
TK-002475,Solicitudes rutinarias,Solicitudes rutinarias
TK-002476,Errores recurrentes de software/ERP,Errores recurrentes de software/ERP
TK-002477,Casos crónicos,Casos crónicos
TK-002478,Solicitudes rutinarias,Solicitudes rutinarias
TK-002479,Errores recurrentes de software/ERP,Casos crónicos
TK-002480,Errores recurrentes de software/ERP,Errores recurrentes de software/ERP
TK-002481,Solicitudes rutinarias,Solicitudes rutinarias
TK-002482,Solicitudes rutinarias,Solicitudes rutinarias
TK-002483,Solicitudes rutinarias,Solicitudes rutinarias
TK-002484,Errores recurrentes de software/ERP,Errores recurrentes de software/ERP
TK-002485,Solicitudes rutinarias,Solicitudes rutinarias
TK-002486,Solicitudes rutinarias,Solicitudes rutinarias
TK-002487,Incidentes de seguridad,Incidentes de seguridad
TK-002488,Fallas de hardware,Fallas de hardware
TK-002489,Casos crónicos,Casos crónicos
TK-002490,Incidentes críticos de red,Incidentes críticos de red
TK-002491,Solicitudes rutinarias,Fallas de hardware
TK-002492,Solicitudes rutinarias,Solicitudes rutinarias
TK-002493,Errores recurrentes de software/ERP,Errores recurrentes de software/ERP
TK-002494,Solicitudes rutinarias,Solicitudes rutinarias
TK-002495,Solicitudes rutinarias,Solicitudes rutinarias
TK-002496,Errores recurrentes de software/ERP,Errores recurrentes de software/ERP
TK-002497,Solicitudes rutinarias,Solicitudes rutinarias
TK-002498,Solicitudes rutinarias,Solicitudes rutinarias
TK-002499,Casos crónicos,Casos crónicos
TK-002500,Solicitudes rutinarias,Solicitudes rutinarias
TK-002501,Solicitudes rutinarias,Solicitudes rutinarias
TK-002502,Casos crónicos,Casos crónicos
TK-002503,Fallas de hardware,Fallas de hardware
TK-002504,Errores recurrentes de software/ERP,Errores recurrentes de software/ERP
TK-002505,Fallas de hardware,Errores recurrentes de software/ERP
TK-002506,Solicitudes rutinarias,Solicitudes rutinarias
TK-002507,Solicitudes rutinarias,Solicitudes rutinarias
TK-002508,Errores recurrentes de software/ERP,Errores recurrentes de software/ERP
TK-002509,Solicitudes rutinarias,Solicitudes rutinarias
TK-002510,Solicitudes rutinarias,Solicitudes rutinarias
TK-002511,Solicitudes rutinarias,Solicitudes rutinarias
TK-002512,Solicitudes rutinarias,Solicitudes rutinarias
TK-002513,Solicitudes rutinarias,Solicitudes rutinarias
TK-002514,Errores recurrentes de software/ERP,Errores recurrentes de software/ERP
TK-002515,Solicitudes rutinarias,Solicitudes rutinarias
TK-002516,Incidentes críticos de red,Incidentes críticos de red
TK-002517,Solicitudes rutinarias,Solicitudes rutinarias
TK-002518,Solicitudes rutinarias,Solicitudes rutinarias
TK-002519,Incidentes críticos de red,Incidentes críticos de red
TK-002520,Solicitudes rutinarias,Solicitudes rutinarias
TK-002521,Incidentes de seguridad,Incidentes de seguridad
TK-002522,Fallas de hardware,Solicitudes rutinarias
TK-002523,Errores recurrentes de software/ERP,Casos crónicos
TK-002524,Errores recurrentes de software/ERP,Errores recurrentes de software/ERP
TK-002525,Errores recurrentes de software/ERP,Errores recurrentes de software/ERP
TK-002526,Solicitudes rutinarias,Solicitudes rutinarias
TK-002527,Errores recurrentes de software/ERP,Errores recurrentes de software/ERP
TK-002528,Errores recurrentes de software/ERP,Errores recurrentes de software/ERP
TK-002529,Incidentes de seguridad,Incidentes de seguridad
TK-002530,Fallas de hardware,Fallas de hardware
TK-002531,Solicitudes rutinarias,Errores recurrentes de software/ERP
TK-002532,Solicitudes rutinarias,Solicitudes rutinarias
TK-002533,Solicitudes rutinarias,Solicitudes rutinarias
TK-002534,Solicitudes rutinarias,Solicitudes rutinarias
TK-002535,Solicitudes rutinarias,Solicitudes rutinarias
TK-002536,Fallas de hardware,Fallas de hardware
TK-002537,Fallas de hardware,Fallas de hardware
TK-002538,Fallas de hardware,Fallas de hardware
TK-002539,Solicitudes rutinarias,Solicitudes rutinarias
TK-002540,Incidentes críticos de red,Incidentes críticos de red
TK-002541,Casos crónicos,Casos crónicos
TK-002542,Solicitudes rutinarias,Solicitudes rutinarias
TK-002543,Solicitudes rutinarias,Solicitudes rutinarias
TK-002544,Errores recurrentes de software/ERP,Solicitudes rutinarias
TK-002545,Solicitudes rutinarias,Solicitudes rutinarias
TK-002546,Solicitudes rutinarias,Solicitudes rutinarias
TK-002547,Solicitudes rutinarias,Solicitudes rutinarias
TK-002548,Solicitudes rutinarias,Solicitudes rutinarias
TK-002549,Solicitudes rutinarias,Fallas de hardware
TK-002550,Solicitudes rutinarias,Solicitudes rutinarias
TK-002551,Fallas de hardware,Fallas de hardware
TK-002552,Incidentes de seguridad,Incidentes de seguridad
TK-002553,Errores recurrentes de software/ERP,Errores recurrentes de software/ERP
TK-002554,Incidentes críticos de red,Incidentes críticos de red
TK-002555,Solicitudes rutinarias,Solicitudes rutinarias
TK-002556,Fallas de hardware,Fallas de hardware
TK-002557,Fallas de hardware,Errores recurrentes de software/ERP
TK-002558,Errores recurrentes de software/ERP,Errores recurrentes de software/ERP
TK-002559,Fallas de hardware,Fallas de hardware
TK-002560,Fallas de hardware,Fallas de hardware
TK-002561,Errores recurrentes de software/ERP,Errores recurrentes de software/ERP
TK-002562,Incidentes críticos de red,Incidentes críticos de red
TK-002563,Solicitudes rutinarias,Solicitudes rutinarias
TK-002564,Solicitudes rutinarias,Solicitudes rutinarias
TK-002565,Solicitudes rutinarias,Fallas de hardware
TK-002566,Solicitudes rutinarias,Solicitudes rutinarias
TK-002567,Fallas de hardware,Errores recurrentes de software/ERP
TK-002568,Solicitudes rutinarias,Solicitudes rutinarias
TK-002569,Errores recurrentes de software/ERP,Errores recurrentes de software/ERP
TK-002570,Fallas de hardware,Fallas de hardware
TK-002571,Fallas de hardware,Errores recurrentes de software/ERP
TK-002572,Solicitudes rutinarias,Solicitudes rutinarias
TK-002573,Solicitudes rutinarias,Solicitudes rutinarias
TK-002574,Casos crónicos,Incidentes críticos de red
TK-002575,Solicitudes rutinarias,Solicitudes rutinarias
TK-002576,Solicitudes rutinarias,Solicitudes rutinarias
TK-002577,Fallas de hardware,Fallas de hardware
TK-002578,Fallas de hardware,Fallas de hardware
TK-002579,Solicitudes rutinarias,Solicitudes rutinarias
TK-002580,Fallas de hardware,Fallas de hardware
TK-002581,Solicitudes rutinarias,Solicitudes rutinarias
TK-002582,Solicitudes rutinarias,Solicitudes rutinarias
TK-002583,Errores recurrentes de software/ERP,Errores recurrentes de software/ERP
TK-002584,Errores recurrentes de software/ERP,Errores recurrentes de software/ERP
TK-002585,Solicitudes rutinarias,Solicitudes rutinarias
TK-002586,Fallas de hardware,Fallas de hardware
TK-002587,Incidentes críticos de red,Incidentes críticos de red
TK-002588,Incidentes de seguridad,Incidentes de seguridad
TK-002589,Errores recurrentes de software/ERP,Errores recurrentes de software/ERP
TK-002590,Errores recurrentes de software/ERP,Errores recurrentes de software/ERP
TK-002591,Solicitudes rutinarias,Solicitudes rutinarias
TK-002592,Errores recurrentes de software/ERP,Errores recurrentes de software/ERP
TK-002593,Solicitudes rutinarias,Solicitudes rutinarias
TK-002594,Incidentes críticos de red,Incidentes críticos de red
TK-002595,Errores recurrentes de software/ERP,Errores recurrentes de software/ERP
TK-002596,Solicitudes rutinarias,Solicitudes rutinarias
TK-002597,Fallas de hardware,Fallas de hardware
TK-002598,Fallas de hardware,Fallas de hardware
TK-002599,Incidentes de seguridad,Incidentes de seguridad
TK-002600,Incidentes críticos de red,Errores recurrentes de software/ERP
TK-002601,Incidentes críticos de red,Incidentes críticos de red
TK-002602,Solicitudes rutinarias,Solicitudes rutinarias
TK-002603,Incidentes de seguridad,Incidentes de seguridad
TK-002604,Fallas de hardware,Fallas de hardware
TK-002605,Casos crónicos,Casos crónicos
TK-002606,Solicitudes rutinarias,Fallas de hardware
TK-002607,Solicitudes rutinarias,Solicitudes rutinarias
TK-002608,Solicitudes rutinarias,Solicitudes rutinarias
TK-002609,Solicitudes rutinarias,Solicitudes rutinarias
TK-002610,Solicitudes rutinarias,Solicitudes rutinarias
TK-002611,Solicitudes rutinarias,Solicitudes rutinarias
TK-002612,Errores recurrentes de software/ERP,Errores recurrentes de software/ERP
TK-002613,Fallas de hardware,Fallas de hardware
TK-002614,Errores recurrentes de software/ERP,Casos crónicos
TK-002615,Solicitudes rutinarias,Solicitudes rutinarias
TK-002616,Solicitudes rutinarias,Solicitudes rutinarias
TK-002617,Errores recurrentes de software/ERP,Errores recurrentes de software/ERP
TK-002618,Solicitudes rutinarias,Solicitudes rutinarias
TK-002619,Solicitudes rutinarias,Fallas de hardware
TK-002620,Errores recurrentes de software/ERP,Errores recurrentes de software/ERP
TK-002621,Incidentes críticos de red,Incidentes críticos de red
TK-002622,Incidentes de seguridad,Incidentes de seguridad
TK-002623,Solicitudes rutinarias,Solicitudes rutinarias
TK-002624,Fallas de hardware,Fallas de hardware
TK-002625,Solicitudes rutinarias,Solicitudes rutinarias
TK-002626,Solicitudes rutinarias,Solicitudes rutinarias
TK-002627,Incidentes de seguridad,Incidentes de seguridad
TK-002628,Solicitudes rutinarias,Solicitudes rutinarias
TK-002629,Incidentes críticos de red,Incidentes críticos de red
TK-002630,Solicitudes rutinarias,Solicitudes rutinarias
TK-002631,Casos crónicos,Casos crónicos
TK-002632,Solicitudes rutinarias,Solicitudes rutinarias
TK-002633,Solicitudes rutinarias,Solicitudes rutinarias
TK-002634,Solicitudes rutinarias,Solicitudes rutinarias
TK-002635,Solicitudes rutinarias,Solicitudes rutinarias
TK-002636,Errores recurrentes de software/ERP,Errores recurrentes de software/ERP
TK-002637,Errores recurrentes de software/ERP,Errores recurrentes de software/ERP
TK-002638,Fallas de hardware,Fallas de hardware
TK-002639,Solicitudes rutinarias,Solicitudes rutinarias
TK-002640,Solicitudes rutinarias,Errores recurrentes de software/ERP
TK-002641,Errores recurrentes de software/ERP,Errores recurrentes de software/ERP
TK-002642,Fallas de hardware,Fallas de hardware
TK-002643,Solicitudes rutinarias,Solicitudes rutinarias
TK-002644,Errores recurrentes de software/ERP,Errores recurrentes de software/ERP
TK-002645,Solicitudes rutinarias,Solicitudes rutinarias
TK-002646,Errores recurrentes de software/ERP,Errores recurrentes de software/ERP
TK-002647,Fallas de hardware,Fallas de hardware
TK-002648,Fallas de hardware,Fallas de hardware
TK-002649,Errores recurrentes de software/ERP,Errores recurrentes de software/ERP
TK-002650,Fallas de hardware,Errores recurrentes de software/ERP
TK-002651,Solicitudes rutinarias,Solicitudes rutinarias
TK-002652,Errores recurrentes de software/ERP,Errores recurrentes de software/ERP
TK-002653,Solicitudes rutinarias,Solicitudes rutinarias
TK-002654,Errores recurrentes de software/ERP,Errores recurrentes de software/ERP
TK-002655,Solicitudes rutinarias,Solicitudes rutinarias
TK-002656,Incidentes de seguridad,Incidentes de seguridad
TK-002657,Solicitudes rutinarias,Solicitudes rutinarias
TK-002658,Fallas de hardware,Fallas de hardware
TK-002659,Incidentes críticos de red,Incidentes críticos de red
TK-002660,Incidentes de seguridad,Incidentes de seguridad
TK-002661,Solicitudes rutinarias,Solicitudes rutinarias
TK-002662,Errores recurrentes de software/ERP,Errores recurrentes de software/ERP
TK-002663,Fallas de hardware,Fallas de hardware
TK-002664,Errores recurrentes de software/ERP,Errores recurrentes de software/ERP
TK-002665,Errores recurrentes de software/ERP,Errores recurrentes de software/ERP
TK-002666,Solicitudes rutinarias,Errores recurrentes de software/ERP
TK-002667,Solicitudes rutinarias,Solicitudes rutinarias
TK-002668,Solicitudes rutinarias,Fallas de hardware
TK-002669,Solicitudes rutinarias,Solicitudes rutinarias
TK-002670,Solicitudes rutinarias,Solicitudes rutinarias
TK-002671,Fallas de hardware,Fallas de hardware
TK-002672,Errores recurrentes de software/ERP,Errores recurrentes de software/ERP
TK-002673,Solicitudes rutinarias,Solicitudes rutinarias
TK-002674,Solicitudes rutinarias,Solicitudes rutinarias
TK-002675,Solicitudes rutinarias,Solicitudes rutinarias
TK-002676,Incidentes críticos de red,Incidentes críticos de red
TK-002677,Solicitudes rutinarias,Solicitudes rutinarias
TK-002678,Errores recurrentes de software/ERP,Errores recurrentes de software/ERP
TK-002679,Fallas de hardware,Fallas de hardware
TK-002680,Fallas de hardware,Fallas de hardware
TK-002681,Solicitudes rutinarias,Solicitudes rutinarias
TK-002682,Solicitudes rutinarias,Solicitudes rutinarias
TK-002683,Incidentes de seguridad,Incidentes críticos de red
TK-002684,Errores recurrentes de software/ERP,Errores recurrentes de software/ERP
TK-002685,Incidentes de seguridad,Incidentes de seguridad
TK-002686,Errores recurrentes de software/ERP,Casos crónicos
TK-002687,Solicitudes rutinarias,Solicitudes rutinarias
TK-002688,Solicitudes rutinarias,Errores recurrentes de software/ERP
TK-002689,Solicitudes rutinarias,Solicitudes rutinarias
TK-002690,Solicitudes rutinarias,Errores recurrentes de software/ERP
TK-002691,Solicitudes rutinarias,Solicitudes rutinarias
TK-002692,Solicitudes rutinarias,Solicitudes rutinarias
TK-002693,Solicitudes rutinarias,Fallas de hardware
TK-002694,Fallas de hardware,Fallas de hardware
TK-002695,Errores recurrentes de software/ERP,Errores recurrentes de software/ERP
TK-002696,Solicitudes rutinarias,Solicitudes rutinarias
TK-002697,Solicitudes rutinarias,Errores recurrentes de software/ERP
TK-002698,Solicitudes rutinarias,Solicitudes rutinarias
TK-002699,Solicitudes rutinarias,Solicitudes rutinarias
TK-002700,Solicitudes rutinarias,Solicitudes rutinarias
TK-002701,Errores recurrentes de software/ERP,Errores recurrentes de software/ERP
TK-002702,Solicitudes rutinarias,Solicitudes rutinarias
TK-002703,Solicitudes rutinarias,Solicitudes rutinarias
TK-002704,Solicitudes rutinarias,Solicitudes rutinarias
TK-002705,Errores recurrentes de software/ERP,Casos crónicos
TK-002706,Errores recurrentes de software/ERP,Errores recurrentes de software/ERP
TK-002707,Solicitudes rutinarias,Solicitudes rutinarias
TK-002708,Fallas de hardware,Fallas de hardware
TK-002709,Solicitudes rutinarias,Fallas de hardware
TK-002710,Casos crónicos,Incidentes críticos de red
TK-002711,Casos crónicos,Casos crónicos
TK-002712,Incidentes críticos de red,Incidentes críticos de red
TK-002713,Fallas de hardware,Fallas de hardware
TK-002714,Errores recurrentes de software/ERP,Errores recurrentes de software/ERP
TK-002715,Solicitudes rutinarias,Solicitudes rutinarias
TK-002716,Incidentes de seguridad,Solicitudes rutinarias
TK-002717,Solicitudes rutinarias,Solicitudes rutinarias
TK-002718,Incidentes críticos de red,Incidentes críticos de red
TK-002719,Solicitudes rutinarias,Solicitudes rutinarias
TK-002720,Errores recurrentes de software/ERP,Errores recurrentes de software/ERP
TK-002721,Solicitudes rutinarias,Solicitudes rutinarias
TK-002722,Errores recurrentes de software/ERP,Errores recurrentes de software/ERP
TK-002723,Fallas de hardware,Fallas de hardware
TK-002724,Solicitudes rutinarias,Solicitudes rutinarias
TK-002725,Errores recurrentes de software/ERP,Errores recurrentes de software/ERP
TK-002726,Solicitudes rutinarias,Solicitudes rutinarias
TK-002727,Fallas de hardware,Fallas de hardware
TK-002728,Fallas de hardware,Fallas de hardware
TK-002729,Solicitudes rutinarias,Solicitudes rutinarias
TK-002730,Solicitudes rutinarias,Solicitudes rutinarias
TK-002731,Fallas de hardware,Fallas de hardware
TK-002732,Solicitudes rutinarias,Solicitudes rutinarias
TK-002733,Solicitudes rutinarias,Solicitudes rutinarias
TK-002734,Solicitudes rutinarias,Solicitudes rutinarias
TK-002735,Solicitudes rutinarias,Solicitudes rutinarias
TK-002736,Solicitudes rutinarias,Solicitudes rutinarias
TK-002737,Solicitudes rutinarias,Solicitudes rutinarias
TK-002738,Solicitudes rutinarias,Solicitudes rutinarias
TK-002739,Errores recurrentes de software/ERP,Casos crónicos
TK-002740,Solicitudes rutinarias,Solicitudes rutinarias
TK-002741,Incidentes de seguridad,Incidentes de seguridad
TK-002742,Errores recurrentes de software/ERP,Errores recurrentes de software/ERP
TK-002743,Incidentes de seguridad,Incidentes de seguridad
TK-002744,Errores recurrentes de software/ERP,Errores recurrentes de software/ERP
TK-002745,Solicitudes rutinarias,Solicitudes rutinarias
TK-002746,Solicitudes rutinarias,Solicitudes rutinarias
TK-002747,Solicitudes rutinarias,Solicitudes rutinarias
TK-002748,Fallas de hardware,Fallas de hardware
TK-002749,Solicitudes rutinarias,Solicitudes rutinarias
TK-002750,Solicitudes rutinarias,Solicitudes rutinarias
TK-002751,Errores recurrentes de software/ERP,Errores recurrentes de software/ERP
TK-002752,Incidentes críticos de red,Incidentes críticos de red
TK-002753,Errores recurrentes de software/ERP,Errores recurrentes de software/ERP
TK-002754,Fallas de hardware,Fallas de hardware
TK-002755,Solicitudes rutinarias,Solicitudes rutinarias
TK-002756,Incidentes de seguridad,Incidentes de seguridad
TK-002757,Fallas de hardware,Fallas de hardware
TK-002758,Errores recurrentes de software/ERP,Errores recurrentes de software/ERP
TK-002759,Solicitudes rutinarias,Solicitudes rutinarias
TK-002760,Solicitudes rutinarias,Solicitudes rutinarias
TK-002761,Incidentes de seguridad,Incidentes de seguridad
TK-002762,Solicitudes rutinarias,Solicitudes rutinarias
TK-002763,Solicitudes rutinarias,Solicitudes rutinarias
TK-002764,Fallas de hardware,Fallas de hardware
TK-002765,Fallas de hardware,Fallas de hardware
TK-002766,Errores recurrentes de software/ERP,Errores recurrentes de software/ERP
TK-002767,Incidentes de seguridad,Incidentes críticos de red
TK-002768,Incidentes de seguridad,Incidentes de seguridad
TK-002769,Solicitudes rutinarias,Solicitudes rutinarias
TK-002770,Errores recurrentes de software/ERP,Errores recurrentes de software/ERP
TK-002771,Fallas de hardware,Fallas de hardware
TK-002772,Incidentes críticos de red,Incidentes críticos de red
TK-002773,Solicitudes rutinarias,Solicitudes rutinarias
TK-002774,Errores recurrentes de software/ERP,Errores recurrentes de software/ERP
TK-002775,Solicitudes rutinarias,Errores recurrentes de software/ERP
TK-002776,Casos crónicos,Casos crónicos
TK-002777,Solicitudes rutinarias,Solicitudes rutinarias
TK-002778,Solicitudes rutinarias,Solicitudes rutinarias
TK-002779,Solicitudes rutinarias,Solicitudes rutinarias
TK-002780,Solicitudes rutinarias,Solicitudes rutinarias
TK-002781,Solicitudes rutinarias,Fallas de hardware
TK-002782,Solicitudes rutinarias,Solicitudes rutinarias
TK-002783,Solicitudes rutinarias,Solicitudes rutinarias
TK-002784,Errores recurrentes de software/ERP,Errores recurrentes de software/ERP
TK-002785,Solicitudes rutinarias,Solicitudes rutinarias
TK-002786,Solicitudes rutinarias,Solicitudes rutinarias
TK-002787,Fallas de hardware,Fallas de hardware
TK-002788,Fallas de hardware,Fallas de hardware
TK-002789,Incidentes críticos de red,Incidentes críticos de red
TK-002790,Fallas de hardware,Fallas de hardware
TK-002791,Incidentes de seguridad,Incidentes de seguridad
TK-002792,Fallas de hardware,Fallas de hardware
TK-002793,Solicitudes rutinarias,Solicitudes rutinarias
TK-002794,Solicitudes rutinarias,Solicitudes rutinarias
TK-002795,Solicitudes rutinarias,Solicitudes rutinarias
TK-002796,Solicitudes rutinarias,Solicitudes rutinarias
TK-002797,Solicitudes rutinarias,Solicitudes rutinarias
TK-002798,Fallas de hardware,Fallas de hardware
TK-002799,Fallas de hardware,Fallas de hardware
TK-002800,Solicitudes rutinarias,Solicitudes rutinarias
TK-002801,Errores recurrentes de software/ERP,Errores recurrentes de software/ERP
TK-002802,Incidentes críticos de red,Incidentes críticos de red
TK-002803,Solicitudes rutinarias,Solicitudes rutinarias
TK-002804,Incidentes de seguridad,Incidentes de seguridad
TK-002805,Solicitudes rutinarias,Solicitudes rutinarias
TK-002806,Solicitudes rutinarias,Solicitudes rutinarias
TK-002807,Solicitudes rutinarias,Fallas de hardware
TK-002808,Errores recurrentes de software/ERP,Errores recurrentes de software/ERP
TK-002809,Solicitudes rutinarias,Solicitudes rutinarias
TK-002810,Errores recurrentes de software/ERP,Solicitudes rutinarias
TK-002811,Fallas de hardware,Fallas de hardware
TK-002812,Solicitudes rutinarias,Errores recurrentes de software/ERP
TK-002813,Fallas de hardware,Fallas de hardware
TK-002814,Solicitudes rutinarias,Solicitudes rutinarias
TK-002815,Solicitudes rutinarias,Solicitudes rutinarias
TK-002816,Solicitudes rutinarias,Solicitudes rutinarias
TK-002817,Solicitudes rutinarias,Fallas de hardware
TK-002818,Solicitudes rutinarias,Errores recurrentes de software/ERP
TK-002819,Solicitudes rutinarias,Solicitudes rutinarias
TK-002820,Solicitudes rutinarias,Solicitudes rutinarias
TK-002821,Fallas de hardware,Fallas de hardware
TK-002822,Fallas de hardware,Fallas de hardware
TK-002823,Fallas de hardware,Fallas de hardware
TK-002824,Solicitudes rutinarias,Solicitudes rutinarias
TK-002825,Errores recurrentes de software/ERP,Errores recurrentes de software/ERP
TK-002826,Casos crónicos,Casos crónicos
TK-002827,Solicitudes rutinarias,Solicitudes rutinarias
TK-002828,Incidentes críticos de red,Incidentes críticos de red
TK-002829,Solicitudes rutinarias,Solicitudes rutinarias
TK-002830,Solicitudes rutinarias,Solicitudes rutinarias
TK-002831,Solicitudes rutinarias,Solicitudes rutinarias
TK-002832,Incidentes críticos de red,Incidentes críticos de red
TK-002833,Fallas de hardware,Fallas de hardware
TK-002834,Errores recurrentes de software/ERP,Errores recurrentes de software/ERP
TK-002835,Incidentes críticos de red,Incidentes críticos de red
TK-002836,Errores recurrentes de software/ERP,Errores recurrentes de software/ERP
TK-002837,Solicitudes rutinarias,Solicitudes rutinarias
TK-002838,Errores recurrentes de software/ERP,Errores recurrentes de software/ERP
TK-002839,Solicitudes rutinarias,Fallas de hardware
TK-002840,Solicitudes rutinarias,Solicitudes rutinarias
TK-002841,Solicitudes rutinarias,Solicitudes rutinarias
TK-002842,Errores recurrentes de software/ERP,Errores recurrentes de software/ERP
TK-002843,Errores recurrentes de software/ERP,Errores recurrentes de software/ERP
TK-002844,Solicitudes rutinarias,Fallas de hardware
TK-002845,Solicitudes rutinarias,Solicitudes rutinarias
TK-002846,Solicitudes rutinarias,Solicitudes rutinarias
TK-002847,Solicitudes rutinarias,Solicitudes rutinarias
TK-002848,Errores recurrentes de software/ERP,Solicitudes rutinarias
TK-002849,Solicitudes rutinarias,Solicitudes rutinarias
TK-002850,Solicitudes rutinarias,Solicitudes rutinarias
TK-002851,Solicitudes rutinarias,Solicitudes rutinarias
TK-002852,Errores recurrentes de software/ERP,Errores recurrentes de software/ERP
TK-002853,Solicitudes rutinarias,Solicitudes rutinarias
TK-002854,Solicitudes rutinarias,Solicitudes rutinarias
TK-002855,Solicitudes rutinarias,Solicitudes rutinarias
TK-002856,Incidentes críticos de red,Incidentes críticos de red
TK-002857,Solicitudes rutinarias,Solicitudes rutinarias
TK-002858,Solicitudes rutinarias,Solicitudes rutinarias
TK-002859,Fallas de hardware,Fallas de hardware
TK-002860,Errores recurrentes de software/ERP,Errores recurrentes de software/ERP
TK-002861,Errores recurrentes de software/ERP,Errores recurrentes de software/ERP
TK-002862,Solicitudes rutinarias,Solicitudes rutinarias
TK-002863,Solicitudes rutinarias,Solicitudes rutinarias
TK-002864,Incidentes de seguridad,Incidentes de seguridad
TK-002865,Solicitudes rutinarias,Solicitudes rutinarias
TK-002866,Incidentes críticos de red,Incidentes críticos de red
TK-002867,Incidentes de seguridad,Incidentes críticos de red
TK-002868,Fallas de hardware,Fallas de hardware
TK-002869,Errores recurrentes de software/ERP,Errores recurrentes de software/ERP
TK-002870,Errores recurrentes de software/ERP,Errores recurrentes de software/ERP
TK-002871,Errores recurrentes de software/ERP,Errores recurrentes de software/ERP
TK-002872,Solicitudes rutinarias,Solicitudes rutinarias
TK-002873,Errores recurrentes de software/ERP,Errores recurrentes de software/ERP
TK-002874,Fallas de hardware,Fallas de hardware
TK-002875,Fallas de hardware,Fallas de hardware
TK-002876,Solicitudes rutinarias,Fallas de hardware
TK-002877,Incidentes de seguridad,Incidentes de seguridad
TK-002878,Errores recurrentes de software/ERP,Errores recurrentes de software/ERP
TK-002879,Solicitudes rutinarias,Solicitudes rutinarias
TK-002880,Solicitudes rutinarias,Solicitudes rutinarias
TK-002881,Errores recurrentes de software/ERP,Errores recurrentes de software/ERP
TK-002882,Solicitudes rutinarias,Solicitudes rutinarias
TK-002883,Solicitudes rutinarias,Solicitudes rutinarias
TK-002884,Fallas de hardware,Fallas de hardware
TK-002885,Errores recurrentes de software/ERP,Errores recurrentes de software/ERP
TK-002886,Incidentes de seguridad,Incidentes de seguridad
TK-002887,Fallas de hardware,Fallas de hardware
TK-002888,Solicitudes rutinarias,Solicitudes rutinarias
TK-002889,Solicitudes rutinarias,Solicitudes rutinarias
TK-002890,Errores recurrentes de software/ERP,Casos crónicos
TK-002891,Solicitudes rutinarias,Errores recurrentes de software/ERP
TK-002892,Fallas de hardware,Fallas de hardware
TK-002893,Solicitudes rutinarias,Solicitudes rutinarias
TK-002894,Errores recurrentes de software/ERP,Errores recurrentes de software/ERP
TK-002895,Solicitudes rutinarias,Solicitudes rutinarias
TK-002896,Incidentes críticos de red,Incidentes críticos de red
TK-002897,Errores recurrentes de software/ERP,Errores recurrentes de software/ERP
TK-002898,Solicitudes rutinarias,Errores recurrentes de software/ERP
TK-002899,Solicitudes rutinarias,Solicitudes rutinarias
TK-002900,Solicitudes rutinarias,Solicitudes rutinarias
TK-002901,Solicitudes rutinarias,Solicitudes rutinarias
TK-002902,Fallas de hardware,Fallas de hardware
TK-002903,Incidentes de seguridad,Incidentes de seguridad
TK-002904,Solicitudes rutinarias,Fallas de hardware
TK-002905,Incidentes críticos de red,Errores recurrentes de software/ERP
TK-002906,Solicitudes rutinarias,Solicitudes rutinarias
TK-002907,Solicitudes rutinarias,Solicitudes rutinarias
TK-002908,Solicitudes rutinarias,Solicitudes rutinarias
TK-002909,Errores recurrentes de software/ERP,Errores recurrentes de software/ERP
TK-002910,Fallas de hardware,Fallas de hardware
TK-002911,Errores recurrentes de software/ERP,Errores recurrentes de software/ERP
TK-002912,Errores recurrentes de software/ERP,Errores recurrentes de software/ERP
TK-002913,Incidentes de seguridad,Incidentes de seguridad
TK-002914,Solicitudes rutinarias,Solicitudes rutinarias
TK-002915,Solicitudes rutinarias,Errores recurrentes de software/ERP
TK-002916,Incidentes críticos de red,Incidentes críticos de red
TK-002917,Solicitudes rutinarias,Solicitudes rutinarias
TK-002918,Fallas de hardware,Fallas de hardware
TK-002919,Solicitudes rutinarias,Solicitudes rutinarias
TK-002920,Errores recurrentes de software/ERP,Errores recurrentes de software/ERP
TK-002921,Solicitudes rutinarias,Solicitudes rutinarias
TK-002922,Incidentes críticos de red,Incidentes críticos de red
TK-002923,Solicitudes rutinarias,Solicitudes rutinarias
TK-002924,Errores recurrentes de software/ERP,Errores recurrentes de software/ERP
TK-002925,Fallas de hardware,Fallas de hardware
TK-002926,Fallas de hardware,Fallas de hardware
TK-002927,Solicitudes rutinarias,Solicitudes rutinarias
TK-002928,Incidentes de seguridad,Incidentes de seguridad
TK-002929,Solicitudes rutinarias,Solicitudes rutinarias
TK-002930,Fallas de hardware,Fallas de hardware
TK-002931,Incidentes críticos de red,Errores recurrentes de software/ERP
TK-002932,Errores recurrentes de software/ERP,Casos crónicos
TK-002933,Fallas de hardware,Fallas de hardware
TK-002934,Fallas de hardware,Fallas de hardware
TK-002935,Errores recurrentes de software/ERP,Errores recurrentes de software/ERP
TK-002936,Fallas de hardware,Fallas de hardware
TK-002937,Solicitudes rutinarias,Fallas de hardware
TK-002938,Solicitudes rutinarias,Solicitudes rutinarias
TK-002939,Solicitudes rutinarias,Solicitudes rutinarias
TK-002940,Solicitudes rutinarias,Solicitudes rutinarias
TK-002941,Incidentes críticos de red,Errores recurrentes de software/ERP
TK-002942,Errores recurrentes de software/ERP,Errores recurrentes de software/ERP
TK-002943,Fallas de hardware,Fallas de hardware
TK-002944,Fallas de hardware,Fallas de hardware
TK-002945,Incidentes de seguridad,Incidentes de seguridad
TK-002946,Errores recurrentes de software/ERP,Solicitudes rutinarias
TK-002947,Errores recurrentes de software/ERP,Errores recurrentes de software/ERP
TK-002948,Solicitudes rutinarias,Solicitudes rutinarias
TK-002949,Solicitudes rutinarias,Solicitudes rutinarias
TK-002950,Fallas de hardware,Fallas de hardware
TK-002951,Errores recurrentes de software/ERP,Errores recurrentes de software/ERP
TK-002952,Incidentes de seguridad,Incidentes de seguridad
TK-002953,Casos crónicos,Casos crónicos
TK-002954,Fallas de hardware,Solicitudes rutinarias
TK-002955,Solicitudes rutinarias,Solicitudes rutinarias
TK-002956,Solicitudes rutinarias,Solicitudes rutinarias
TK-002957,Solicitudes rutinarias,Solicitudes rutinarias
TK-002958,Solicitudes rutinarias,Solicitudes rutinarias
TK-002959,Solicitudes rutinarias,Solicitudes rutinarias
TK-002960,Casos crónicos,Casos crónicos
TK-002961,Solicitudes rutinarias,Solicitudes rutinarias
TK-002962,Solicitudes rutinarias,Solicitudes rutinarias
TK-002963,Solicitudes rutinarias,Solicitudes rutinarias
TK-002964,Incidentes de seguridad,Incidentes de seguridad
TK-002965,Solicitudes rutinarias,Solicitudes rutinarias
TK-002966,Fallas de hardware,Fallas de hardware
TK-002967,Incidentes críticos de red,Incidentes críticos de red
TK-002968,Fallas de hardware,Fallas de hardware
TK-002969,Incidentes de seguridad,Incidentes de seguridad
TK-002970,Errores recurrentes de software/ERP,Errores recurrentes de software/ERP
TK-002971,Solicitudes rutinarias,Solicitudes rutinarias
TK-002972,Errores recurrentes de software/ERP,Solicitudes rutinarias
TK-002973,Solicitudes rutinarias,Solicitudes rutinarias
TK-002974,Fallas de hardware,Errores recurrentes de software/ERP
TK-002975,Incidentes de seguridad,Incidentes de seguridad
TK-002976,Solicitudes rutinarias,Solicitudes rutinarias
TK-002977,Fallas de hardware,Fallas de hardware
TK-002978,Incidentes de seguridad,Incidentes de seguridad
TK-002979,Solicitudes rutinarias,Solicitudes rutinarias
TK-002980,Errores recurrentes de software/ERP,Solicitudes rutinarias
TK-002981,Fallas de hardware,Fallas de hardware
TK-002982,Solicitudes rutinarias,Solicitudes rutinarias
TK-002983,Incidentes de seguridad,Incidentes críticos de red
TK-002984,Errores recurrentes de software/ERP,Errores recurrentes de software/ERP
TK-002985,Solicitudes rutinarias,Solicitudes rutinarias
TK-002986,Errores recurrentes de software/ERP,Errores recurrentes de software/ERP
TK-002987,Errores recurrentes de software/ERP,Errores recurrentes de software/ERP
TK-002988,Fallas de hardware,Solicitudes rutinarias
TK-002989,Errores recurrentes de software/ERP,Errores recurrentes de software/ERP
TK-002990,Fallas de hardware,Fallas de hardware
TK-002991,Solicitudes rutinarias,Solicitudes rutinarias
TK-002992,Solicitudes rutinarias,Solicitudes rutinarias
TK-002993,Solicitudes rutinarias,Solicitudes rutinarias
TK-002994,Solicitudes rutinarias,Solicitudes rutinarias
TK-002995,Solicitudes rutinarias,Solicitudes rutinarias
TK-002996,Fallas de hardware,Fallas de hardware
TK-002997,Incidentes críticos de red,Incidentes críticos de red
TK-002998,Fallas de hardware,Fallas de hardware
TK-002999,Solicitudes rutinarias,Solicitudes rutinarias
TK-003000,Solicitudes rutinarias,Solicitudes rutinarias
TK-003001,Solicitudes rutinarias,Solicitudes rutinarias
TK-003002,Errores recurrentes de software/ERP,Casos crónicos
TK-003003,Errores recurrentes de software/ERP,Errores recurrentes de software/ERP
TK-003004,Fallas de hardware,Errores recurrentes de software/ERP
TK-003005,Solicitudes rutinarias,Solicitudes rutinarias
TK-003006,Solicitudes rutinarias,Solicitudes rutinarias
TK-003007,Errores recurrentes de software/ERP,Errores recurrentes de software/ERP
TK-003008,Solicitudes rutinarias,Solicitudes rutinarias
TK-003009,Solicitudes rutinarias,Solicitudes rutinarias
TK-003010,Solicitudes rutinarias,Solicitudes rutinarias
TK-003011,Solicitudes rutinarias,Solicitudes rutinarias
TK-003012,Solicitudes rutinarias,Solicitudes rutinarias
TK-003013,Solicitudes rutinarias,Errores recurrentes de software/ERP
TK-003014,Solicitudes rutinarias,Solicitudes rutinarias
TK-003015,Fallas de hardware,Fallas de hardware
TK-003016,Solicitudes rutinarias,Solicitudes rutinarias
TK-003017,Fallas de hardware,Fallas de hardware
TK-003018,Incidentes de seguridad,Incidentes de seguridad
TK-003019,Solicitudes rutinarias,Solicitudes rutinarias
TK-003020,Solicitudes rutinarias,Solicitudes rutinarias
TK-003021,Solicitudes rutinarias,Solicitudes rutinarias
TK-003022,Incidentes críticos de red,Incidentes críticos de red
TK-003023,Solicitudes rutinarias,Solicitudes rutinarias
TK-003024,Incidentes de seguridad,Incidentes de seguridad
TK-003025,Solicitudes rutinarias,Solicitudes rutinarias
TK-003026,Fallas de hardware,Fallas de hardware
TK-003027,Fallas de hardware,Fallas de hardware
TK-003028,Solicitudes rutinarias,Solicitudes rutinarias
TK-003029,Errores recurrentes de software/ERP,Errores recurrentes de software/ERP
TK-003030,Solicitudes rutinarias,Solicitudes rutinarias
TK-003031,Fallas de hardware,Fallas de hardware
TK-003032,Errores recurrentes de software/ERP,Errores recurrentes de software/ERP
TK-003033,Casos crónicos,Casos crónicos
TK-003034,Solicitudes rutinarias,Solicitudes rutinarias
TK-003035,Fallas de hardware,Fallas de hardware
TK-003036,Solicitudes rutinarias,Solicitudes rutinarias
TK-003037,Fallas de hardware,Solicitudes rutinarias
TK-003038,Fallas de hardware,Fallas de hardware
TK-003039,Solicitudes rutinarias,Solicitudes rutinarias
TK-003040,Solicitudes rutinarias,Solicitudes rutinarias
TK-003041,Solicitudes rutinarias,Solicitudes rutinarias
TK-003042,Incidentes de seguridad,Incidentes de seguridad
TK-003043,Fallas de hardware,Fallas de hardware
TK-003044,Errores recurrentes de software/ERP,Errores recurrentes de software/ERP
TK-003045,Errores recurrentes de software/ERP,Errores recurrentes de software/ERP
TK-003046,Solicitudes rutinarias,Solicitudes rutinarias
TK-003047,Solicitudes rutinarias,Solicitudes rutinarias
TK-003048,Solicitudes rutinarias,Solicitudes rutinarias
TK-003049,Solicitudes rutinarias,Solicitudes rutinarias
TK-003050,Incidentes críticos de red,Incidentes críticos de red
TK-003051,Solicitudes rutinarias,Solicitudes rutinarias
TK-003052,Casos crónicos,Casos crónicos
TK-003053,Solicitudes rutinarias,Solicitudes rutinarias
TK-003054,Solicitudes rutinarias,Errores recurrentes de software/ERP
TK-003055,Solicitudes rutinarias,Solicitudes rutinarias
TK-003056,Errores recurrentes de software/ERP,Casos crónicos
TK-003057,Solicitudes rutinarias,Solicitudes rutinarias
TK-003058,Incidentes críticos de red,Incidentes críticos de red
TK-003059,Fallas de hardware,Fallas de hardware
TK-003060,Fallas de hardware,Fallas de hardware
TK-003061,Solicitudes rutinarias,Solicitudes rutinarias
TK-003062,Solicitudes rutinarias,Solicitudes rutinarias
TK-003063,Solicitudes rutinarias,Solicitudes rutinarias
TK-003064,Solicitudes rutinarias,Solicitudes rutinarias
TK-003065,Solicitudes rutinarias,Solicitudes rutinarias
TK-003066,Solicitudes rutinarias,Solicitudes rutinarias
TK-003067,Solicitudes rutinarias,Solicitudes rutinarias
TK-003068,Solicitudes rutinarias,Solicitudes rutinarias
TK-003069,Incidentes críticos de red,Incidentes críticos de red
TK-003070,Solicitudes rutinarias,Solicitudes rutinarias
TK-003071,Errores recurrentes de software/ERP,Errores recurrentes de software/ERP
TK-003072,Incidentes críticos de red,Incidentes críticos de red
TK-003073,Solicitudes rutinarias,Solicitudes rutinarias
TK-003074,Fallas de hardware,Fallas de hardware
TK-003075,Errores recurrentes de software/ERP,Solicitudes rutinarias
TK-003076,Fallas de hardware,Fallas de hardware
TK-003077,Solicitudes rutinarias,Solicitudes rutinarias
TK-003078,Solicitudes rutinarias,Fallas de hardware
TK-003079,Casos crónicos,Casos crónicos
TK-003080,Solicitudes rutinarias,Solicitudes rutinarias
TK-003081,Casos crónicos,Casos crónicos
TK-003082,Solicitudes rutinarias,Solicitudes rutinarias
TK-003083,Fallas de hardware,Fallas de hardware
TK-003084,Solicitudes rutinarias,Solicitudes rutinarias
TK-003085,Solicitudes rutinarias,Solicitudes rutinarias
TK-003086,Casos crónicos,Casos crónicos
TK-003087,Solicitudes rutinarias,Solicitudes rutinarias
TK-003088,Solicitudes rutinarias,Solicitudes rutinarias
TK-003089,Incidentes críticos de red,Incidentes críticos de red
TK-003090,Incidentes de seguridad,Incidentes de seguridad
TK-003091,Solicitudes rutinarias,Solicitudes rutinarias
TK-003092,Errores recurrentes de software/ERP,Errores recurrentes de software/ERP
TK-003093,Solicitudes rutinarias,Solicitudes rutinarias
TK-003094,Solicitudes rutinarias,Solicitudes rutinarias
TK-003095,Solicitudes rutinarias,Solicitudes rutinarias
TK-003096,Solicitudes rutinarias,Solicitudes rutinarias
TK-003097,Solicitudes rutinarias,Solicitudes rutinarias
TK-003098,Incidentes críticos de red,Incidentes críticos de red
TK-003099,Incidentes críticos de red,Incidentes críticos de red
TK-003100,Incidentes críticos de red,Incidentes críticos de red
TK-003101,Incidentes críticos de red,Incidentes críticos de red
TK-003102,Incidentes críticos de red,Incidentes críticos de red
TK-003103,Incidentes críticos de red,Incidentes críticos de red
TK-003104,Incidentes críticos de red,Incidentes críticos de red
TK-003105,Incidentes de seguridad,Incidentes de seguridad
TK-003106,Incidentes críticos de red,Incidentes críticos de red
TK-003107,Incidentes críticos de red,Incidentes críticos de red
TK-003108,Solicitudes rutinarias,Solicitudes rutinarias
TK-003109,Incidentes críticos de red,Incidentes críticos de red
TK-003110,Incidentes críticos de red,Incidentes críticos de red
TK-003111,Incidentes críticos de red,Incidentes críticos de red
TK-003112,Incidentes críticos de red,Incidentes críticos de red
TK-003113,Errores recurrentes de software/ERP,Errores recurrentes de software/ERP
TK-003114,Incidentes críticos de red,Incidentes críticos de red
TK-003115,Incidentes críticos de red,Incidentes críticos de red
TK-003116,Incidentes críticos de red,Incidentes críticos de red
TK-003117,Incidentes críticos de red,Incidentes críticos de red
TK-003118,Incidentes críticos de red,Incidentes críticos de red
TK-003119,Incidentes críticos de red,Incidentes críticos de red
TK-003120,Incidentes críticos de red,Errores recurrentes de software/ERP
TK-003121,Incidentes críticos de red,Incidentes críticos de red
TK-003122,Casos crónicos,Casos crónicos
TK-003123,Solicitudes rutinarias,Solicitudes rutinarias
TK-003124,Incidentes críticos de red,Incidentes críticos de red
TK-003125,Incidentes críticos de red,Incidentes críticos de red
TK-003126,Incidentes críticos de red,Incidentes críticos de red
TK-003127,Incidentes críticos de red,Incidentes críticos de red
TK-003128,Incidentes críticos de red,Incidentes críticos de red
TK-003129,Incidentes críticos de red,Incidentes críticos de red
TK-003130,Incidentes críticos de red,Incidentes críticos de red
TK-003131,Incidentes críticos de red,Incidentes críticos de red
TK-003132,Incidentes críticos de red,Incidentes críticos de red
TK-003133,Incidentes críticos de red,Errores recurrentes de software/ERP
TK-003134,Fallas de hardware,Fallas de hardware
TK-003135,Incidentes críticos de red,Incidentes críticos de red
TK-003136,Incidentes críticos de red,Incidentes críticos de red
TK-003137,Incidentes críticos de red,Incidentes críticos de red
TK-003138,Incidentes críticos de red,Incidentes críticos de red
TK-003139,Incidentes críticos de red,Incidentes críticos de red
TK-003140,Incidentes críticos de red,Incidentes críticos de red
TK-003141,Incidentes críticos de red,Incidentes críticos de red
TK-003142,Incidentes críticos de red,Incidentes críticos de red
TK-003143,Incidentes críticos de red,Incidentes críticos de red
TK-003144,Solicitudes rutinarias,Solicitudes rutinarias
TK-003145,Incidentes críticos de red,Incidentes críticos de red
TK-003146,Incidentes críticos de red,Incidentes críticos de red
TK-003147,Incidentes críticos de red,Incidentes críticos de red
TK-003148,Incidentes críticos de red,Incidentes críticos de red
TK-003149,Incidentes críticos de red,Incidentes de seguridad
TK-003150,Incidentes críticos de red,Incidentes críticos de red
TK-003151,Incidentes críticos de red,Incidentes críticos de red
TK-003152,Incidentes críticos de red,Incidentes críticos de red
TK-003153,Incidentes críticos de red,Incidentes críticos de red
TK-003154,Incidentes críticos de red,Incidentes críticos de red
TK-003155,Incidentes críticos de red,Incidentes críticos de red
TK-003156,Incidentes críticos de red,Incidentes críticos de red
TK-003157,Fallas de hardware,Fallas de hardware
TK-003158,Incidentes críticos de red,Incidentes críticos de red
TK-003159,Solicitudes rutinarias,Solicitudes rutinarias
TK-003160,Incidentes críticos de red,Incidentes críticos de red
TK-003161,Incidentes críticos de red,Incidentes críticos de red
TK-003162,Incidentes críticos de red,Incidentes críticos de red
TK-003163,Incidentes críticos de red,Incidentes críticos de red
TK-003164,Incidentes críticos de red,Incidentes críticos de red
TK-003165,Incidentes críticos de red,Incidentes críticos de red
TK-003166,Incidentes críticos de red,Incidentes críticos de red
TK-003167,Incidentes críticos de red,Incidentes de seguridad
TK-003168,Incidentes críticos de red,Incidentes críticos de red
TK-003169,Incidentes críticos de red,Incidentes críticos de red
TK-003170,Incidentes críticos de red,Incidentes críticos de red
TK-003171,Incidentes críticos de red,Incidentes críticos de red
TK-003172,Incidentes críticos de red,Incidentes críticos de red
TK-003173,Incidentes críticos de red,Incidentes críticos de red
TK-003174,Incidentes críticos de red,Incidentes críticos de red
TK-003175,Incidentes críticos de red,Incidentes críticos de red
TK-003176,Incidentes críticos de red,Errores recurrentes de software/ERP
TK-003177,Incidentes críticos de red,Incidentes de seguridad
TK-003178,Incidentes críticos de red,Incidentes críticos de red
TK-003179,Incidentes críticos de red,Incidentes críticos de red
TK-003180,Solicitudes rutinarias,Solicitudes rutinarias
TK-003181,Solicitudes rutinarias,Solicitudes rutinarias
TK-003182,Fallas de hardware,Fallas de hardware
TK-003183,Errores recurrentes de software/ERP,Errores recurrentes de software/ERP
TK-003184,Solicitudes rutinarias,Solicitudes rutinarias
TK-003185,Errores recurrentes de software/ERP,Errores recurrentes de software/ERP
TK-003186,Errores recurrentes de software/ERP,Errores recurrentes de software/ERP
TK-003187,Solicitudes rutinarias,Solicitudes rutinarias
TK-003188,Errores recurrentes de software/ERP,Errores recurrentes de software/ERP
TK-003189,Errores recurrentes de software/ERP,Errores recurrentes de software/ERP
TK-003190,Solicitudes rutinarias,Solicitudes rutinarias
TK-003191,Solicitudes rutinarias,Solicitudes rutinarias
TK-003192,Solicitudes rutinarias,Solicitudes rutinarias
TK-003193,Solicitudes rutinarias,Solicitudes rutinarias
TK-003194,Fallas de hardware,Solicitudes rutinarias
TK-003195,Fallas de hardware,Fallas de hardware
TK-003196,Solicitudes rutinarias,Solicitudes rutinarias
TK-003197,Solicitudes rutinarias,Solicitudes rutinarias
TK-003198,Solicitudes rutinarias,Solicitudes rutinarias
TK-003199,Fallas de hardware,Fallas de hardware
TK-003200,Solicitudes rutinarias,Solicitudes rutinarias
TK-003201,Incidentes críticos de red,Incidentes críticos de red
TK-003202,Solicitudes rutinarias,Solicitudes rutinarias
TK-003203,Fallas de hardware,Fallas de hardware
TK-003204,Solicitudes rutinarias,Solicitudes rutinarias
TK-003205,Errores recurrentes de software/ERP,Errores recurrentes de software/ERP
TK-003206,Solicitudes rutinarias,Fallas de hardware
TK-003207,Errores recurrentes de software/ERP,Errores recurrentes de software/ERP
TK-003208,Solicitudes rutinarias,Solicitudes rutinarias
TK-003209,Solicitudes rutinarias,Solicitudes rutinarias
TK-003210,Solicitudes rutinarias,Solicitudes rutinarias
TK-003211,Incidentes de seguridad,Incidentes de seguridad
TK-003212,Errores recurrentes de software/ERP,Errores recurrentes de software/ERP
TK-003213,Solicitudes rutinarias,Solicitudes rutinarias
TK-003214,Fallas de hardware,Fallas de hardware
TK-003215,Fallas de hardware,Fallas de hardware
TK-003216,Solicitudes rutinarias,Solicitudes rutinarias
TK-003217,Incidentes de seguridad,Incidentes críticos de red
TK-003218,Errores recurrentes de software/ERP,Errores recurrentes de software/ERP
TK-003219,Errores recurrentes de software/ERP,Solicitudes rutinarias
TK-003220,Solicitudes rutinarias,Solicitudes rutinarias
TK-003221,Solicitudes rutinarias,Solicitudes rutinarias
TK-003222,Incidentes de seguridad,Incidentes de seguridad
TK-003223,Fallas de hardware,Fallas de hardware
TK-003224,Solicitudes rutinarias,Solicitudes rutinarias
TK-003225,Fallas de hardware,Fallas de hardware
TK-003226,Solicitudes rutinarias,Solicitudes rutinarias
TK-003227,Errores recurrentes de software/ERP,Errores recurrentes de software/ERP
TK-003228,Fallas de hardware,Fallas de hardware
TK-003229,Incidentes de seguridad,Incidentes de seguridad
TK-003230,Solicitudes rutinarias,Solicitudes rutinarias
TK-003231,Solicitudes rutinarias,Solicitudes rutinarias
TK-003232,Solicitudes rutinarias,Fallas de hardware
TK-003233,Fallas de hardware,Fallas de hardware
TK-003234,Solicitudes rutinarias,Solicitudes rutinarias
TK-003235,Solicitudes rutinarias,Solicitudes rutinarias
TK-003236,Solicitudes rutinarias,Errores recurrentes de software/ERP
TK-003237,Incidentes de seguridad,Incidentes de seguridad
TK-003238,Incidentes críticos de red,Incidentes críticos de red
TK-003239,Solicitudes rutinarias,Solicitudes rutinarias
TK-003240,Incidentes de seguridad,Incidentes de seguridad
TK-003241,Solicitudes rutinarias,Solicitudes rutinarias
TK-003242,Solicitudes rutinarias,Solicitudes rutinarias
TK-003243,Incidentes de seguridad,Incidentes de seguridad
TK-003244,Fallas de hardware,Fallas de hardware
TK-003245,Solicitudes rutinarias,Solicitudes rutinarias
TK-003246,Solicitudes rutinarias,Solicitudes rutinarias
TK-003247,Solicitudes rutinarias,Solicitudes rutinarias
TK-003248,Fallas de hardware,Fallas de hardware
TK-003249,Solicitudes rutinarias,Solicitudes rutinarias
TK-003250,Solicitudes rutinarias,Solicitudes rutinarias
TK-003251,Errores recurrentes de software/ERP,Errores recurrentes de software/ERP
TK-003252,Solicitudes rutinarias,Solicitudes rutinarias
TK-003253,Solicitudes rutinarias,Solicitudes rutinarias
TK-003254,Errores recurrentes de software/ERP,Errores recurrentes de software/ERP
TK-003255,Solicitudes rutinarias,Solicitudes rutinarias
TK-003256,Errores recurrentes de software/ERP,Errores recurrentes de software/ERP
TK-003257,Fallas de hardware,Fallas de hardware
TK-003258,Solicitudes rutinarias,Solicitudes rutinarias
TK-003259,Solicitudes rutinarias,Solicitudes rutinarias
TK-003260,Solicitudes rutinarias,Solicitudes rutinarias
TK-003261,Fallas de hardware,Fallas de hardware
TK-003262,Solicitudes rutinarias,Solicitudes rutinarias
TK-003263,Errores recurrentes de software/ERP,Errores recurrentes de software/ERP
TK-003264,Solicitudes rutinarias,Solicitudes rutinarias
TK-003265,Solicitudes rutinarias,Solicitudes rutinarias
TK-003266,Fallas de hardware,Fallas de hardware
TK-003267,Fallas de hardware,Fallas de hardware
TK-003268,Solicitudes rutinarias,Solicitudes rutinarias
TK-003269,Solicitudes rutinarias,Solicitudes rutinarias
TK-003270,Solicitudes rutinarias,Solicitudes rutinarias
TK-003271,Solicitudes rutinarias,Solicitudes rutinarias
TK-003272,Errores recurrentes de software/ERP,Errores recurrentes de software/ERP
TK-003273,Incidentes de seguridad,Incidentes de seguridad
TK-003274,Errores recurrentes de software/ERP,Errores recurrentes de software/ERP
TK-003275,Solicitudes rutinarias,Solicitudes rutinarias
TK-003276,Casos crónicos,Casos crónicos
TK-003277,Errores recurrentes de software/ERP,Errores recurrentes de software/ERP
TK-003278,Errores recurrentes de software/ERP,Errores recurrentes de software/ERP
TK-003279,Solicitudes rutinarias,Solicitudes rutinarias
TK-003280,Solicitudes rutinarias,Solicitudes rutinarias
TK-003281,Errores recurrentes de software/ERP,Errores recurrentes de software/ERP
TK-003282,Solicitudes rutinarias,Solicitudes rutinarias
TK-003283,Solicitudes rutinarias,Solicitudes rutinarias
TK-003284,Solicitudes rutinarias,Solicitudes rutinarias
TK-003285,Solicitudes rutinarias,Solicitudes rutinarias
TK-003286,Solicitudes rutinarias,Solicitudes rutinarias
TK-003287,Solicitudes rutinarias,Solicitudes rutinarias
TK-003288,Solicitudes rutinarias,Errores recurrentes de software/ERP
TK-003289,Solicitudes rutinarias,Solicitudes rutinarias
TK-003290,Errores recurrentes de software/ERP,Errores recurrentes de software/ERP
TK-003291,Solicitudes rutinarias,Fallas de hardware
TK-003292,Incidentes de seguridad,Incidentes de seguridad
TK-003293,Solicitudes rutinarias,Solicitudes rutinarias
TK-003294,Solicitudes rutinarias,Solicitudes rutinarias
TK-003295,Fallas de hardware,Fallas de hardware
TK-003296,Incidentes de seguridad,Incidentes de seguridad
TK-003297,Fallas de hardware,Fallas de hardware
TK-003298,Errores recurrentes de software/ERP,Errores recurrentes de software/ERP
TK-003299,Solicitudes rutinarias,Solicitudes rutinarias
TK-003300,Solicitudes rutinarias,Solicitudes rutinarias
TK-003301,Solicitudes rutinarias,Solicitudes rutinarias
TK-003302,Solicitudes rutinarias,Solicitudes rutinarias
TK-003303,Solicitudes rutinarias,Solicitudes rutinarias
TK-003304,Errores recurrentes de software/ERP,Errores recurrentes de software/ERP
TK-003305,Fallas de hardware,Fallas de hardware
TK-003306,Solicitudes rutinarias,Solicitudes rutinarias
TK-003307,Solicitudes rutinarias,Solicitudes rutinarias
TK-003308,Errores recurrentes de software/ERP,Errores recurrentes de software/ERP
TK-003309,Solicitudes rutinarias,Solicitudes rutinarias
TK-003310,Errores recurrentes de software/ERP,Errores recurrentes de software/ERP
TK-003311,Incidentes críticos de red,Incidentes críticos de red
TK-003312,Fallas de hardware,Fallas de hardware
TK-003313,Solicitudes rutinarias,Solicitudes rutinarias
TK-003314,Incidentes críticos de red,Incidentes críticos de red
TK-003315,Incidentes de seguridad,Incidentes de seguridad
TK-003316,Solicitudes rutinarias,Solicitudes rutinarias
TK-003317,Fallas de hardware,Fallas de hardware
TK-003318,Fallas de hardware,Fallas de hardware
TK-003319,Fallas de hardware,Fallas de hardware
TK-003320,Solicitudes rutinarias,Fallas de hardware
TK-003321,Fallas de hardware,Fallas de hardware
TK-003322,Incidentes críticos de red,Incidentes críticos de red
TK-003323,Fallas de hardware,Fallas de hardware
TK-003324,Solicitudes rutinarias,Solicitudes rutinarias
TK-003325,Solicitudes rutinarias,Solicitudes rutinarias
TK-003326,Fallas de hardware,Fallas de hardware
TK-003327,Solicitudes rutinarias,Fallas de hardware
TK-003328,Fallas de hardware,Fallas de hardware
TK-003329,Casos crónicos,Casos crónicos
TK-003330,Errores recurrentes de software/ERP,Errores recurrentes de software/ERP
TK-003331,Errores recurrentes de software/ERP,Errores recurrentes de software/ERP
TK-003332,Solicitudes rutinarias,Solicitudes rutinarias
TK-003333,Errores recurrentes de software/ERP,Errores recurrentes de software/ERP
TK-003334,Incidentes de seguridad,Incidentes de seguridad
TK-003335,Errores recurrentes de software/ERP,Errores recurrentes de software/ERP
TK-003336,Solicitudes rutinarias,Solicitudes rutinarias
TK-003337,Incidentes de seguridad,Incidentes de seguridad
TK-003338,Solicitudes rutinarias,Solicitudes rutinarias
TK-003339,Solicitudes rutinarias,Errores recurrentes de software/ERP
TK-003340,Solicitudes rutinarias,Solicitudes rutinarias
TK-003341,Errores recurrentes de software/ERP,Solicitudes rutinarias
TK-003342,Solicitudes rutinarias,Solicitudes rutinarias
TK-003343,Fallas de hardware,Fallas de hardware
TK-003344,Solicitudes rutinarias,Solicitudes rutinarias
TK-003345,Errores recurrentes de software/ERP,Errores recurrentes de software/ERP
TK-003346,Solicitudes rutinarias,Solicitudes rutinarias
TK-003347,Solicitudes rutinarias,Solicitudes rutinarias
TK-003348,Solicitudes rutinarias,Solicitudes rutinarias
TK-003349,Solicitudes rutinarias,Solicitudes rutinarias
TK-003350,Fallas de hardware,Fallas de hardware
TK-003351,Incidentes críticos de red,Incidentes críticos de red
TK-003352,Errores recurrentes de software/ERP,Errores recurrentes de software/ERP
TK-003353,Fallas de hardware,Fallas de hardware
TK-003354,Solicitudes rutinarias,Solicitudes rutinarias
TK-003355,Solicitudes rutinarias,Solicitudes rutinarias
TK-003356,Incidentes de seguridad,Incidentes de seguridad
TK-003357,Solicitudes rutinarias,Fallas de hardware
TK-003358,Solicitudes rutinarias,Solicitudes rutinarias
TK-003359,Incidentes de seguridad,Incidentes críticos de red
TK-003360,Fallas de hardware,Fallas de hardware
TK-003361,Errores recurrentes de software/ERP,Errores recurrentes de software/ERP
TK-003362,Solicitudes rutinarias,Solicitudes rutinarias
TK-003363,Fallas de hardware,Errores recurrentes de software/ERP
TK-003364,Solicitudes rutinarias,Solicitudes rutinarias
TK-003365,Errores recurrentes de software/ERP,Casos crónicos
TK-003366,Solicitudes rutinarias,Solicitudes rutinarias
TK-003367,Solicitudes rutinarias,Solicitudes rutinarias
TK-003368,Fallas de hardware,Fallas de hardware
TK-003369,Solicitudes rutinarias,Solicitudes rutinarias
TK-003370,Fallas de hardware,Errores recurrentes de software/ERP
TK-003371,Solicitudes rutinarias,Solicitudes rutinarias
TK-003372,Solicitudes rutinarias,Solicitudes rutinarias
TK-003373,Solicitudes rutinarias,Solicitudes rutinarias
TK-003374,Errores recurrentes de software/ERP,Casos crónicos
TK-003375,Solicitudes rutinarias,Solicitudes rutinarias
TK-003376,Fallas de hardware,Fallas de hardware
TK-003377,Solicitudes rutinarias,Solicitudes rutinarias
TK-003378,Errores recurrentes de software/ERP,Errores recurrentes de software/ERP
TK-003379,Errores recurrentes de software/ERP,Errores recurrentes de software/ERP
TK-003380,Errores recurrentes de software/ERP,Errores recurrentes de software/ERP
TK-003381,Solicitudes rutinarias,Solicitudes rutinarias
TK-003382,Solicitudes rutinarias,Solicitudes rutinarias
TK-003383,Solicitudes rutinarias,Solicitudes rutinarias
TK-003384,Errores recurrentes de software/ERP,Errores recurrentes de software/ERP
TK-003385,Incidentes críticos de red,Incidentes de seguridad
TK-003386,Solicitudes rutinarias,Solicitudes rutinarias
TK-003387,Solicitudes rutinarias,Fallas de hardware
TK-003388,Solicitudes rutinarias,Solicitudes rutinarias
TK-003389,Fallas de hardware,Fallas de hardware
TK-003390,Incidentes críticos de red,Incidentes críticos de red
TK-003391,Fallas de hardware,Fallas de hardware
TK-003392,Errores recurrentes de software/ERP,Errores recurrentes de software/ERP
TK-003393,Solicitudes rutinarias,Solicitudes rutinarias
TK-003394,Incidentes de seguridad,Incidentes de seguridad
TK-003395,Fallas de hardware,Fallas de hardware
TK-003396,Solicitudes rutinarias,Solicitudes rutinarias
TK-003397,Solicitudes rutinarias,Solicitudes rutinarias
TK-003398,Incidentes de seguridad,Incidentes de seguridad
TK-003399,Incidentes críticos de red,Incidentes críticos de red
TK-003400,Fallas de hardware,Fallas de hardware
TK-003401,Solicitudes rutinarias,Solicitudes rutinarias
TK-003402,Solicitudes rutinarias,Solicitudes rutinarias
TK-003403,Fallas de hardware,Fallas de hardware
TK-003404,Fallas de hardware,Fallas de hardware
TK-003405,Errores recurrentes de software/ERP,Errores recurrentes de software/ERP
TK-003406,Casos crónicos,Casos crónicos
TK-003407,Casos crónicos,Casos crónicos
TK-003408,Solicitudes rutinarias,Solicitudes rutinarias
TK-003409,Errores recurrentes de software/ERP,Errores recurrentes de software/ERP
TK-003410,Casos crónicos,Casos crónicos
TK-003411,Solicitudes rutinarias,Solicitudes rutinarias
TK-003412,Solicitudes rutinarias,Solicitudes rutinarias
TK-003413,Errores recurrentes de software/ERP,Errores recurrentes de software/ERP
TK-003414,Incidentes de seguridad,Solicitudes rutinarias
TK-003415,Casos crónicos,Casos crónicos
TK-003416,Solicitudes rutinarias,Solicitudes rutinarias
TK-003417,Solicitudes rutinarias,Solicitudes rutinarias
TK-003418,Fallas de hardware,Fallas de hardware
TK-003419,Solicitudes rutinarias,Solicitudes rutinarias
TK-003420,Solicitudes rutinarias,Solicitudes rutinarias
TK-003421,Incidentes críticos de red,Incidentes críticos de red
TK-003422,Casos crónicos,Casos crónicos
TK-003423,Solicitudes rutinarias,Solicitudes rutinarias
TK-003424,Errores recurrentes de software/ERP,Solicitudes rutinarias
TK-003425,Solicitudes rutinarias,Solicitudes rutinarias
TK-003426,Fallas de hardware,Fallas de hardware
TK-003427,Solicitudes rutinarias,Solicitudes rutinarias
TK-003428,Incidentes de seguridad,Incidentes de seguridad
TK-003429,Solicitudes rutinarias,Solicitudes rutinarias
TK-003430,Errores recurrentes de software/ERP,Errores recurrentes de software/ERP
TK-003431,Solicitudes rutinarias,Solicitudes rutinarias
TK-003432,Incidentes críticos de red,Incidentes críticos de red
TK-003433,Solicitudes rutinarias,Errores recurrentes de software/ERP
TK-003434,Solicitudes rutinarias,Solicitudes rutinarias
TK-003435,Solicitudes rutinarias,Fallas de hardware
TK-003436,Errores recurrentes de software/ERP,Errores recurrentes de software/ERP
TK-003437,Solicitudes rutinarias,Fallas de hardware
TK-003438,Solicitudes rutinarias,Solicitudes rutinarias
TK-003439,Incidentes de seguridad,Incidentes de seguridad
TK-003440,Solicitudes rutinarias,Solicitudes rutinarias
TK-003441,Solicitudes rutinarias,Solicitudes rutinarias
TK-003442,Solicitudes rutinarias,Solicitudes rutinarias
TK-003443,Errores recurrentes de software/ERP,Errores recurrentes de software/ERP
TK-003444,Errores recurrentes de software/ERP,Errores recurrentes de software/ERP
TK-003445,Solicitudes rutinarias,Solicitudes rutinarias
TK-003446,Solicitudes rutinarias,Solicitudes rutinarias
TK-003447,Solicitudes rutinarias,Solicitudes rutinarias
TK-003448,Fallas de hardware,Fallas de hardware
TK-003449,Incidentes críticos de red,Incidentes críticos de red
TK-003450,Errores recurrentes de software/ERP,Errores recurrentes de software/ERP
TK-003451,Errores recurrentes de software/ERP,Errores recurrentes de software/ERP
TK-003452,Errores recurrentes de software/ERP,Errores recurrentes de software/ERP
TK-003453,Fallas de hardware,Fallas de hardware
TK-003454,Solicitudes rutinarias,Solicitudes rutinarias
TK-003455,Solicitudes rutinarias,Solicitudes rutinarias
TK-003456,Casos crónicos,Casos crónicos
TK-003457,Fallas de hardware,Fallas de hardware
TK-003458,Casos crónicos,Casos crónicos
TK-003459,Solicitudes rutinarias,Solicitudes rutinarias
TK-003460,Incidentes de seguridad,Incidentes de seguridad
TK-003461,Incidentes de seguridad,Incidentes de seguridad
TK-003462,Errores recurrentes de software/ERP,Errores recurrentes de software/ERP
TK-003463,Errores recurrentes de software/ERP,Errores recurrentes de software/ERP
TK-003464,Solicitudes rutinarias,Solicitudes rutinarias
TK-003465,Solicitudes rutinarias,Solicitudes rutinarias
TK-003466,Solicitudes rutinarias,Solicitudes rutinarias
TK-003467,Errores recurrentes de software/ERP,Solicitudes rutinarias
TK-003468,Solicitudes rutinarias,Solicitudes rutinarias
TK-003469,Solicitudes rutinarias,Solicitudes rutinarias
TK-003470,Solicitudes rutinarias,Solicitudes rutinarias
TK-003471,Errores recurrentes de software/ERP,Errores recurrentes de software/ERP
TK-003472,Incidentes de seguridad,Incidentes de seguridad
TK-003473,Solicitudes rutinarias,Solicitudes rutinarias
TK-003474,Solicitudes rutinarias,Solicitudes rutinarias
TK-003475,Solicitudes rutinarias,Fallas de hardware
TK-003476,Fallas de hardware,Fallas de hardware
TK-003477,Solicitudes rutinarias,Solicitudes rutinarias
TK-003478,Solicitudes rutinarias,Solicitudes rutinarias
TK-003479,Fallas de hardware,Solicitudes rutinarias
TK-003480,Errores recurrentes de software/ERP,Errores recurrentes de software/ERP
TK-003481,Solicitudes rutinarias,Solicitudes rutinarias
TK-003482,Incidentes de seguridad,Incidentes de seguridad
TK-003483,Solicitudes rutinarias,Solicitudes rutinarias
TK-003484,Solicitudes rutinarias,Solicitudes rutinarias
TK-003485,Solicitudes rutinarias,Solicitudes rutinarias
TK-003486,Errores recurrentes de software/ERP,Errores recurrentes de software/ERP
TK-003487,Fallas de hardware,Fallas de hardware
TK-003488,Solicitudes rutinarias,Solicitudes rutinarias
TK-003489,Errores recurrentes de software/ERP,Errores recurrentes de software/ERP
TK-003490,Solicitudes rutinarias,Solicitudes rutinarias
TK-003491,Fallas de hardware,Fallas de hardware
TK-003492,Solicitudes rutinarias,Solicitudes rutinarias
TK-003493,Fallas de hardware,Fallas de hardware
TK-003494,Errores recurrentes de software/ERP,Solicitudes rutinarias
TK-003495,Solicitudes rutinarias,Solicitudes rutinarias
TK-003496,Incidentes críticos de red,Incidentes críticos de red
TK-003497,Fallas de hardware,Fallas de hardware
TK-003498,Incidentes críticos de red,Incidentes críticos de red
TK-003499,Incidentes críticos de red,Incidentes críticos de red
TK-003500,Incidentes críticos de red,Incidentes críticos de red
TK-003501,Incidentes críticos de red,Incidentes críticos de red
TK-003502,Incidentes críticos de red,Incidentes críticos de red
TK-003503,Incidentes críticos de red,Incidentes críticos de red
TK-003504,Incidentes críticos de red,Incidentes críticos de red
TK-003505,Incidentes críticos de red,Errores recurrentes de software/ERP
TK-003506,Incidentes críticos de red,Incidentes críticos de red
TK-003507,Incidentes críticos de red,Incidentes críticos de red
TK-003508,Fallas de hardware,Fallas de hardware
TK-003509,Incidentes críticos de red,Incidentes críticos de red
TK-003510,Incidentes críticos de red,Incidentes críticos de red
TK-003511,Incidentes críticos de red,Incidentes críticos de red
TK-003512,Incidentes críticos de red,Incidentes críticos de red
TK-003513,Incidentes críticos de red,Incidentes críticos de red
TK-003514,Incidentes críticos de red,Incidentes de seguridad
TK-003515,Incidentes críticos de red,Incidentes críticos de red
TK-003516,Incidentes críticos de red,Incidentes críticos de red
TK-003517,Incidentes críticos de red,Incidentes críticos de red
TK-003518,Incidentes críticos de red,Incidentes críticos de red
TK-003519,Incidentes críticos de red,Incidentes críticos de red
TK-003520,Incidentes críticos de red,Incidentes críticos de red
TK-003521,Incidentes críticos de red,Incidentes críticos de red
TK-003522,Incidentes críticos de red,Incidentes críticos de red
TK-003523,Incidentes críticos de red,Incidentes críticos de red
TK-003524,Incidentes críticos de red,Incidentes críticos de red
TK-003525,Incidentes críticos de red,Incidentes críticos de red
TK-003526,Errores recurrentes de software/ERP,Errores recurrentes de software/ERP
TK-003527,Incidentes críticos de red,Incidentes críticos de red
TK-003528,Incidentes críticos de red,Incidentes de seguridad
TK-003529,Solicitudes rutinarias,Solicitudes rutinarias
TK-003530,Solicitudes rutinarias,Solicitudes rutinarias
TK-003531,Incidentes críticos de red,Incidentes críticos de red
TK-003532,Incidentes críticos de red,Incidentes críticos de red
TK-003533,Incidentes críticos de red,Incidentes críticos de red
TK-003534,Solicitudes rutinarias,Solicitudes rutinarias
TK-003535,Incidentes críticos de red,Incidentes críticos de red
TK-003536,Incidentes críticos de red,Incidentes críticos de red
TK-003537,Incidentes críticos de red,Incidentes críticos de red
TK-003538,Incidentes críticos de red,Incidentes críticos de red
TK-003539,Incidentes críticos de red,Incidentes críticos de red
TK-003540,Incidentes críticos de red,Incidentes críticos de red
TK-003541,Errores recurrentes de software/ERP,Errores recurrentes de software/ERP
TK-003542,Incidentes críticos de red,Incidentes críticos de red
TK-003543,Incidentes críticos de red,Incidentes críticos de red
TK-003544,Incidentes críticos de red,Incidentes críticos de red
TK-003545,Incidentes críticos de red,Errores recurrentes de software/ERP
TK-003546,Incidentes de seguridad,Incidentes de seguridad
TK-003547,Incidentes críticos de red,Incidentes críticos de red
TK-003548,Incidentes críticos de red,Incidentes críticos de red
TK-003549,Incidentes críticos de red,Incidentes críticos de red
TK-003550,Incidentes críticos de red,Incidentes críticos de red
TK-003551,Incidentes críticos de red,Errores recurrentes de software/ERP
TK-003552,Incidentes críticos de red,Errores recurrentes de software/ERP
TK-003553,Solicitudes rutinarias,Solicitudes rutinarias
TK-003554,Incidentes críticos de red,Incidentes críticos de red
TK-003555,Incidentes críticos de red,Incidentes críticos de red
TK-003556,Incidentes críticos de red,Incidentes críticos de red
TK-003557,Incidentes críticos de red,Incidentes críticos de red
TK-003558,Incidentes críticos de red,Incidentes críticos de red
TK-003559,Incidentes críticos de red,Incidentes críticos de red
TK-003560,Solicitudes rutinarias,Solicitudes rutinarias
TK-003561,Incidentes críticos de red,Incidentes críticos de red
TK-003562,Incidentes críticos de red,Incidentes críticos de red
TK-003563,Fallas de hardware,Fallas de hardware
TK-003564,Errores recurrentes de software/ERP,Casos crónicos
TK-003565,Incidentes críticos de red,Incidentes críticos de red
TK-003566,Incidentes críticos de red,Incidentes críticos de red
TK-003567,Incidentes críticos de red,Incidentes críticos de red
TK-003568,Incidentes críticos de red,Incidentes críticos de red
TK-003569,Incidentes críticos de red,Errores recurrentes de software/ERP
TK-003570,Incidentes críticos de red,Incidentes críticos de red
TK-003571,Incidentes críticos de red,Incidentes críticos de red
TK-003572,Solicitudes rutinarias,Solicitudes rutinarias
TK-003573,Incidentes críticos de red,Incidentes críticos de red
TK-003574,Incidentes críticos de red,Incidentes críticos de red
TK-003575,Incidentes críticos de red,Incidentes críticos de red
TK-003576,Incidentes críticos de red,Incidentes críticos de red
TK-003577,Incidentes críticos de red,Incidentes críticos de red
TK-003578,Incidentes críticos de red,Incidentes críticos de red
TK-003579,Incidentes críticos de red,Incidentes críticos de red
TK-003580,Incidentes críticos de red,Incidentes críticos de red
TK-003581,Incidentes críticos de red,Incidentes críticos de red
TK-003582,Incidentes críticos de red,Incidentes críticos de red
TK-003583,Incidentes críticos de red,Incidentes críticos de red
TK-003584,Incidentes críticos de red,Incidentes críticos de red
TK-003585,Fallas de hardware,Fallas de hardware
TK-003586,Incidentes críticos de red,Incidentes críticos de red
TK-003587,Incidentes críticos de red,Incidentes críticos de red
TK-003588,Incidentes críticos de red,Incidentes críticos de red
TK-003589,Incidentes críticos de red,Incidentes críticos de red
TK-003590,Incidentes críticos de red,Incidentes críticos de red
TK-003591,Incidentes críticos de red,Incidentes críticos de red
TK-003592,Incidentes críticos de red,Incidentes críticos de red
TK-003593,Incidentes críticos de red,Incidentes críticos de red
TK-003594,Incidentes críticos de red,Incidentes críticos de red
TK-003595,Incidentes críticos de red,Incidentes críticos de red
TK-003596,Solicitudes rutinarias,Errores recurrentes de software/ERP
TK-003597,Incidentes de seguridad,Incidentes críticos de red
TK-003598,Solicitudes rutinarias,Solicitudes rutinarias
TK-003599,Fallas de hardware,Fallas de hardware
TK-003600,Incidentes críticos de red,Incidentes críticos de red
TK-003601,Solicitudes rutinarias,Fallas de hardware
TK-003602,Solicitudes rutinarias,Solicitudes rutinarias
TK-003603,Fallas de hardware,Fallas de hardware
TK-003604,Fallas de hardware,Fallas de hardware
TK-003605,Solicitudes rutinarias,Solicitudes rutinarias
TK-003606,Solicitudes rutinarias,Solicitudes rutinarias
TK-003607,Solicitudes rutinarias,Solicitudes rutinarias
TK-003608,Incidentes críticos de red,Incidentes críticos de red
TK-003609,Solicitudes rutinarias,Solicitudes rutinarias
TK-003610,Incidentes críticos de red,Incidentes críticos de red
TK-003611,Solicitudes rutinarias,Errores recurrentes de software/ERP
TK-003612,Solicitudes rutinarias,Solicitudes rutinarias
TK-003613,Fallas de hardware,Errores recurrentes de software/ERP
TK-003614,Solicitudes rutinarias,Solicitudes rutinarias
TK-003615,Solicitudes rutinarias,Solicitudes rutinarias
TK-003616,Fallas de hardware,Fallas de hardware
TK-003617,Solicitudes rutinarias,Solicitudes rutinarias
TK-003618,Errores recurrentes de software/ERP,Errores recurrentes de software/ERP
TK-003619,Solicitudes rutinarias,Solicitudes rutinarias
TK-003620,Solicitudes rutinarias,Solicitudes rutinarias
TK-003621,Solicitudes rutinarias,Solicitudes rutinarias
TK-003622,Solicitudes rutinarias,Solicitudes rutinarias
TK-003623,Errores recurrentes de software/ERP,Errores recurrentes de software/ERP
TK-003624,Solicitudes rutinarias,Solicitudes rutinarias
TK-003625,Solicitudes rutinarias,Solicitudes rutinarias
TK-003626,Fallas de hardware,Errores recurrentes de software/ERP
TK-003627,Incidentes críticos de red,Incidentes críticos de red
TK-003628,Incidentes de seguridad,Incidentes de seguridad
TK-003629,Casos crónicos,Casos crónicos
TK-003630,Errores recurrentes de software/ERP,Casos crónicos
TK-003631,Errores recurrentes de software/ERP,Solicitudes rutinarias
TK-003632,Fallas de hardware,Fallas de hardware
TK-003633,Solicitudes rutinarias,Solicitudes rutinarias
TK-003634,Errores recurrentes de software/ERP,Errores recurrentes de software/ERP
TK-003635,Solicitudes rutinarias,Solicitudes rutinarias
TK-003636,Solicitudes rutinarias,Solicitudes rutinarias
TK-003637,Solicitudes rutinarias,Solicitudes rutinarias
TK-003638,Solicitudes rutinarias,Solicitudes rutinarias
TK-003639,Solicitudes rutinarias,Solicitudes rutinarias
TK-003640,Solicitudes rutinarias,Solicitudes rutinarias
TK-003641,Solicitudes rutinarias,Solicitudes rutinarias
TK-003642,Errores recurrentes de software/ERP,Errores recurrentes de software/ERP
TK-003643,Errores recurrentes de software/ERP,Errores recurrentes de software/ERP
TK-003644,Solicitudes rutinarias,Solicitudes rutinarias
TK-003645,Errores recurrentes de software/ERP,Errores recurrentes de software/ERP
TK-003646,Solicitudes rutinarias,Solicitudes rutinarias
TK-003647,Incidentes de seguridad,Incidentes de seguridad
TK-003648,Errores recurrentes de software/ERP,Errores recurrentes de software/ERP
TK-003649,Solicitudes rutinarias,Solicitudes rutinarias
TK-003650,Solicitudes rutinarias,Solicitudes rutinarias
TK-003651,Solicitudes rutinarias,Solicitudes rutinarias
TK-003652,Solicitudes rutinarias,Solicitudes rutinarias
TK-003653,Incidentes críticos de red,Incidentes críticos de red
TK-003654,Solicitudes rutinarias,Solicitudes rutinarias
TK-003655,Errores recurrentes de software/ERP,Errores recurrentes de software/ERP
TK-003656,Errores recurrentes de software/ERP,Errores recurrentes de software/ERP
TK-003657,Fallas de hardware,Fallas de hardware
TK-003658,Solicitudes rutinarias,Solicitudes rutinarias
TK-003659,Casos crónicos,Casos crónicos
TK-003660,Solicitudes rutinarias,Solicitudes rutinarias
TK-003661,Fallas de hardware,Fallas de hardware
TK-003662,Fallas de hardware,Fallas de hardware
TK-003663,Errores recurrentes de software/ERP,Errores recurrentes de software/ERP
TK-003664,Solicitudes rutinarias,Solicitudes rutinarias
TK-003665,Incidentes de seguridad,Incidentes de seguridad
TK-003666,Fallas de hardware,Fallas de hardware
TK-003667,Errores recurrentes de software/ERP,Errores recurrentes de software/ERP
TK-003668,Solicitudes rutinarias,Solicitudes rutinarias
TK-003669,Incidentes de seguridad,Incidentes de seguridad
TK-003670,Solicitudes rutinarias,Solicitudes rutinarias
TK-003671,Incidentes críticos de red,Errores recurrentes de software/ERP
TK-003672,Solicitudes rutinarias,Fallas de hardware
TK-003673,Errores recurrentes de software/ERP,Errores recurrentes de software/ERP
TK-003674,Fallas de hardware,Fallas de hardware
TK-003675,Casos crónicos,Casos crónicos
TK-003676,Incidentes críticos de red,Incidentes críticos de red
TK-003677,Solicitudes rutinarias,Solicitudes rutinarias
TK-003678,Errores recurrentes de software/ERP,Errores recurrentes de software/ERP
TK-003679,Fallas de hardware,Fallas de hardware
TK-003680,Solicitudes rutinarias,Errores recurrentes de software/ERP
TK-003681,Solicitudes rutinarias,Solicitudes rutinarias
TK-003682,Errores recurrentes de software/ERP,Solicitudes rutinarias
TK-003683,Solicitudes rutinarias,Solicitudes rutinarias
TK-003684,Solicitudes rutinarias,Solicitudes rutinarias
TK-003685,Solicitudes rutinarias,Solicitudes rutinarias
TK-003686,Fallas de hardware,Fallas de hardware
TK-003687,Solicitudes rutinarias,Solicitudes rutinarias
TK-003688,Solicitudes rutinarias,Solicitudes rutinarias
TK-003689,Solicitudes rutinarias,Solicitudes rutinarias
TK-003690,Solicitudes rutinarias,Solicitudes rutinarias
TK-003691,Casos crónicos,Casos crónicos
TK-003692,Solicitudes rutinarias,Solicitudes rutinarias
TK-003693,Fallas de hardware,Errores recurrentes de software/ERP
TK-003694,Incidentes de seguridad,Incidentes de seguridad
TK-003695,Incidentes de seguridad,Incidentes de seguridad
TK-003696,Errores recurrentes de software/ERP,Errores recurrentes de software/ERP
TK-003697,Solicitudes rutinarias,Fallas de hardware
TK-003698,Fallas de hardware,Fallas de hardware
TK-003699,Fallas de hardware,Fallas de hardware
TK-003700,Incidentes de seguridad,Incidentes de seguridad
TK-003701,Errores recurrentes de software/ERP,Errores recurrentes de software/ERP
TK-003702,Solicitudes rutinarias,Solicitudes rutinarias
TK-003703,Solicitudes rutinarias,Errores recurrentes de software/ERP
TK-003704,Solicitudes rutinarias,Solicitudes rutinarias
TK-003705,Solicitudes rutinarias,Solicitudes rutinarias
TK-003706,Fallas de hardware,Fallas de hardware
TK-003707,Solicitudes rutinarias,Solicitudes rutinarias
TK-003708,Errores recurrentes de software/ERP,Casos crónicos
TK-003709,Solicitudes rutinarias,Solicitudes rutinarias
TK-003710,Solicitudes rutinarias,Solicitudes rutinarias
TK-003711,Solicitudes rutinarias,Solicitudes rutinarias
TK-003712,Incidentes de seguridad,Incidentes de seguridad
TK-003713,Solicitudes rutinarias,Fallas de hardware
TK-003714,Fallas de hardware,Fallas de hardware
TK-003715,Errores recurrentes de software/ERP,Errores recurrentes de software/ERP
TK-003716,Incidentes críticos de red,Incidentes críticos de red
TK-003717,Fallas de hardware,Fallas de hardware
TK-003718,Solicitudes rutinarias,Fallas de hardware
TK-003719,Casos crónicos,Casos crónicos
TK-003720,Fallas de hardware,Fallas de hardware
TK-003721,Casos crónicos,Casos crónicos
TK-003722,Solicitudes rutinarias,Solicitudes rutinarias
TK-003723,Solicitudes rutinarias,Solicitudes rutinarias
TK-003724,Incidentes de seguridad,Incidentes de seguridad
TK-003725,Solicitudes rutinarias,Solicitudes rutinarias
TK-003726,Solicitudes rutinarias,Solicitudes rutinarias
TK-003727,Solicitudes rutinarias,Solicitudes rutinarias
TK-003728,Fallas de hardware,Fallas de hardware
TK-003729,Solicitudes rutinarias,Fallas de hardware
TK-003730,Solicitudes rutinarias,Solicitudes rutinarias
TK-003731,Solicitudes rutinarias,Solicitudes rutinarias
TK-003732,Solicitudes rutinarias,Solicitudes rutinarias
TK-003733,Solicitudes rutinarias,Solicitudes rutinarias
TK-003734,Incidentes críticos de red,Incidentes críticos de red
TK-003735,Incidentes críticos de red,Incidentes críticos de red
TK-003736,Solicitudes rutinarias,Solicitudes rutinarias
TK-003737,Fallas de hardware,Fallas de hardware
TK-003738,Incidentes de seguridad,Incidentes de seguridad
TK-003739,Solicitudes rutinarias,Solicitudes rutinarias
TK-003740,Incidentes críticos de red,Incidentes críticos de red
TK-003741,Incidentes de seguridad,Incidentes de seguridad
TK-003742,Solicitudes rutinarias,Solicitudes rutinarias
TK-003743,Casos crónicos,Casos crónicos
TK-003744,Solicitudes rutinarias,Solicitudes rutinarias
TK-003745,Solicitudes rutinarias,Solicitudes rutinarias
TK-003746,Solicitudes rutinarias,Solicitudes rutinarias
TK-003747,Fallas de hardware,Errores recurrentes de software/ERP
TK-003748,Solicitudes rutinarias,Solicitudes rutinarias
TK-003749,Solicitudes rutinarias,Solicitudes rutinarias
TK-003750,Incidentes de seguridad,Incidentes de seguridad
TK-003751,Solicitudes rutinarias,Solicitudes rutinarias
TK-003752,Fallas de hardware,Fallas de hardware
TK-003753,Fallas de hardware,Fallas de hardware
TK-003754,Fallas de hardware,Fallas de hardware
TK-003755,Fallas de hardware,Fallas de hardware
TK-003756,Solicitudes rutinarias,Solicitudes rutinarias
TK-003757,Incidentes de seguridad,Incidentes de seguridad
TK-003758,Fallas de hardware,Fallas de hardware
TK-003759,Solicitudes rutinarias,Solicitudes rutinarias
TK-003760,Incidentes de seguridad,Incidentes de seguridad
TK-003761,Solicitudes rutinarias,Solicitudes rutinarias
TK-003762,Incidentes críticos de red,Incidentes de seguridad
TK-003763,Solicitudes rutinarias,Solicitudes rutinarias
TK-003764,Fallas de hardware,Fallas de hardware
TK-003765,Errores recurrentes de software/ERP,Errores recurrentes de software/ERP
TK-003766,Fallas de hardware,Fallas de hardware
TK-003767,Fallas de hardware,Errores recurrentes de software/ERP
TK-003768,Fallas de hardware,Fallas de hardware
TK-003769,Errores recurrentes de software/ERP,Errores recurrentes de software/ERP
TK-003770,Solicitudes rutinarias,Solicitudes rutinarias
TK-003771,Fallas de hardware,Fallas de hardware
TK-003772,Errores recurrentes de software/ERP,Errores recurrentes de software/ERP
TK-003773,Solicitudes rutinarias,Solicitudes rutinarias
TK-003774,Solicitudes rutinarias,Solicitudes rutinarias
TK-003775,Solicitudes rutinarias,Solicitudes rutinarias
TK-003776,Solicitudes rutinarias,Solicitudes rutinarias
TK-003777,Solicitudes rutinarias,Solicitudes rutinarias
TK-003778,Incidentes de seguridad,Incidentes de seguridad
TK-003779,Errores recurrentes de software/ERP,Errores recurrentes de software/ERP
TK-003780,Fallas de hardware,Solicitudes rutinarias
TK-003781,Fallas de hardware,Fallas de hardware
TK-003782,Fallas de hardware,Fallas de hardware
TK-003783,Solicitudes rutinarias,Solicitudes rutinarias
TK-003784,Solicitudes rutinarias,Solicitudes rutinarias
TK-003785,Errores recurrentes de software/ERP,Errores recurrentes de software/ERP
TK-003786,Errores recurrentes de software/ERP,Errores recurrentes de software/ERP
TK-003787,Solicitudes rutinarias,Solicitudes rutinarias
TK-003788,Errores recurrentes de software/ERP,Errores recurrentes de software/ERP
TK-003789,Solicitudes rutinarias,Solicitudes rutinarias
TK-003790,Errores recurrentes de software/ERP,Errores recurrentes de software/ERP
TK-003791,Solicitudes rutinarias,Solicitudes rutinarias
TK-003792,Solicitudes rutinarias,Solicitudes rutinarias
TK-003793,Solicitudes rutinarias,Solicitudes rutinarias
TK-003794,Solicitudes rutinarias,Solicitudes rutinarias
TK-003795,Solicitudes rutinarias,Solicitudes rutinarias
TK-003796,Solicitudes rutinarias,Solicitudes rutinarias
TK-003797,Fallas de hardware,Fallas de hardware
TK-003798,Solicitudes rutinarias,Solicitudes rutinarias
TK-003799,Errores recurrentes de software/ERP,Solicitudes rutinarias
TK-003800,Fallas de hardware,Fallas de hardware
TK-003801,Fallas de hardware,Fallas de hardware
TK-003802,Solicitudes rutinarias,Errores recurrentes de software/ERP
TK-003803,Errores recurrentes de software/ERP,Errores recurrentes de software/ERP
TK-003804,Incidentes de seguridad,Incidentes de seguridad
TK-003805,Solicitudes rutinarias,Solicitudes rutinarias
TK-003806,Solicitudes rutinarias,Solicitudes rutinarias
TK-003807,Solicitudes rutinarias,Solicitudes rutinarias
TK-003808,Solicitudes rutinarias,Solicitudes rutinarias
TK-003809,Solicitudes rutinarias,Solicitudes rutinarias
TK-003810,Fallas de hardware,Fallas de hardware
TK-003811,Incidentes críticos de red,Incidentes críticos de red
TK-003812,Solicitudes rutinarias,Errores recurrentes de software/ERP
TK-003813,Solicitudes rutinarias,Solicitudes rutinarias
TK-003814,Fallas de hardware,Fallas de hardware
TK-003815,Fallas de hardware,Fallas de hardware
TK-003816,Fallas de hardware,Fallas de hardware
TK-003817,Solicitudes rutinarias,Solicitudes rutinarias
TK-003818,Fallas de hardware,Fallas de hardware
TK-003819,Incidentes críticos de red,Incidentes críticos de red
TK-003820,Solicitudes rutinarias,Errores recurrentes de software/ERP
TK-003821,Solicitudes rutinarias,Errores recurrentes de software/ERP
TK-003822,Incidentes críticos de red,Incidentes críticos de red
TK-003823,Incidentes críticos de red,Incidentes críticos de red
TK-003824,Solicitudes rutinarias,Solicitudes rutinarias
TK-003825,Errores recurrentes de software/ERP,Errores recurrentes de software/ERP
TK-003826,Solicitudes rutinarias,Fallas de hardware
TK-003827,Errores recurrentes de software/ERP,Errores recurrentes de software/ERP
TK-003828,Solicitudes rutinarias,Solicitudes rutinarias
TK-003829,Errores recurrentes de software/ERP,Errores recurrentes de software/ERP
TK-003830,Solicitudes rutinarias,Solicitudes rutinarias
TK-003831,Solicitudes rutinarias,Solicitudes rutinarias
TK-003832,Fallas de hardware,Fallas de hardware
TK-003833,Fallas de hardware,Fallas de hardware
TK-003834,Solicitudes rutinarias,Solicitudes rutinarias
TK-003835,Solicitudes rutinarias,Solicitudes rutinarias
TK-003836,Errores recurrentes de software/ERP,Errores recurrentes de software/ERP
TK-003837,Errores recurrentes de software/ERP,Errores recurrentes de software/ERP
TK-003838,Casos crónicos,Casos crónicos
TK-003839,Fallas de hardware,Fallas de hardware
TK-003840,Errores recurrentes de software/ERP,Errores recurrentes de software/ERP
TK-003841,Solicitudes rutinarias,Solicitudes rutinarias
TK-003842,Solicitudes rutinarias,Solicitudes rutinarias
TK-003843,Solicitudes rutinarias,Solicitudes rutinarias
TK-003844,Solicitudes rutinarias,Solicitudes rutinarias
TK-003845,Solicitudes rutinarias,Solicitudes rutinarias
TK-003846,Solicitudes rutinarias,Solicitudes rutinarias
TK-003847,Solicitudes rutinarias,Fallas de hardware
TK-003848,Solicitudes rutinarias,Solicitudes rutinarias
TK-003849,Solicitudes rutinarias,Solicitudes rutinarias
TK-003850,Solicitudes rutinarias,Solicitudes rutinarias
TK-003851,Solicitudes rutinarias,Solicitudes rutinarias
TK-003852,Solicitudes rutinarias,Solicitudes rutinarias
TK-003853,Incidentes de seguridad,Incidentes de seguridad
TK-003854,Incidentes críticos de red,Errores recurrentes de software/ERP
TK-003855,Solicitudes rutinarias,Solicitudes rutinarias
TK-003856,Solicitudes rutinarias,Solicitudes rutinarias
TK-003857,Fallas de hardware,Fallas de hardware
TK-003858,Solicitudes rutinarias,Solicitudes rutinarias
TK-003859,Errores recurrentes de software/ERP,Errores recurrentes de software/ERP
TK-003860,Incidentes de seguridad,Incidentes de seguridad
TK-003861,Solicitudes rutinarias,Solicitudes rutinarias
TK-003862,Solicitudes rutinarias,Solicitudes rutinarias
TK-003863,Incidentes críticos de red,Incidentes críticos de red
TK-003864,Fallas de hardware,Fallas de hardware
TK-003865,Errores recurrentes de software/ERP,Errores recurrentes de software/ERP
TK-003866,Solicitudes rutinarias,Solicitudes rutinarias
TK-003867,Solicitudes rutinarias,Solicitudes rutinarias
TK-003868,Solicitudes rutinarias,Solicitudes rutinarias
TK-003869,Solicitudes rutinarias,Solicitudes rutinarias
TK-003870,Errores recurrentes de software/ERP,Errores recurrentes de software/ERP
TK-003871,Fallas de hardware,Fallas de hardware
TK-003872,Solicitudes rutinarias,Solicitudes rutinarias
TK-003873,Solicitudes rutinarias,Solicitudes rutinarias
TK-003874,Solicitudes rutinarias,Solicitudes rutinarias
TK-003875,Solicitudes rutinarias,Solicitudes rutinarias
TK-003876,Incidentes críticos de red,Incidentes críticos de red
TK-003877,Solicitudes rutinarias,Errores recurrentes de software/ERP
TK-003878,Casos crónicos,Casos crónicos
TK-003879,Solicitudes rutinarias,Solicitudes rutinarias
TK-003880,Solicitudes rutinarias,Solicitudes rutinarias
TK-003881,Errores recurrentes de software/ERP,Errores recurrentes de software/ERP
TK-003882,Fallas de hardware,Fallas de hardware
TK-003883,Solicitudes rutinarias,Solicitudes rutinarias
TK-003884,Fallas de hardware,Fallas de hardware
TK-003885,Solicitudes rutinarias,Solicitudes rutinarias
TK-003886,Casos crónicos,Casos crónicos
TK-003887,Errores recurrentes de software/ERP,Errores recurrentes de software/ERP
TK-003888,Solicitudes rutinarias,Solicitudes rutinarias
TK-003889,Solicitudes rutinarias,Solicitudes rutinarias
TK-003890,Solicitudes rutinarias,Solicitudes rutinarias
TK-003891,Fallas de hardware,Fallas de hardware
TK-003892,Incidentes críticos de red,Incidentes críticos de red
TK-003893,Fallas de hardware,Fallas de hardware
TK-003894,Solicitudes rutinarias,Solicitudes rutinarias
TK-003895,Solicitudes rutinarias,Solicitudes rutinarias
TK-003896,Fallas de hardware,Fallas de hardware
TK-003897,Fallas de hardware,Fallas de hardware
TK-003898,Casos crónicos,Errores recurrentes de software/ERP
TK-003899,Incidentes críticos de red,Incidentes críticos de red
TK-003900,Fallas de hardware,Fallas de hardware
TK-003901,Solicitudes rutinarias,Solicitudes rutinarias
TK-003902,Solicitudes rutinarias,Fallas de hardware
TK-003903,Incidentes de seguridad,Incidentes de seguridad
TK-003904,Incidentes de seguridad,Incidentes de seguridad
TK-003905,Fallas de hardware,Fallas de hardware
TK-003906,Fallas de hardware,Fallas de hardware
TK-003907,Errores recurrentes de software/ERP,Errores recurrentes de software/ERP
TK-003908,Solicitudes rutinarias,Solicitudes rutinarias
TK-003909,Solicitudes rutinarias,Solicitudes rutinarias
TK-003910,Solicitudes rutinarias,Solicitudes rutinarias
TK-003911,Solicitudes rutinarias,Solicitudes rutinarias
TK-003912,Solicitudes rutinarias,Solicitudes rutinarias
TK-003913,Solicitudes rutinarias,Solicitudes rutinarias
TK-003914,Solicitudes rutinarias,Solicitudes rutinarias
TK-003915,Fallas de hardware,Fallas de hardware
TK-003916,Solicitudes rutinarias,Solicitudes rutinarias
TK-003917,Solicitudes rutinarias,Solicitudes rutinarias
TK-003918,Incidentes de seguridad,Incidentes de seguridad
TK-003919,Solicitudes rutinarias,Solicitudes rutinarias
TK-003920,Errores recurrentes de software/ERP,Errores recurrentes de software/ERP
TK-003921,Solicitudes rutinarias,Solicitudes rutinarias
TK-003922,Solicitudes rutinarias,Solicitudes rutinarias
TK-003923,Fallas de hardware,Fallas de hardware
TK-003924,Incidentes de seguridad,Incidentes de seguridad
TK-003925,Solicitudes rutinarias,Solicitudes rutinarias
TK-003926,Solicitudes rutinarias,Solicitudes rutinarias
TK-003927,Solicitudes rutinarias,Solicitudes rutinarias
TK-003928,Solicitudes rutinarias,Solicitudes rutinarias
TK-003929,Solicitudes rutinarias,Solicitudes rutinarias
TK-003930,Incidentes críticos de red,Incidentes críticos de red
TK-003931,Errores recurrentes de software/ERP,Errores recurrentes de software/ERP
TK-003932,Solicitudes rutinarias,Solicitudes rutinarias
TK-003933,Incidentes de seguridad,Incidentes de seguridad
TK-003934,Errores recurrentes de software/ERP,Errores recurrentes de software/ERP
TK-003935,Solicitudes rutinarias,Solicitudes rutinarias
TK-003936,Solicitudes rutinarias,Solicitudes rutinarias
TK-003937,Errores recurrentes de software/ERP,Errores recurrentes de software/ERP
TK-003938,Solicitudes rutinarias,Solicitudes rutinarias
TK-003939,Fallas de hardware,Fallas de hardware
TK-003940,Fallas de hardware,Fallas de hardware
TK-003941,Errores recurrentes de software/ERP,Errores recurrentes de software/ERP
TK-003942,Solicitudes rutinarias,Solicitudes rutinarias
TK-003943,Incidentes de seguridad,Incidentes de seguridad
TK-003944,Solicitudes rutinarias,Solicitudes rutinarias
TK-003945,Solicitudes rutinarias,Solicitudes rutinarias
TK-003946,Incidentes de seguridad,Incidentes de seguridad
TK-003947,Fallas de hardware,Fallas de hardware
TK-003948,Solicitudes rutinarias,Solicitudes rutinarias
TK-003949,Fallas de hardware,Fallas de hardware
TK-003950,Fallas de hardware,Fallas de hardware
TK-003951,Solicitudes rutinarias,Solicitudes rutinarias
TK-003952,Solicitudes rutinarias,Solicitudes rutinarias
TK-003953,Solicitudes rutinarias,Solicitudes rutinarias
TK-003954,Casos crónicos,Casos crónicos
TK-003955,Fallas de hardware,Fallas de hardware
TK-003956,Solicitudes rutinarias,Solicitudes rutinarias
TK-003957,Solicitudes rutinarias,Solicitudes rutinarias
TK-003958,Solicitudes rutinarias,Solicitudes rutinarias
TK-003959,Solicitudes rutinarias,Solicitudes rutinarias
TK-003960,Solicitudes rutinarias,Solicitudes rutinarias
TK-003961,Errores recurrentes de software/ERP,Errores recurrentes de software/ERP
TK-003962,Fallas de hardware,Fallas de hardware
TK-003963,Solicitudes rutinarias,Fallas de hardware
TK-003964,Solicitudes rutinarias,Solicitudes rutinarias
TK-003965,Solicitudes rutinarias,Solicitudes rutinarias
TK-003966,Solicitudes rutinarias,Solicitudes rutinarias
TK-003967,Casos crónicos,Casos crónicos
TK-003968,Solicitudes rutinarias,Solicitudes rutinarias
TK-003969,Incidentes críticos de red,Incidentes críticos de red
TK-003970,Solicitudes rutinarias,Solicitudes rutinarias
TK-003971,Solicitudes rutinarias,Solicitudes rutinarias
TK-003972,Solicitudes rutinarias,Solicitudes rutinarias
TK-003973,Solicitudes rutinarias,Solicitudes rutinarias
TK-003974,Errores recurrentes de software/ERP,Errores recurrentes de software/ERP
TK-003975,Errores recurrentes de software/ERP,Errores recurrentes de software/ERP
TK-003976,Incidentes de seguridad,Incidentes de seguridad
TK-003977,Solicitudes rutinarias,Solicitudes rutinarias
TK-003978,Errores recurrentes de software/ERP,Errores recurrentes de software/ERP
TK-003979,Fallas de hardware,Fallas de hardware
TK-003980,Solicitudes rutinarias,Solicitudes rutinarias
TK-003981,Solicitudes rutinarias,Solicitudes rutinarias
TK-003982,Solicitudes rutinarias,Solicitudes rutinarias
TK-003983,Solicitudes rutinarias,Solicitudes rutinarias
TK-003984,Fallas de hardware,Fallas de hardware
TK-003985,Solicitudes rutinarias,Solicitudes rutinarias
TK-003986,Errores recurrentes de software/ERP,Errores recurrentes de software/ERP
TK-003987,Errores recurrentes de software/ERP,Errores recurrentes de software/ERP
TK-003988,Incidentes de seguridad,Incidentes de seguridad
TK-003989,Errores recurrentes de software/ERP,Errores recurrentes de software/ERP
TK-003990,Solicitudes rutinarias,Solicitudes rutinarias
TK-003991,Solicitudes rutinarias,Solicitudes rutinarias
TK-003992,Incidentes de seguridad,Incidentes de seguridad
TK-003993,Solicitudes rutinarias,Errores recurrentes de software/ERP
TK-003994,Errores recurrentes de software/ERP,Errores recurrentes de software/ERP
TK-003995,Incidentes de seguridad,Incidentes de seguridad
TK-003996,Solicitudes rutinarias,Solicitudes rutinarias
TK-003997,Solicitudes rutinarias,Solicitudes rutinarias
TK-003998,Errores recurrentes de software/ERP,Errores recurrentes de software/ERP
TK-003999,Solicitudes rutinarias,Solicitudes rutinarias
TK-004000,Fallas de hardware,Fallas de hardware
TK-004001,Errores recurrentes de software/ERP,Errores recurrentes de software/ERP
TK-004002,Errores recurrentes de software/ERP,Errores recurrentes de software/ERP
TK-004003,Solicitudes rutinarias,Solicitudes rutinarias
TK-004004,Errores recurrentes de software/ERP,Errores recurrentes de software/ERP
TK-004005,Solicitudes rutinarias,Errores recurrentes de software/ERP
TK-004006,Solicitudes rutinarias,Solicitudes rutinarias
TK-004007,Fallas de hardware,Fallas de hardware
TK-004008,Solicitudes rutinarias,Solicitudes rutinarias
TK-004009,Solicitudes rutinarias,Solicitudes rutinarias
TK-004010,Incidentes de seguridad,Incidentes de seguridad
TK-004011,Solicitudes rutinarias,Solicitudes rutinarias
TK-004012,Fallas de hardware,Fallas de hardware
TK-004013,Casos crónicos,Casos crónicos
TK-004014,Fallas de hardware,Fallas de hardware
TK-004015,Solicitudes rutinarias,Solicitudes rutinarias
TK-004016,Solicitudes rutinarias,Solicitudes rutinarias
TK-004017,Fallas de hardware,Fallas de hardware
TK-004018,Errores recurrentes de software/ERP,Errores recurrentes de software/ERP
TK-004019,Solicitudes rutinarias,Solicitudes rutinarias
TK-004020,Incidentes críticos de red,Incidentes críticos de red
TK-004021,Solicitudes rutinarias,Solicitudes rutinarias
TK-004022,Solicitudes rutinarias,Solicitudes rutinarias
TK-004023,Solicitudes rutinarias,Solicitudes rutinarias
TK-004024,Incidentes críticos de red,Incidentes críticos de red
TK-004025,Incidentes de seguridad,Incidentes críticos de red
TK-004026,Fallas de hardware,Fallas de hardware
TK-004027,Incidentes críticos de red,Incidentes críticos de red
TK-004028,Solicitudes rutinarias,Solicitudes rutinarias
TK-004029,Solicitudes rutinarias,Solicitudes rutinarias
TK-004030,Solicitudes rutinarias,Solicitudes rutinarias
TK-004031,Errores recurrentes de software/ERP,Errores recurrentes de software/ERP
TK-004032,Fallas de hardware,Fallas de hardware
TK-004033,Solicitudes rutinarias,Errores recurrentes de software/ERP
TK-004034,Fallas de hardware,Fallas de hardware
TK-004035,Solicitudes rutinarias,Solicitudes rutinarias
TK-004036,Solicitudes rutinarias,Solicitudes rutinarias
TK-004037,Casos crónicos,Casos crónicos
TK-004038,Solicitudes rutinarias,Solicitudes rutinarias
TK-004039,Solicitudes rutinarias,Errores recurrentes de software/ERP
TK-004040,Fallas de hardware,Fallas de hardware
TK-004041,Solicitudes rutinarias,Solicitudes rutinarias
TK-004042,Solicitudes rutinarias,Fallas de hardware
TK-004043,Errores recurrentes de software/ERP,Errores recurrentes de software/ERP
TK-004044,Solicitudes rutinarias,Solicitudes rutinarias
TK-004045,Fallas de hardware,Fallas de hardware
TK-004046,Solicitudes rutinarias,Solicitudes rutinarias
TK-004047,Solicitudes rutinarias,Errores recurrentes de software/ERP
TK-004048,Solicitudes rutinarias,Solicitudes rutinarias
TK-004049,Incidentes de seguridad,Incidentes de seguridad
TK-004050,Incidentes críticos de red,Incidentes críticos de red
TK-004051,Solicitudes rutinarias,Solicitudes rutinarias
TK-004052,Solicitudes rutinarias,Solicitudes rutinarias
TK-004053,Errores recurrentes de software/ERP,Errores recurrentes de software/ERP
TK-004054,Solicitudes rutinarias,Solicitudes rutinarias
TK-004055,Incidentes de seguridad,Incidentes de seguridad
TK-004056,Solicitudes rutinarias,Solicitudes rutinarias
TK-004057,Solicitudes rutinarias,Solicitudes rutinarias
TK-004058,Errores recurrentes de software/ERP,Errores recurrentes de software/ERP
TK-004059,Incidentes de seguridad,Incidentes de seguridad
TK-004060,Solicitudes rutinarias,Solicitudes rutinarias
TK-004061,Errores recurrentes de software/ERP,Casos crónicos
TK-004062,Solicitudes rutinarias,Solicitudes rutinarias
TK-004063,Errores recurrentes de software/ERP,Errores recurrentes de software/ERP
TK-004064,Errores recurrentes de software/ERP,Errores recurrentes de software/ERP
TK-004065,Incidentes críticos de red,Incidentes críticos de red
TK-004066,Solicitudes rutinarias,Solicitudes rutinarias
TK-004067,Solicitudes rutinarias,Solicitudes rutinarias
TK-004068,Incidentes de seguridad,Incidentes de seguridad
TK-004069,Incidentes de seguridad,Incidentes de seguridad
TK-004070,Solicitudes rutinarias,Solicitudes rutinarias
TK-004071,Casos crónicos,Incidentes críticos de red
TK-004072,Fallas de hardware,Fallas de hardware
TK-004073,Fallas de hardware,Fallas de hardware
TK-004074,Solicitudes rutinarias,Solicitudes rutinarias
TK-004075,Fallas de hardware,Fallas de hardware
TK-004076,Incidentes críticos de red,Incidentes críticos de red
TK-004077,Errores recurrentes de software/ERP,Errores recurrentes de software/ERP
TK-004078,Errores recurrentes de software/ERP,Errores recurrentes de software/ERP
TK-004079,Fallas de hardware,Fallas de hardware
TK-004080,Solicitudes rutinarias,Solicitudes rutinarias
TK-004081,Solicitudes rutinarias,Solicitudes rutinarias
TK-004082,Solicitudes rutinarias,Solicitudes rutinarias
TK-004083,Errores recurrentes de software/ERP,Errores recurrentes de software/ERP
TK-004084,Solicitudes rutinarias,Solicitudes rutinarias
TK-004085,Casos crónicos,Casos crónicos
TK-004086,Solicitudes rutinarias,Solicitudes rutinarias
TK-004087,Solicitudes rutinarias,Solicitudes rutinarias
TK-004088,Solicitudes rutinarias,Solicitudes rutinarias
TK-004089,Fallas de hardware,Fallas de hardware
TK-004090,Errores recurrentes de software/ERP,Errores recurrentes de software/ERP
TK-004091,Solicitudes rutinarias,Fallas de hardware
TK-004092,Errores recurrentes de software/ERP,Errores recurrentes de software/ERP
TK-004093,Errores recurrentes de software/ERP,Errores recurrentes de software/ERP
TK-004094,Incidentes de seguridad,Incidentes de seguridad
TK-004095,Errores recurrentes de software/ERP,Errores recurrentes de software/ERP
TK-004096,Solicitudes rutinarias,Solicitudes rutinarias
TK-004097,Fallas de hardware,Errores recurrentes de software/ERP
TK-004098,Incidentes de seguridad,Incidentes de seguridad
TK-004099,Solicitudes rutinarias,Solicitudes rutinarias
TK-004100,Errores recurrentes de software/ERP,Errores recurrentes de software/ERP
TK-004101,Errores recurrentes de software/ERP,Errores recurrentes de software/ERP
TK-004102,Solicitudes rutinarias,Solicitudes rutinarias
TK-004103,Incidentes críticos de red,Incidentes críticos de red
TK-004104,Errores recurrentes de software/ERP,Errores recurrentes de software/ERP
TK-004105,Solicitudes rutinarias,Errores recurrentes de software/ERP
TK-004106,Solicitudes rutinarias,Solicitudes rutinarias
TK-004107,Fallas de hardware,Errores recurrentes de software/ERP
TK-004108,Errores recurrentes de software/ERP,Errores recurrentes de software/ERP
TK-004109,Solicitudes rutinarias,Solicitudes rutinarias
TK-004110,Solicitudes rutinarias,Solicitudes rutinarias
TK-004111,Errores recurrentes de software/ERP,Errores recurrentes de software/ERP
TK-004112,Solicitudes rutinarias,Fallas de hardware
TK-004113,Incidentes de seguridad,Incidentes de seguridad
TK-004114,Fallas de hardware,Fallas de hardware
TK-004115,Solicitudes rutinarias,Solicitudes rutinarias
TK-004116,Errores recurrentes de software/ERP,Solicitudes rutinarias
TK-004117,Solicitudes rutinarias,Solicitudes rutinarias
TK-004118,Solicitudes rutinarias,Solicitudes rutinarias
TK-004119,Incidentes de seguridad,Incidentes de seguridad
TK-004120,Solicitudes rutinarias,Solicitudes rutinarias
TK-004121,Fallas de hardware,Fallas de hardware
TK-004122,Fallas de hardware,Fallas de hardware
TK-004123,Incidentes de seguridad,Incidentes de seguridad
TK-004124,Incidentes críticos de red,Incidentes críticos de red
TK-004125,Fallas de hardware,Errores recurrentes de software/ERP
TK-004126,Solicitudes rutinarias,Solicitudes rutinarias
TK-004127,Solicitudes rutinarias,Solicitudes rutinarias
TK-004128,Solicitudes rutinarias,Errores recurrentes de software/ERP
TK-004129,Solicitudes rutinarias,Solicitudes rutinarias
TK-004130,Solicitudes rutinarias,Solicitudes rutinarias
TK-004131,Errores recurrentes de software/ERP,Errores recurrentes de software/ERP
TK-004132,Solicitudes rutinarias,Solicitudes rutinarias
TK-004133,Solicitudes rutinarias,Solicitudes rutinarias
TK-004134,Solicitudes rutinarias,Solicitudes rutinarias
TK-004135,Incidentes de seguridad,Incidentes de seguridad
TK-004136,Fallas de hardware,Fallas de hardware
TK-004137,Incidentes de seguridad,Incidentes de seguridad
TK-004138,Errores recurrentes de software/ERP,Errores recurrentes de software/ERP
TK-004139,Fallas de hardware,Fallas de hardware
TK-004140,Errores recurrentes de software/ERP,Solicitudes rutinarias
TK-004141,Errores recurrentes de software/ERP,Errores recurrentes de software/ERP
TK-004142,Solicitudes rutinarias,Solicitudes rutinarias
TK-004143,Solicitudes rutinarias,Solicitudes rutinarias
TK-004144,Fallas de hardware,Solicitudes rutinarias
TK-004145,Solicitudes rutinarias,Solicitudes rutinarias
TK-004146,Solicitudes rutinarias,Solicitudes rutinarias
TK-004147,Solicitudes rutinarias,Solicitudes rutinarias
TK-004148,Solicitudes rutinarias,Solicitudes rutinarias
TK-004149,Solicitudes rutinarias,Errores recurrentes de software/ERP
TK-004150,Solicitudes rutinarias,Solicitudes rutinarias
TK-004151,Errores recurrentes de software/ERP,Errores recurrentes de software/ERP
TK-004152,Incidentes de seguridad,Incidentes de seguridad
TK-004153,Solicitudes rutinarias,Solicitudes rutinarias
TK-004154,Solicitudes rutinarias,Solicitudes rutinarias
TK-004155,Solicitudes rutinarias,Solicitudes rutinarias
TK-004156,Solicitudes rutinarias,Solicitudes rutinarias
TK-004157,Errores recurrentes de software/ERP,Errores recurrentes de software/ERP
TK-004158,Solicitudes rutinarias,Solicitudes rutinarias
TK-004159,Solicitudes rutinarias,Solicitudes rutinarias
TK-004160,Incidentes críticos de red,Incidentes críticos de red
TK-004161,Solicitudes rutinarias,Solicitudes rutinarias
TK-004162,Errores recurrentes de software/ERP,Errores recurrentes de software/ERP
TK-004163,Incidentes críticos de red,Incidentes críticos de red
TK-004164,Incidentes de seguridad,Incidentes de seguridad
TK-004165,Solicitudes rutinarias,Fallas de hardware
TK-004166,Solicitudes rutinarias,Solicitudes rutinarias
TK-004167,Fallas de hardware,Solicitudes rutinarias
TK-004168,Solicitudes rutinarias,Errores recurrentes de software/ERP
TK-004169,Solicitudes rutinarias,Solicitudes rutinarias
TK-004170,Fallas de hardware,Fallas de hardware
TK-004171,Incidentes de seguridad,Incidentes críticos de red
TK-004172,Solicitudes rutinarias,Solicitudes rutinarias
TK-004173,Solicitudes rutinarias,Solicitudes rutinarias
TK-004174,Casos crónicos,Casos crónicos
TK-004175,Solicitudes rutinarias,Solicitudes rutinarias
TK-004176,Incidentes de seguridad,Incidentes de seguridad
TK-004177,Solicitudes rutinarias,Solicitudes rutinarias
TK-004178,Solicitudes rutinarias,Solicitudes rutinarias
TK-004179,Solicitudes rutinarias,Solicitudes rutinarias
TK-004180,Fallas de hardware,Fallas de hardware
TK-004181,Casos crónicos,Casos crónicos
TK-004182,Solicitudes rutinarias,Solicitudes rutinarias
TK-004183,Casos crónicos,Casos crónicos
TK-004184,Solicitudes rutinarias,Solicitudes rutinarias
TK-004185,Solicitudes rutinarias,Solicitudes rutinarias
TK-004186,Solicitudes rutinarias,Solicitudes rutinarias
TK-004187,Solicitudes rutinarias,Solicitudes rutinarias
TK-004188,Solicitudes rutinarias,Solicitudes rutinarias
TK-004189,Incidentes de seguridad,Incidentes de seguridad
TK-004190,Solicitudes rutinarias,Solicitudes rutinarias
TK-004191,Solicitudes rutinarias,Solicitudes rutinarias
TK-004192,Errores recurrentes de software/ERP,Errores recurrentes de software/ERP
TK-004193,Fallas de hardware,Fallas de hardware
TK-004194,Incidentes de seguridad,Solicitudes rutinarias
TK-004195,Errores recurrentes de software/ERP,Errores recurrentes de software/ERP
TK-004196,Errores recurrentes de software/ERP,Errores recurrentes de software/ERP
TK-004197,Solicitudes rutinarias,Solicitudes rutinarias
TK-004198,Solicitudes rutinarias,Solicitudes rutinarias
TK-004199,Solicitudes rutinarias,Solicitudes rutinarias
TK-004200,Incidentes críticos de red,Incidentes críticos de red
TK-004201,Fallas de hardware,Fallas de hardware
TK-004202,Incidentes de seguridad,Incidentes de seguridad
TK-004203,Fallas de hardware,Fallas de hardware
TK-004204,Incidentes críticos de red,Errores recurrentes de software/ERP
TK-004205,Solicitudes rutinarias,Solicitudes rutinarias
TK-004206,Fallas de hardware,Fallas de hardware
TK-004207,Incidentes de seguridad,Incidentes de seguridad
TK-004208,Fallas de hardware,Fallas de hardware
TK-004209,Solicitudes rutinarias,Solicitudes rutinarias
TK-004210,Solicitudes rutinarias,Solicitudes rutinarias
TK-004211,Solicitudes rutinarias,Solicitudes rutinarias
TK-004212,Errores recurrentes de software/ERP,Errores recurrentes de software/ERP
TK-004213,Errores recurrentes de software/ERP,Casos crónicos
TK-004214,Errores recurrentes de software/ERP,Casos crónicos
TK-004215,Errores recurrentes de software/ERP,Errores recurrentes de software/ERP
TK-004216,Errores recurrentes de software/ERP,Errores recurrentes de software/ERP
TK-004217,Fallas de hardware,Fallas de hardware
TK-004218,Fallas de hardware,Solicitudes rutinarias
TK-004219,Solicitudes rutinarias,Solicitudes rutinarias
TK-004220,Fallas de hardware,Fallas de hardware
TK-004221,Errores recurrentes de software/ERP,Errores recurrentes de software/ERP
TK-004222,Solicitudes rutinarias,Solicitudes rutinarias
TK-004223,Incidentes críticos de red,Incidentes críticos de red
TK-004224,Solicitudes rutinarias,Solicitudes rutinarias
TK-004225,Errores recurrentes de software/ERP,Errores recurrentes de software/ERP
TK-004226,Errores recurrentes de software/ERP,Errores recurrentes de software/ERP
TK-004227,Solicitudes rutinarias,Solicitudes rutinarias
TK-004228,Fallas de hardware,Fallas de hardware
TK-004229,Errores recurrentes de software/ERP,Errores recurrentes de software/ERP
TK-004230,Solicitudes rutinarias,Fallas de hardware
TK-004231,Solicitudes rutinarias,Solicitudes rutinarias
TK-004232,Fallas de hardware,Fallas de hardware
TK-004233,Solicitudes rutinarias,Fallas de hardware
TK-004234,Solicitudes rutinarias,Solicitudes rutinarias
TK-004235,Errores recurrentes de software/ERP,Errores recurrentes de software/ERP
TK-004236,Solicitudes rutinarias,Solicitudes rutinarias
TK-004237,Errores recurrentes de software/ERP,Errores recurrentes de software/ERP
TK-004238,Incidentes críticos de red,Incidentes críticos de red
TK-004239,Errores recurrentes de software/ERP,Errores recurrentes de software/ERP
TK-004240,Incidentes de seguridad,Incidentes de seguridad
TK-004241,Solicitudes rutinarias,Solicitudes rutinarias
TK-004242,Incidentes críticos de red,Incidentes críticos de red
TK-004243,Solicitudes rutinarias,Solicitudes rutinarias
TK-004244,Solicitudes rutinarias,Solicitudes rutinarias
TK-004245,Errores recurrentes de software/ERP,Errores recurrentes de software/ERP
TK-004246,Errores recurrentes de software/ERP,Errores recurrentes de software/ERP
TK-004247,Solicitudes rutinarias,Solicitudes rutinarias
TK-004248,Solicitudes rutinarias,Solicitudes rutinarias
TK-004249,Fallas de hardware,Fallas de hardware
TK-004250,Solicitudes rutinarias,Solicitudes rutinarias
TK-004251,Fallas de hardware,Errores recurrentes de software/ERP
TK-004252,Solicitudes rutinarias,Solicitudes rutinarias
TK-004253,Solicitudes rutinarias,Solicitudes rutinarias
TK-004254,Solicitudes rutinarias,Solicitudes rutinarias
TK-004255,Incidentes de seguridad,Incidentes de seguridad
TK-004256,Solicitudes rutinarias,Solicitudes rutinarias
TK-004257,Incidentes críticos de red,Incidentes críticos de red
TK-004258,Casos crónicos,Casos crónicos
TK-004259,Incidentes de seguridad,Incidentes de seguridad
TK-004260,Errores recurrentes de software/ERP,Errores recurrentes de software/ERP
TK-004261,Errores recurrentes de software/ERP,Errores recurrentes de software/ERP
TK-004262,Incidentes críticos de red,Incidentes críticos de red
TK-004263,Solicitudes rutinarias,Solicitudes rutinarias
TK-004264,Solicitudes rutinarias,Solicitudes rutinarias
TK-004265,Solicitudes rutinarias,Solicitudes rutinarias
TK-004266,Solicitudes rutinarias,Solicitudes rutinarias
TK-004267,Solicitudes rutinarias,Solicitudes rutinarias
TK-004268,Incidentes de seguridad,Incidentes de seguridad
TK-004269,Incidentes de seguridad,Incidentes de seguridad
TK-004270,Solicitudes rutinarias,Solicitudes rutinarias
TK-004271,Solicitudes rutinarias,Fallas de hardware
TK-004272,Solicitudes rutinarias,Solicitudes rutinarias
TK-004273,Fallas de hardware,Fallas de hardware
TK-004274,Errores recurrentes de software/ERP,Errores recurrentes de software/ERP
TK-004275,Fallas de hardware,Fallas de hardware
TK-004276,Errores recurrentes de software/ERP,Errores recurrentes de software/ERP
TK-004277,Errores recurrentes de software/ERP,Errores recurrentes de software/ERP
TK-004278,Casos crónicos,Casos crónicos
TK-004279,Solicitudes rutinarias,Solicitudes rutinarias
TK-004280,Solicitudes rutinarias,Solicitudes rutinarias
TK-004281,Solicitudes rutinarias,Solicitudes rutinarias
TK-004282,Errores recurrentes de software/ERP,Errores recurrentes de software/ERP
TK-004283,Solicitudes rutinarias,Solicitudes rutinarias
TK-004284,Casos crónicos,Casos crónicos
TK-004285,Solicitudes rutinarias,Solicitudes rutinarias
TK-004286,Casos crónicos,Casos crónicos
TK-004287,Solicitudes rutinarias,Solicitudes rutinarias
TK-004288,Solicitudes rutinarias,Solicitudes rutinarias
TK-004289,Solicitudes rutinarias,Solicitudes rutinarias
TK-004290,Solicitudes rutinarias,Solicitudes rutinarias
TK-004291,Errores recurrentes de software/ERP,Solicitudes rutinarias
TK-004292,Errores recurrentes de software/ERP,Errores recurrentes de software/ERP
TK-004293,Fallas de hardware,Fallas de hardware
TK-004294,Errores recurrentes de software/ERP,Errores recurrentes de software/ERP
TK-004295,Solicitudes rutinarias,Solicitudes rutinarias
TK-004296,Fallas de hardware,Fallas de hardware
TK-004297,Solicitudes rutinarias,Solicitudes rutinarias
TK-004298,Incidentes de seguridad,Incidentes de seguridad
TK-004299,Solicitudes rutinarias,Solicitudes rutinarias
TK-004300,Fallas de hardware,Fallas de hardware
TK-004301,Solicitudes rutinarias,Solicitudes rutinarias
TK-004302,Incidentes de seguridad,Incidentes de seguridad
TK-004303,Solicitudes rutinarias,Solicitudes rutinarias
TK-004304,Fallas de hardware,Fallas de hardware
TK-004305,Solicitudes rutinarias,Solicitudes rutinarias
TK-004306,Incidentes críticos de red,Incidentes críticos de red
TK-004307,Errores recurrentes de software/ERP,Errores recurrentes de software/ERP
TK-004308,Solicitudes rutinarias,Errores recurrentes de software/ERP
TK-004309,Casos crónicos,Casos crónicos
TK-004310,Solicitudes rutinarias,Fallas de hardware
TK-004311,Incidentes de seguridad,Incidentes de seguridad
TK-004312,Solicitudes rutinarias,Solicitudes rutinarias
TK-004313,Fallas de hardware,Fallas de hardware
TK-004314,Errores recurrentes de software/ERP,Errores recurrentes de software/ERP
TK-004315,Fallas de hardware,Fallas de hardware
TK-004316,Solicitudes rutinarias,Solicitudes rutinarias
TK-004317,Incidentes críticos de red,Incidentes críticos de red
TK-004318,Fallas de hardware,Fallas de hardware
TK-004319,Casos crónicos,Casos crónicos
TK-004320,Errores recurrentes de software/ERP,Errores recurrentes de software/ERP
TK-004321,Solicitudes rutinarias,Solicitudes rutinarias
TK-004322,Fallas de hardware,Fallas de hardware
TK-004323,Solicitudes rutinarias,Solicitudes rutinarias
TK-004324,Solicitudes rutinarias,Solicitudes rutinarias
TK-004325,Solicitudes rutinarias,Errores recurrentes de software/ERP
TK-004326,Fallas de hardware,Fallas de hardware
TK-004327,Incidentes críticos de red,Incidentes críticos de red
TK-004328,Incidentes de seguridad,Incidentes de seguridad
TK-004329,Solicitudes rutinarias,Solicitudes rutinarias
TK-004330,Fallas de hardware,Fallas de hardware
TK-004331,Incidentes de seguridad,Incidentes de seguridad
TK-004332,Solicitudes rutinarias,Solicitudes rutinarias
TK-004333,Incidentes de seguridad,Incidentes de seguridad
TK-004334,Solicitudes rutinarias,Solicitudes rutinarias
TK-004335,Fallas de hardware,Fallas de hardware
TK-004336,Fallas de hardware,Fallas de hardware
TK-004337,Incidentes críticos de red,Incidentes de seguridad
TK-004338,Errores recurrentes de software/ERP,Errores recurrentes de software/ERP
TK-004339,Solicitudes rutinarias,Solicitudes rutinarias
TK-004340,Solicitudes rutinarias,Errores recurrentes de software/ERP
TK-004341,Errores recurrentes de software/ERP,Casos crónicos
TK-004342,Solicitudes rutinarias,Solicitudes rutinarias
TK-004343,Incidentes críticos de red,Incidentes críticos de red
TK-004344,Errores recurrentes de software/ERP,Errores recurrentes de software/ERP
TK-004345,Solicitudes rutinarias,Solicitudes rutinarias
TK-004346,Errores recurrentes de software/ERP,Errores recurrentes de software/ERP
TK-004347,Incidentes críticos de red,Incidentes críticos de red
TK-004348,Solicitudes rutinarias,Solicitudes rutinarias
TK-004349,Solicitudes rutinarias,Solicitudes rutinarias
TK-004350,Fallas de hardware,Fallas de hardware
TK-004351,Solicitudes rutinarias,Solicitudes rutinarias
TK-004352,Errores recurrentes de software/ERP,Errores recurrentes de software/ERP
TK-004353,Fallas de hardware,Fallas de hardware
TK-004354,Errores recurrentes de software/ERP,Errores recurrentes de software/ERP
TK-004355,Fallas de hardware,Fallas de hardware
TK-004356,Solicitudes rutinarias,Solicitudes rutinarias
TK-004357,Solicitudes rutinarias,Solicitudes rutinarias
TK-004358,Fallas de hardware,Fallas de hardware
TK-004359,Casos crónicos,Casos crónicos
TK-004360,Solicitudes rutinarias,Solicitudes rutinarias
TK-004361,Solicitudes rutinarias,Solicitudes rutinarias
TK-004362,Errores recurrentes de software/ERP,Errores recurrentes de software/ERP
TK-004363,Fallas de hardware,Fallas de hardware
TK-004364,Solicitudes rutinarias,Fallas de hardware
TK-004365,Solicitudes rutinarias,Solicitudes rutinarias
TK-004366,Solicitudes rutinarias,Solicitudes rutinarias
TK-004367,Solicitudes rutinarias,Solicitudes rutinarias
TK-004368,Casos crónicos,Casos crónicos
TK-004369,Fallas de hardware,Fallas de hardware
TK-004370,Solicitudes rutinarias,Solicitudes rutinarias
TK-004371,Fallas de hardware,Fallas de hardware
TK-004372,Solicitudes rutinarias,Solicitudes rutinarias
TK-004373,Casos crónicos,Casos crónicos
TK-004374,Solicitudes rutinarias,Solicitudes rutinarias
TK-004375,Solicitudes rutinarias,Solicitudes rutinarias
TK-004376,Incidentes críticos de red,Incidentes críticos de red
TK-004377,Fallas de hardware,Fallas de hardware
TK-004378,Solicitudes rutinarias,Solicitudes rutinarias
TK-004379,Solicitudes rutinarias,Solicitudes rutinarias
TK-004380,Solicitudes rutinarias,Solicitudes rutinarias
TK-004381,Solicitudes rutinarias,Solicitudes rutinarias
TK-004382,Incidentes críticos de red,Incidentes críticos de red
TK-004383,Solicitudes rutinarias,Solicitudes rutinarias
TK-004384,Errores recurrentes de software/ERP,Errores recurrentes de software/ERP
TK-004385,Solicitudes rutinarias,Solicitudes rutinarias
TK-004386,Fallas de hardware,Fallas de hardware
TK-004387,Solicitudes rutinarias,Solicitudes rutinarias
TK-004388,Solicitudes rutinarias,Solicitudes rutinarias
TK-004389,Solicitudes rutinarias,Fallas de hardware
TK-004390,Incidentes críticos de red,Incidentes críticos de red
TK-004391,Solicitudes rutinarias,Solicitudes rutinarias
TK-004392,Incidentes de seguridad,Incidentes de seguridad
TK-004393,Solicitudes rutinarias,Solicitudes rutinarias
TK-004394,Errores recurrentes de software/ERP,Solicitudes rutinarias
TK-004395,Errores recurrentes de software/ERP,Errores recurrentes de software/ERP
TK-004396,Solicitudes rutinarias,Solicitudes rutinarias
TK-004397,Solicitudes rutinarias,Solicitudes rutinarias
TK-004398,Incidentes de seguridad,Incidentes de seguridad
TK-004399,Solicitudes rutinarias,Errores recurrentes de software/ERP
TK-004400,Solicitudes rutinarias,Errores recurrentes de software/ERP
TK-004401,Incidentes de seguridad,Incidentes de seguridad
TK-004402,Fallas de hardware,Fallas de hardware
TK-004403,Fallas de hardware,Fallas de hardware
TK-004404,Errores recurrentes de software/ERP,Errores recurrentes de software/ERP
TK-004405,Fallas de hardware,Fallas de hardware
TK-004406,Casos crónicos,Casos crónicos
TK-004407,Solicitudes rutinarias,Solicitudes rutinarias
TK-004408,Incidentes de seguridad,Incidentes de seguridad
TK-004409,Solicitudes rutinarias,Solicitudes rutinarias
TK-004410,Fallas de hardware,Fallas de hardware
TK-004411,Solicitudes rutinarias,Solicitudes rutinarias
TK-004412,Solicitudes rutinarias,Solicitudes rutinarias
TK-004413,Fallas de hardware,Fallas de hardware
TK-004414,Solicitudes rutinarias,Solicitudes rutinarias
TK-004415,Errores recurrentes de software/ERP,Errores recurrentes de software/ERP
TK-004416,Solicitudes rutinarias,Solicitudes rutinarias
TK-004417,Solicitudes rutinarias,Solicitudes rutinarias
TK-004418,Incidentes críticos de red,Incidentes críticos de red
TK-004419,Errores recurrentes de software/ERP,Errores recurrentes de software/ERP
TK-004420,Solicitudes rutinarias,Solicitudes rutinarias
TK-004421,Solicitudes rutinarias,Solicitudes rutinarias
TK-004422,Solicitudes rutinarias,Solicitudes rutinarias
TK-004423,Solicitudes rutinarias,Solicitudes rutinarias
TK-004424,Solicitudes rutinarias,Solicitudes rutinarias
TK-004425,Solicitudes rutinarias,Solicitudes rutinarias
TK-004426,Solicitudes rutinarias,Solicitudes rutinarias
TK-004427,Solicitudes rutinarias,Solicitudes rutinarias
TK-004428,Solicitudes rutinarias,Solicitudes rutinarias
TK-004429,Fallas de hardware,Fallas de hardware
TK-004430,Fallas de hardware,Fallas de hardware
TK-004431,Solicitudes rutinarias,Solicitudes rutinarias
TK-004432,Solicitudes rutinarias,Solicitudes rutinarias
TK-004433,Solicitudes rutinarias,Fallas de hardware
TK-004434,Errores recurrentes de software/ERP,Errores recurrentes de software/ERP
TK-004435,Errores recurrentes de software/ERP,Errores recurrentes de software/ERP
TK-004436,Errores recurrentes de software/ERP,Errores recurrentes de software/ERP
TK-004437,Solicitudes rutinarias,Solicitudes rutinarias
TK-004438,Solicitudes rutinarias,Solicitudes rutinarias
TK-004439,Solicitudes rutinarias,Solicitudes rutinarias
TK-004440,Incidentes críticos de red,Incidentes críticos de red
TK-004441,Solicitudes rutinarias,Fallas de hardware
TK-004442,Errores recurrentes de software/ERP,Errores recurrentes de software/ERP
TK-004443,Errores recurrentes de software/ERP,Solicitudes rutinarias
TK-004444,Fallas de hardware,Errores recurrentes de software/ERP
TK-004445,Solicitudes rutinarias,Solicitudes rutinarias
TK-004446,Errores recurrentes de software/ERP,Casos crónicos
TK-004447,Incidentes críticos de red,Incidentes críticos de red
TK-004448,Fallas de hardware,Fallas de hardware
TK-004449,Solicitudes rutinarias,Solicitudes rutinarias
TK-004450,Solicitudes rutinarias,Solicitudes rutinarias
TK-004451,Solicitudes rutinarias,Solicitudes rutinarias
TK-004452,Incidentes de seguridad,Incidentes de seguridad
TK-004453,Fallas de hardware,Fallas de hardware
TK-004454,Solicitudes rutinarias,Solicitudes rutinarias
TK-004455,Solicitudes rutinarias,Solicitudes rutinarias
TK-004456,Incidentes críticos de red,Incidentes críticos de red
TK-004457,Solicitudes rutinarias,Solicitudes rutinarias
TK-004458,Solicitudes rutinarias,Solicitudes rutinarias
TK-004459,Fallas de hardware,Fallas de hardware
TK-004460,Solicitudes rutinarias,Solicitudes rutinarias
TK-004461,Solicitudes rutinarias,Errores recurrentes de software/ERP
TK-004462,Fallas de hardware,Fallas de hardware
TK-004463,Solicitudes rutinarias,Solicitudes rutinarias
TK-004464,Errores recurrentes de software/ERP,Errores recurrentes de software/ERP
TK-004465,Solicitudes rutinarias,Solicitudes rutinarias
TK-004466,Incidentes críticos de red,Incidentes críticos de red
TK-004467,Solicitudes rutinarias,Solicitudes rutinarias
TK-004468,Solicitudes rutinarias,Solicitudes rutinarias
TK-004469,Solicitudes rutinarias,Solicitudes rutinarias
TK-004470,Errores recurrentes de software/ERP,Errores recurrentes de software/ERP
TK-004471,Fallas de hardware,Fallas de hardware
TK-004472,Solicitudes rutinarias,Solicitudes rutinarias
TK-004473,Solicitudes rutinarias,Solicitudes rutinarias
TK-004474,Errores recurrentes de software/ERP,Errores recurrentes de software/ERP
TK-004475,Solicitudes rutinarias,Solicitudes rutinarias
TK-004476,Solicitudes rutinarias,Solicitudes rutinarias
TK-004477,Casos crónicos,Casos crónicos
TK-004478,Solicitudes rutinarias,Solicitudes rutinarias
TK-004479,Solicitudes rutinarias,Fallas de hardware
TK-004480,Solicitudes rutinarias,Solicitudes rutinarias
TK-004481,Solicitudes rutinarias,Errores recurrentes de software/ERP
TK-004482,Solicitudes rutinarias,Solicitudes rutinarias
TK-004483,Solicitudes rutinarias,Solicitudes rutinarias
TK-004484,Errores recurrentes de software/ERP,Errores recurrentes de software/ERP
TK-004485,Errores recurrentes de software/ERP,Errores recurrentes de software/ERP
TK-004486,Casos crónicos,Casos crónicos
TK-004487,Solicitudes rutinarias,Solicitudes rutinarias
TK-004488,Solicitudes rutinarias,Solicitudes rutinarias
TK-004489,Solicitudes rutinarias,Fallas de hardware
TK-004490,Solicitudes rutinarias,Solicitudes rutinarias
TK-004491,Incidentes de seguridad,Incidentes de seguridad
TK-004492,Solicitudes rutinarias,Errores recurrentes de software/ERP
TK-004493,Solicitudes rutinarias,Solicitudes rutinarias
TK-004494,Errores recurrentes de software/ERP,Errores recurrentes de software/ERP
TK-004495,Solicitudes rutinarias,Solicitudes rutinarias
TK-004496,Solicitudes rutinarias,Solicitudes rutinarias
TK-004497,Solicitudes rutinarias,Solicitudes rutinarias
TK-004498,Incidentes de seguridad,Incidentes de seguridad
TK-004499,Solicitudes rutinarias,Solicitudes rutinarias
TK-004500,Errores recurrentes de software/ERP,Errores recurrentes de software/ERP
TK-004501,Solicitudes rutinarias,Solicitudes rutinarias
TK-004502,Solicitudes rutinarias,Solicitudes rutinarias
TK-004503,Solicitudes rutinarias,Solicitudes rutinarias
TK-004504,Errores recurrentes de software/ERP,Errores recurrentes de software/ERP
TK-004505,Errores recurrentes de software/ERP,Errores recurrentes de software/ERP
TK-004506,Solicitudes rutinarias,Solicitudes rutinarias
TK-004507,Solicitudes rutinarias,Solicitudes rutinarias
TK-004508,Solicitudes rutinarias,Solicitudes rutinarias
TK-004509,Incidentes de seguridad,Incidentes de seguridad
TK-004510,Solicitudes rutinarias,Solicitudes rutinarias
TK-004511,Solicitudes rutinarias,Solicitudes rutinarias
TK-004512,Incidentes de seguridad,Incidentes de seguridad
TK-004513,Casos crónicos,Casos crónicos
TK-004514,Incidentes de seguridad,Incidentes de seguridad
TK-004515,Fallas de hardware,Solicitudes rutinarias
TK-004516,Solicitudes rutinarias,Fallas de hardware
TK-004517,Fallas de hardware,Solicitudes rutinarias
TK-004518,Solicitudes rutinarias,Solicitudes rutinarias
TK-004519,Solicitudes rutinarias,Solicitudes rutinarias
TK-004520,Solicitudes rutinarias,Solicitudes rutinarias
TK-004521,Solicitudes rutinarias,Solicitudes rutinarias
TK-004522,Fallas de hardware,Fallas de hardware
TK-004523,Solicitudes rutinarias,Solicitudes rutinarias
TK-004524,Solicitudes rutinarias,Solicitudes rutinarias
TK-004525,Solicitudes rutinarias,Solicitudes rutinarias
TK-004526,Solicitudes rutinarias,Solicitudes rutinarias
TK-004527,Fallas de hardware,Fallas de hardware
TK-004528,Fallas de hardware,Fallas de hardware
TK-004529,Solicitudes rutinarias,Solicitudes rutinarias
TK-004530,Solicitudes rutinarias,Solicitudes rutinarias
TK-004531,Solicitudes rutinarias,Solicitudes rutinarias
TK-004532,Fallas de hardware,Fallas de hardware
TK-004533,Errores recurrentes de software/ERP,Errores recurrentes de software/ERP
TK-004534,Errores recurrentes de software/ERP,Solicitudes rutinarias
TK-004535,Solicitudes rutinarias,Errores recurrentes de software/ERP
TK-004536,Casos crónicos,Errores recurrentes de software/ERP
TK-004537,Fallas de hardware,Fallas de hardware
TK-004538,Solicitudes rutinarias,Solicitudes rutinarias
TK-004539,Solicitudes rutinarias,Solicitudes rutinarias
TK-004540,Solicitudes rutinarias,Solicitudes rutinarias
TK-004541,Solicitudes rutinarias,Solicitudes rutinarias
TK-004542,Errores recurrentes de software/ERP,Errores recurrentes de software/ERP
TK-004543,Solicitudes rutinarias,Solicitudes rutinarias
TK-004544,Solicitudes rutinarias,Solicitudes rutinarias
TK-004545,Solicitudes rutinarias,Solicitudes rutinarias
TK-004546,Solicitudes rutinarias,Solicitudes rutinarias
TK-004547,Solicitudes rutinarias,Solicitudes rutinarias
TK-004548,Incidentes críticos de red,Incidentes críticos de red
TK-004549,Casos crónicos,Casos crónicos
TK-004550,Solicitudes rutinarias,Solicitudes rutinarias
TK-004551,Solicitudes rutinarias,Solicitudes rutinarias
TK-004552,Errores recurrentes de software/ERP,Casos crónicos
TK-004553,Solicitudes rutinarias,Fallas de hardware
TK-004554,Solicitudes rutinarias,Solicitudes rutinarias
TK-004555,Solicitudes rutinarias,Solicitudes rutinarias
TK-004556,Incidentes críticos de red,Incidentes críticos de red
TK-004557,Solicitudes rutinarias,Solicitudes rutinarias
TK-004558,Fallas de hardware,Fallas de hardware
TK-004559,Solicitudes rutinarias,Errores recurrentes de software/ERP
TK-004560,Solicitudes rutinarias,Solicitudes rutinarias
TK-004561,Errores recurrentes de software/ERP,Errores recurrentes de software/ERP
TK-004562,Solicitudes rutinarias,Solicitudes rutinarias
TK-004563,Solicitudes rutinarias,Solicitudes rutinarias
TK-004564,Solicitudes rutinarias,Solicitudes rutinarias
TK-004565,Solicitudes rutinarias,Fallas de hardware
TK-004566,Fallas de hardware,Fallas de hardware
TK-004567,Solicitudes rutinarias,Solicitudes rutinarias
TK-004568,Solicitudes rutinarias,Solicitudes rutinarias
TK-004569,Errores recurrentes de software/ERP,Errores recurrentes de software/ERP
TK-004570,Incidentes críticos de red,Incidentes críticos de red
TK-004571,Errores recurrentes de software/ERP,Errores recurrentes de software/ERP
TK-004572,Solicitudes rutinarias,Solicitudes rutinarias
TK-004573,Solicitudes rutinarias,Errores recurrentes de software/ERP
TK-004574,Fallas de hardware,Fallas de hardware
TK-004575,Fallas de hardware,Fallas de hardware
TK-004576,Errores recurrentes de software/ERP,Errores recurrentes de software/ERP
TK-004577,Fallas de hardware,Fallas de hardware
TK-004578,Errores recurrentes de software/ERP,Errores recurrentes de software/ERP
TK-004579,Incidentes críticos de red,Incidentes de seguridad
TK-004580,Fallas de hardware,Fallas de hardware
TK-004581,Fallas de hardware,Errores recurrentes de software/ERP
TK-004582,Solicitudes rutinarias,Solicitudes rutinarias
TK-004583,Solicitudes rutinarias,Solicitudes rutinarias
TK-004584,Incidentes críticos de red,Incidentes críticos de red
TK-004585,Solicitudes rutinarias,Solicitudes rutinarias
TK-004586,Incidentes de seguridad,Incidentes de seguridad
TK-004587,Solicitudes rutinarias,Solicitudes rutinarias
TK-004588,Solicitudes rutinarias,Solicitudes rutinarias
TK-004589,Solicitudes rutinarias,Solicitudes rutinarias
TK-004590,Incidentes críticos de red,Incidentes críticos de red
TK-004591,Fallas de hardware,Fallas de hardware
TK-004592,Casos crónicos,Casos crónicos
TK-004593,Solicitudes rutinarias,Solicitudes rutinarias
TK-004594,Fallas de hardware,Fallas de hardware
TK-004595,Solicitudes rutinarias,Solicitudes rutinarias
TK-004596,Errores recurrentes de software/ERP,Errores recurrentes de software/ERP
TK-004597,Solicitudes rutinarias,Solicitudes rutinarias
TK-004598,Solicitudes rutinarias,Fallas de hardware
TK-004599,Solicitudes rutinarias,Solicitudes rutinarias
TK-004600,Errores recurrentes de software/ERP,Errores recurrentes de software/ERP
TK-004601,Fallas de hardware,Fallas de hardware
TK-004602,Incidentes de seguridad,Incidentes de seguridad
TK-004603,Fallas de hardware,Fallas de hardware
TK-004604,Solicitudes rutinarias,Solicitudes rutinarias
TK-004605,Incidentes de seguridad,Incidentes de seguridad
TK-004606,Solicitudes rutinarias,Solicitudes rutinarias
TK-004607,Solicitudes rutinarias,Solicitudes rutinarias
TK-004608,Solicitudes rutinarias,Solicitudes rutinarias
TK-004609,Errores recurrentes de software/ERP,Errores recurrentes de software/ERP
TK-004610,Solicitudes rutinarias,Solicitudes rutinarias
TK-004611,Errores recurrentes de software/ERP,Errores recurrentes de software/ERP
TK-004612,Solicitudes rutinarias,Solicitudes rutinarias
TK-004613,Solicitudes rutinarias,Solicitudes rutinarias
TK-004614,Solicitudes rutinarias,Solicitudes rutinarias
TK-004615,Solicitudes rutinarias,Solicitudes rutinarias
TK-004616,Solicitudes rutinarias,Solicitudes rutinarias
TK-004617,Errores recurrentes de software/ERP,Errores recurrentes de software/ERP
TK-004618,Incidentes de seguridad,Incidentes críticos de red
TK-004619,Solicitudes rutinarias,Solicitudes rutinarias
TK-004620,Incidentes críticos de red,Incidentes críticos de red
TK-004621,Solicitudes rutinarias,Solicitudes rutinarias
TK-004622,Solicitudes rutinarias,Solicitudes rutinarias
TK-004623,Solicitudes rutinarias,Solicitudes rutinarias
TK-004624,Casos crónicos,Casos crónicos
TK-004625,Errores recurrentes de software/ERP,Errores recurrentes de software/ERP
TK-004626,Incidentes de seguridad,Incidentes de seguridad
TK-004627,Solicitudes rutinarias,Solicitudes rutinarias
TK-004628,Errores recurrentes de software/ERP,Errores recurrentes de software/ERP
TK-004629,Solicitudes rutinarias,Solicitudes rutinarias
TK-004630,Solicitudes rutinarias,Solicitudes rutinarias
TK-004631,Casos crónicos,Casos crónicos
TK-004632,Fallas de hardware,Fallas de hardware
TK-004633,Casos crónicos,Casos crónicos
TK-004634,Fallas de hardware,Fallas de hardware
TK-004635,Casos crónicos,Errores recurrentes de software/ERP
TK-004636,Fallas de hardware,Fallas de hardware
TK-004637,Solicitudes rutinarias,Solicitudes rutinarias
TK-004638,Solicitudes rutinarias,Errores recurrentes de software/ERP
TK-004639,Incidentes de seguridad,Incidentes de seguridad
TK-004640,Fallas de hardware,Errores recurrentes de software/ERP
TK-004641,Solicitudes rutinarias,Solicitudes rutinarias
TK-004642,Fallas de hardware,Fallas de hardware
TK-004643,Solicitudes rutinarias,Solicitudes rutinarias
TK-004644,Solicitudes rutinarias,Solicitudes rutinarias
TK-004645,Solicitudes rutinarias,Solicitudes rutinarias
TK-004646,Solicitudes rutinarias,Solicitudes rutinarias
TK-004647,Errores recurrentes de software/ERP,Errores recurrentes de software/ERP
TK-004648,Solicitudes rutinarias,Solicitudes rutinarias
TK-004649,Solicitudes rutinarias,Solicitudes rutinarias
TK-004650,Fallas de hardware,Solicitudes rutinarias
TK-004651,Solicitudes rutinarias,Solicitudes rutinarias
TK-004652,Solicitudes rutinarias,Solicitudes rutinarias
TK-004653,Errores recurrentes de software/ERP,Errores recurrentes de software/ERP
TK-004654,Solicitudes rutinarias,Solicitudes rutinarias
TK-004655,Incidentes de seguridad,Incidentes de seguridad
TK-004656,Solicitudes rutinarias,Solicitudes rutinarias
TK-004657,Errores recurrentes de software/ERP,Solicitudes rutinarias
TK-004658,Errores recurrentes de software/ERP,Errores recurrentes de software/ERP
TK-004659,Solicitudes rutinarias,Solicitudes rutinarias
TK-004660,Casos crónicos,Casos crónicos
TK-004661,Solicitudes rutinarias,Solicitudes rutinarias
TK-004662,Incidentes de seguridad,Incidentes de seguridad
TK-004663,Solicitudes rutinarias,Solicitudes rutinarias
TK-004664,Solicitudes rutinarias,Solicitudes rutinarias
TK-004665,Solicitudes rutinarias,Solicitudes rutinarias
TK-004666,Casos crónicos,Errores recurrentes de software/ERP
TK-004667,Solicitudes rutinarias,Solicitudes rutinarias
TK-004668,Casos crónicos,Casos crónicos
TK-004669,Fallas de hardware,Fallas de hardware
TK-004670,Incidentes críticos de red,Incidentes críticos de red
TK-004671,Fallas de hardware,Fallas de hardware
TK-004672,Incidentes críticos de red,Incidentes críticos de red
TK-004673,Solicitudes rutinarias,Solicitudes rutinarias
TK-004674,Incidentes críticos de red,Incidentes críticos de red
TK-004675,Fallas de hardware,Fallas de hardware
TK-004676,Solicitudes rutinarias,Solicitudes rutinarias
TK-004677,Solicitudes rutinarias,Solicitudes rutinarias
TK-004678,Errores recurrentes de software/ERP,Errores recurrentes de software/ERP
TK-004679,Solicitudes rutinarias,Solicitudes rutinarias
TK-004680,Errores recurrentes de software/ERP,Errores recurrentes de software/ERP
TK-004681,Solicitudes rutinarias,Solicitudes rutinarias
TK-004682,Solicitudes rutinarias,Fallas de hardware
TK-004683,Fallas de hardware,Fallas de hardware
TK-004684,Casos crónicos,Casos crónicos
TK-004685,Fallas de hardware,Fallas de hardware
TK-004686,Incidentes de seguridad,Incidentes de seguridad
TK-004687,Fallas de hardware,Fallas de hardware
TK-004688,Solicitudes rutinarias,Solicitudes rutinarias
TK-004689,Solicitudes rutinarias,Solicitudes rutinarias
TK-004690,Solicitudes rutinarias,Solicitudes rutinarias
TK-004691,Solicitudes rutinarias,Solicitudes rutinarias
TK-004692,Fallas de hardware,Fallas de hardware
TK-004693,Errores recurrentes de software/ERP,Errores recurrentes de software/ERP
TK-004694,Fallas de hardware,Fallas de hardware
TK-004695,Solicitudes rutinarias,Solicitudes rutinarias
TK-004696,Solicitudes rutinarias,Solicitudes rutinarias
TK-004697,Solicitudes rutinarias,Solicitudes rutinarias
TK-004698,Solicitudes rutinarias,Solicitudes rutinarias
TK-004699,Fallas de hardware,Fallas de hardware
TK-004700,Solicitudes rutinarias,Solicitudes rutinarias
TK-004701,Solicitudes rutinarias,Solicitudes rutinarias
TK-004702,Solicitudes rutinarias,Fallas de hardware
TK-004703,Incidentes críticos de red,Incidentes críticos de red
TK-004704,Fallas de hardware,Fallas de hardware
TK-004705,Fallas de hardware,Errores recurrentes de software/ERP
TK-004706,Solicitudes rutinarias,Solicitudes rutinarias
TK-004707,Solicitudes rutinarias,Solicitudes rutinarias
TK-004708,Casos crónicos,Casos crónicos
TK-004709,Fallas de hardware,Fallas de hardware
TK-004710,Solicitudes rutinarias,Solicitudes rutinarias
TK-004711,Solicitudes rutinarias,Solicitudes rutinarias
TK-004712,Solicitudes rutinarias,Solicitudes rutinarias
TK-004713,Incidentes críticos de red,Incidentes críticos de red
TK-004714,Solicitudes rutinarias,Solicitudes rutinarias
TK-004715,Incidentes críticos de red,Incidentes críticos de red
TK-004716,Errores recurrentes de software/ERP,Errores recurrentes de software/ERP
TK-004717,Fallas de hardware,Fallas de hardware
TK-004718,Solicitudes rutinarias,Solicitudes rutinarias
TK-004719,Errores recurrentes de software/ERP,Casos crónicos
TK-004720,Fallas de hardware,Fallas de hardware
TK-004721,Errores recurrentes de software/ERP,Errores recurrentes de software/ERP
TK-004722,Fallas de hardware,Fallas de hardware
TK-004723,Fallas de hardware,Fallas de hardware
TK-004724,Solicitudes rutinarias,Solicitudes rutinarias
TK-004725,Fallas de hardware,Fallas de hardware
TK-004726,Incidentes de seguridad,Incidentes críticos de red
TK-004727,Fallas de hardware,Fallas de hardware
TK-004728,Solicitudes rutinarias,Solicitudes rutinarias
TK-004729,Solicitudes rutinarias,Solicitudes rutinarias
TK-004730,Fallas de hardware,Fallas de hardware
TK-004731,Solicitudes rutinarias,Solicitudes rutinarias
TK-004732,Incidentes de seguridad,Incidentes de seguridad
TK-004733,Solicitudes rutinarias,Solicitudes rutinarias
TK-004734,Fallas de hardware,Fallas de hardware
TK-004735,Solicitudes rutinarias,Solicitudes rutinarias
TK-004736,Solicitudes rutinarias,Solicitudes rutinarias
TK-004737,Errores recurrentes de software/ERP,Errores recurrentes de software/ERP
TK-004738,Solicitudes rutinarias,Solicitudes rutinarias
TK-004739,Fallas de hardware,Fallas de hardware
TK-004740,Solicitudes rutinarias,Solicitudes rutinarias
TK-004741,Solicitudes rutinarias,Solicitudes rutinarias
TK-004742,Solicitudes rutinarias,Solicitudes rutinarias
TK-004743,Solicitudes rutinarias,Solicitudes rutinarias
TK-004744,Errores recurrentes de software/ERP,Errores recurrentes de software/ERP
TK-004745,Solicitudes rutinarias,Solicitudes rutinarias
TK-004746,Errores recurrentes de software/ERP,Errores recurrentes de software/ERP
TK-004747,Fallas de hardware,Errores recurrentes de software/ERP
TK-004748,Fallas de hardware,Fallas de hardware
TK-004749,Solicitudes rutinarias,Solicitudes rutinarias
TK-004750,Errores recurrentes de software/ERP,Errores recurrentes de software/ERP
TK-004751,Solicitudes rutinarias,Solicitudes rutinarias
TK-004752,Solicitudes rutinarias,Solicitudes rutinarias
TK-004753,Solicitudes rutinarias,Solicitudes rutinarias
TK-004754,Solicitudes rutinarias,Solicitudes rutinarias
TK-004755,Fallas de hardware,Errores recurrentes de software/ERP
TK-004756,Incidentes críticos de red,Incidentes críticos de red
TK-004757,Fallas de hardware,Fallas de hardware
TK-004758,Errores recurrentes de software/ERP,Errores recurrentes de software/ERP
TK-004759,Incidentes críticos de red,Incidentes críticos de red
TK-004760,Solicitudes rutinarias,Solicitudes rutinarias
TK-004761,Solicitudes rutinarias,Fallas de hardware
TK-004762,Errores recurrentes de software/ERP,Casos crónicos
TK-004763,Solicitudes rutinarias,Solicitudes rutinarias
TK-004764,Errores recurrentes de software/ERP,Errores recurrentes de software/ERP
TK-004765,Solicitudes rutinarias,Solicitudes rutinarias
TK-004766,Solicitudes rutinarias,Solicitudes rutinarias
TK-004767,Solicitudes rutinarias,Solicitudes rutinarias
TK-004768,Incidentes críticos de red,Incidentes críticos de red
TK-004769,Incidentes críticos de red,Incidentes críticos de red
TK-004770,Solicitudes rutinarias,Solicitudes rutinarias
TK-004771,Incidentes de seguridad,Incidentes críticos de red
TK-004772,Incidentes de seguridad,Incidentes de seguridad
TK-004773,Fallas de hardware,Fallas de hardware
TK-004774,Solicitudes rutinarias,Solicitudes rutinarias
TK-004775,Errores recurrentes de software/ERP,Errores recurrentes de software/ERP
TK-004776,Solicitudes rutinarias,Solicitudes rutinarias
TK-004777,Incidentes críticos de red,Incidentes críticos de red
TK-004778,Solicitudes rutinarias,Solicitudes rutinarias
TK-004779,Solicitudes rutinarias,Solicitudes rutinarias
TK-004780,Solicitudes rutinarias,Solicitudes rutinarias
TK-004781,Errores recurrentes de software/ERP,Solicitudes rutinarias
TK-004782,Solicitudes rutinarias,Solicitudes rutinarias
TK-004783,Solicitudes rutinarias,Solicitudes rutinarias
TK-004784,Solicitudes rutinarias,Solicitudes rutinarias
TK-004785,Solicitudes rutinarias,Solicitudes rutinarias
TK-004786,Errores recurrentes de software/ERP,Errores recurrentes de software/ERP
TK-004787,Fallas de hardware,Fallas de hardware
TK-004788,Fallas de hardware,Solicitudes rutinarias
TK-004789,Solicitudes rutinarias,Solicitudes rutinarias
TK-004790,Solicitudes rutinarias,Solicitudes rutinarias
TK-004791,Solicitudes rutinarias,Solicitudes rutinarias
TK-004792,Fallas de hardware,Fallas de hardware
TK-004793,Fallas de hardware,Fallas de hardware
TK-004794,Solicitudes rutinarias,Solicitudes rutinarias
TK-004795,Fallas de hardware,Fallas de hardware
TK-004796,Casos crónicos,Casos crónicos
TK-004797,Casos crónicos,Casos crónicos
TK-004798,Solicitudes rutinarias,Solicitudes rutinarias
TK-004799,Solicitudes rutinarias,Solicitudes rutinarias
TK-004800,Errores recurrentes de software/ERP,Errores recurrentes de software/ERP
TK-004801,Fallas de hardware,Fallas de hardware
TK-004802,Incidentes de seguridad,Incidentes de seguridad
TK-004803,Incidentes críticos de red,Incidentes críticos de red
TK-004804,Solicitudes rutinarias,Solicitudes rutinarias
TK-004805,Casos crónicos,Casos crónicos
TK-004806,Incidentes críticos de red,Incidentes críticos de red
TK-004807,Solicitudes rutinarias,Solicitudes rutinarias
TK-004808,Casos crónicos,Casos crónicos
TK-004809,Solicitudes rutinarias,Solicitudes rutinarias
TK-004810,Fallas de hardware,Fallas de hardware
TK-004811,Fallas de hardware,Fallas de hardware
TK-004812,Solicitudes rutinarias,Solicitudes rutinarias
TK-004813,Solicitudes rutinarias,Solicitudes rutinarias
TK-004814,Solicitudes rutinarias,Solicitudes rutinarias
TK-004815,Fallas de hardware,Fallas de hardware
TK-004816,Solicitudes rutinarias,Solicitudes rutinarias
TK-004817,Solicitudes rutinarias,Solicitudes rutinarias
TK-004818,Fallas de hardware,Errores recurrentes de software/ERP
TK-004819,Solicitudes rutinarias,Solicitudes rutinarias
TK-004820,Solicitudes rutinarias,Solicitudes rutinarias
TK-004821,Solicitudes rutinarias,Solicitudes rutinarias
TK-004822,Solicitudes rutinarias,Solicitudes rutinarias
TK-004823,Fallas de hardware,Fallas de hardware
TK-004824,Solicitudes rutinarias,Solicitudes rutinarias
TK-004825,Errores recurrentes de software/ERP,Errores recurrentes de software/ERP
TK-004826,Solicitudes rutinarias,Solicitudes rutinarias
TK-004827,Fallas de hardware,Fallas de hardware
TK-004828,Solicitudes rutinarias,Solicitudes rutinarias
TK-004829,Solicitudes rutinarias,Solicitudes rutinarias
TK-004830,Fallas de hardware,Errores recurrentes de software/ERP
TK-004831,Incidentes críticos de red,Incidentes críticos de red
TK-004832,Fallas de hardware,Solicitudes rutinarias
TK-004833,Fallas de hardware,Fallas de hardware
TK-004834,Solicitudes rutinarias,Solicitudes rutinarias
TK-004835,Solicitudes rutinarias,Solicitudes rutinarias
TK-004836,Solicitudes rutinarias,Solicitudes rutinarias
TK-004837,Solicitudes rutinarias,Solicitudes rutinarias
TK-004838,Solicitudes rutinarias,Solicitudes rutinarias
TK-004839,Errores recurrentes de software/ERP,Casos crónicos
TK-004840,Casos crónicos,Casos crónicos
TK-004841,Incidentes de seguridad,Solicitudes rutinarias
TK-004842,Solicitudes rutinarias,Solicitudes rutinarias
TK-004843,Fallas de hardware,Errores recurrentes de software/ERP
TK-004844,Incidentes de seguridad,Incidentes de seguridad
TK-004845,Solicitudes rutinarias,Solicitudes rutinarias
TK-004846,Fallas de hardware,Fallas de hardware
TK-004847,Errores recurrentes de software/ERP,Errores recurrentes de software/ERP
TK-004848,Fallas de hardware,Fallas de hardware
TK-004849,Casos crónicos,Casos crónicos
TK-004850,Fallas de hardware,Errores recurrentes de software/ERP
TK-004851,Fallas de hardware,Fallas de hardware
TK-004852,Solicitudes rutinarias,Solicitudes rutinarias
TK-004853,Fallas de hardware,Fallas de hardware
TK-004854,Fallas de hardware,Fallas de hardware
TK-004855,Solicitudes rutinarias,Solicitudes rutinarias
TK-004856,Solicitudes rutinarias,Solicitudes rutinarias
TK-004857,Errores recurrentes de software/ERP,Casos crónicos
TK-004858,Incidentes críticos de red,Incidentes críticos de red
TK-004859,Incidentes críticos de red,Incidentes críticos de red
TK-004860,Solicitudes rutinarias,Solicitudes rutinarias
TK-004861,Solicitudes rutinarias,Solicitudes rutinarias
TK-004862,Solicitudes rutinarias,Solicitudes rutinarias
TK-004863,Errores recurrentes de software/ERP,Errores recurrentes de software/ERP
TK-004864,Solicitudes rutinarias,Solicitudes rutinarias
TK-004865,Errores recurrentes de software/ERP,Errores recurrentes de software/ERP
TK-004866,Solicitudes rutinarias,Solicitudes rutinarias
TK-004867,Incidentes críticos de red,Errores recurrentes de software/ERP
TK-004868,Fallas de hardware,Fallas de hardware
TK-004869,Solicitudes rutinarias,Solicitudes rutinarias
TK-004870,Errores recurrentes de software/ERP,Solicitudes rutinarias
TK-004871,Errores recurrentes de software/ERP,Errores recurrentes de software/ERP
TK-004872,Errores recurrentes de software/ERP,Errores recurrentes de software/ERP
TK-004873,Incidentes de seguridad,Incidentes de seguridad
TK-004874,Solicitudes rutinarias,Solicitudes rutinarias
TK-004875,Incidentes críticos de red,Incidentes críticos de red
TK-004876,Errores recurrentes de software/ERP,Errores recurrentes de software/ERP
TK-004877,Errores recurrentes de software/ERP,Errores recurrentes de software/ERP
TK-004878,Solicitudes rutinarias,Solicitudes rutinarias
TK-004879,Solicitudes rutinarias,Solicitudes rutinarias
TK-004880,Errores recurrentes de software/ERP,Errores recurrentes de software/ERP
TK-004881,Errores recurrentes de software/ERP,Errores recurrentes de software/ERP
TK-004882,Casos crónicos,Casos crónicos
TK-004883,Errores recurrentes de software/ERP,Errores recurrentes de software/ERP
TK-004884,Solicitudes rutinarias,Solicitudes rutinarias
TK-004885,Solicitudes rutinarias,Solicitudes rutinarias
TK-004886,Fallas de hardware,Fallas de hardware
TK-004887,Fallas de hardware,Fallas de hardware
TK-004888,Solicitudes rutinarias,Solicitudes rutinarias
TK-004889,Solicitudes rutinarias,Solicitudes rutinarias
TK-004890,Errores recurrentes de software/ERP,Errores recurrentes de software/ERP
TK-004891,Errores recurrentes de software/ERP,Errores recurrentes de software/ERP
TK-004892,Errores recurrentes de software/ERP,Errores recurrentes de software/ERP
TK-004893,Errores recurrentes de software/ERP,Errores recurrentes de software/ERP
TK-004894,Solicitudes rutinarias,Errores recurrentes de software/ERP
TK-004895,Fallas de hardware,Fallas de hardware
TK-004896,Solicitudes rutinarias,Solicitudes rutinarias
TK-004897,Fallas de hardware,Fallas de hardware
TK-004898,Incidentes de seguridad,Solicitudes rutinarias
TK-004899,Solicitudes rutinarias,Solicitudes rutinarias
TK-004900,Solicitudes rutinarias,Solicitudes rutinarias
TK-004901,Incidentes críticos de red,Incidentes críticos de red
TK-004902,Solicitudes rutinarias,Solicitudes rutinarias
TK-004903,Incidentes de seguridad,Incidentes de seguridad
TK-004904,Fallas de hardware,Fallas de hardware
TK-004905,Solicitudes rutinarias,Solicitudes rutinarias
TK-004906,Solicitudes rutinarias,Solicitudes rutinarias
TK-004907,Errores recurrentes de software/ERP,Errores recurrentes de software/ERP
TK-004908,Incidentes críticos de red,Incidentes críticos de red
TK-004909,Solicitudes rutinarias,Solicitudes rutinarias
TK-004910,Solicitudes rutinarias,Solicitudes rutinarias
TK-004911,Solicitudes rutinarias,Errores recurrentes de software/ERP
TK-004912,Errores recurrentes de software/ERP,Casos crónicos
TK-004913,Fallas de hardware,Fallas de hardware
TK-004914,Casos crónicos,Casos crónicos
TK-004915,Fallas de hardware,Fallas de hardware
TK-004916,Fallas de hardware,Fallas de hardware
TK-004917,Solicitudes rutinarias,Solicitudes rutinarias
TK-004918,Solicitudes rutinarias,Solicitudes rutinarias
TK-004919,Solicitudes rutinarias,Solicitudes rutinarias
TK-004920,Incidentes críticos de red,Incidentes críticos de red
TK-004921,Solicitudes rutinarias,Solicitudes rutinarias
TK-004922,Casos crónicos,Casos crónicos
TK-004923,Errores recurrentes de software/ERP,Errores recurrentes de software/ERP
TK-004924,Fallas de hardware,Fallas de hardware
TK-004925,Casos crónicos,Casos crónicos
TK-004926,Solicitudes rutinarias,Solicitudes rutinarias
TK-004927,Solicitudes rutinarias,Solicitudes rutinarias
TK-004928,Solicitudes rutinarias,Solicitudes rutinarias
TK-004929,Solicitudes rutinarias,Solicitudes rutinarias
TK-004930,Solicitudes rutinarias,Solicitudes rutinarias
TK-004931,Errores recurrentes de software/ERP,Errores recurrentes de software/ERP
TK-004932,Errores recurrentes de software/ERP,Errores recurrentes de software/ERP
TK-004933,Errores recurrentes de software/ERP,Errores recurrentes de software/ERP
TK-004934,Solicitudes rutinarias,Solicitudes rutinarias
TK-004935,Incidentes críticos de red,Incidentes críticos de red
TK-004936,Solicitudes rutinarias,Solicitudes rutinarias
TK-004937,Casos crónicos,Casos crónicos
TK-004938,Solicitudes rutinarias,Solicitudes rutinarias
TK-004939,Fallas de hardware,Fallas de hardware
TK-004940,Incidentes de seguridad,Incidentes de seguridad
TK-004941,Solicitudes rutinarias,Solicitudes rutinarias
TK-004942,Incidentes de seguridad,Incidentes de seguridad
TK-004943,Solicitudes rutinarias,Solicitudes rutinarias
TK-004944,Fallas de hardware,Fallas de hardware
TK-004945,Solicitudes rutinarias,Solicitudes rutinarias
TK-004946,Solicitudes rutinarias,Solicitudes rutinarias
TK-004947,Incidentes de seguridad,Incidentes de seguridad
TK-004948,Solicitudes rutinarias,Solicitudes rutinarias
TK-004949,Fallas de hardware,Fallas de hardware
TK-004950,Solicitudes rutinarias,Solicitudes rutinarias
TK-004951,Solicitudes rutinarias,Solicitudes rutinarias
TK-004952,Solicitudes rutinarias,Solicitudes rutinarias
TK-004953,Solicitudes rutinarias,Solicitudes rutinarias
TK-004954,Solicitudes rutinarias,Solicitudes rutinarias
TK-004955,Errores recurrentes de software/ERP,Casos crónicos
TK-004956,Fallas de hardware,Fallas de hardware
TK-004957,Solicitudes rutinarias,Solicitudes rutinarias
TK-004958,Incidentes de seguridad,Incidentes de seguridad
TK-004959,Errores recurrentes de software/ERP,Errores recurrentes de software/ERP
TK-004960,Solicitudes rutinarias,Solicitudes rutinarias
TK-004961,Casos crónicos,Casos crónicos
TK-004962,Errores recurrentes de software/ERP,Errores recurrentes de software/ERP
TK-004963,Fallas de hardware,Fallas de hardware
TK-004964,Incidentes críticos de red,Incidentes críticos de red
TK-004965,Solicitudes rutinarias,Errores recurrentes de software/ERP
TK-004966,Solicitudes rutinarias,Solicitudes rutinarias
TK-004967,Incidentes de seguridad,Incidentes de seguridad
TK-004968,Solicitudes rutinarias,Solicitudes rutinarias
TK-004969,Errores recurrentes de software/ERP,Errores recurrentes de software/ERP
TK-004970,Fallas de hardware,Solicitudes rutinarias
TK-004971,Errores recurrentes de software/ERP,Errores recurrentes de software/ERP
TK-004972,Errores recurrentes de software/ERP,Errores recurrentes de software/ERP
TK-004973,Solicitudes rutinarias,Solicitudes rutinarias
TK-004974,Solicitudes rutinarias,Solicitudes rutinarias
TK-004975,Solicitudes rutinarias,Solicitudes rutinarias
TK-004976,Solicitudes rutinarias,Solicitudes rutinarias
TK-004977,Solicitudes rutinarias,Solicitudes rutinarias
TK-004978,Solicitudes rutinarias,Solicitudes rutinarias
TK-004979,Solicitudes rutinarias,Solicitudes rutinarias
TK-004980,Solicitudes rutinarias,Solicitudes rutinarias
TK-004981,Solicitudes rutinarias,Solicitudes rutinarias
TK-004982,Incidentes críticos de red,Incidentes críticos de red
TK-004983,Incidentes de seguridad,Incidentes de seguridad
TK-004984,Solicitudes rutinarias,Solicitudes rutinarias
TK-004985,Incidentes de seguridad,Incidentes de seguridad
TK-004986,Fallas de hardware,Fallas de hardware
TK-004987,Solicitudes rutinarias,Solicitudes rutinarias
TK-004988,Incidentes críticos de red,Incidentes críticos de red
TK-004989,Solicitudes rutinarias,Solicitudes rutinarias
TK-004990,Fallas de hardware,Fallas de hardware
TK-004991,Fallas de hardware,Fallas de hardware
TK-004992,Solicitudes rutinarias,Solicitudes rutinarias
TK-004993,Solicitudes rutinarias,Solicitudes rutinarias
TK-004994,Incidentes de seguridad,Incidentes de seguridad
TK-004995,Solicitudes rutinarias,Fallas de hardware
TK-004996,Solicitudes rutinarias,Solicitudes rutinarias
TK-004997,Errores recurrentes de software/ERP,Errores recurrentes de software/ERP
TK-004998,Solicitudes rutinarias,Solicitudes rutinarias
TK-004999,Errores recurrentes de software/ERP,Errores recurrentes de software/ERP
TK-005000,Fallas de hardware,Fallas de hardware
TK-005001,Fallas de hardware,Fallas de hardware
TK-005002,Incidentes críticos de red,Incidentes críticos de red
TK-005003,Errores recurrentes de software/ERP,Errores recurrentes de software/ERP
TK-005004,Fallas de hardware,Fallas de hardware
TK-005005,Solicitudes rutinarias,Solicitudes rutinarias
TK-005006,Solicitudes rutinarias,Solicitudes rutinarias
TK-005007,Incidentes críticos de red,Incidentes críticos de red
TK-005008,Solicitudes rutinarias,Solicitudes rutinarias
TK-005009,Fallas de hardware,Fallas de hardware
TK-005010,Solicitudes rutinarias,Solicitudes rutinarias
TK-005011,Solicitudes rutinarias,Solicitudes rutinarias
TK-005012,Fallas de hardware,Errores recurrentes de software/ERP
TK-005013,Solicitudes rutinarias,Solicitudes rutinarias
TK-005014,Fallas de hardware,Fallas de hardware
TK-005015,Fallas de hardware,Fallas de hardware
TK-005016,Solicitudes rutinarias,Solicitudes rutinarias
TK-005017,Incidentes críticos de red,Incidentes críticos de red
TK-005018,Solicitudes rutinarias,Solicitudes rutinarias
TK-005019,Incidentes de seguridad,Incidentes de seguridad
TK-005020,Solicitudes rutinarias,Solicitudes rutinarias
TK-005021,Solicitudes rutinarias,Fallas de hardware
TK-005022,Solicitudes rutinarias,Solicitudes rutinarias
TK-005023,Solicitudes rutinarias,Solicitudes rutinarias
TK-005024,Fallas de hardware,Fallas de hardware
TK-005025,Solicitudes rutinarias,Solicitudes rutinarias
TK-005026,Solicitudes rutinarias,Solicitudes rutinarias
TK-005027,Errores recurrentes de software/ERP,Errores recurrentes de software/ERP
TK-005028,Solicitudes rutinarias,Solicitudes rutinarias
TK-005029,Fallas de hardware,Fallas de hardware
TK-005030,Fallas de hardware,Fallas de hardware
TK-005031,Casos crónicos,Casos crónicos
TK-005032,Errores recurrentes de software/ERP,Errores recurrentes de software/ERP
TK-005033,Solicitudes rutinarias,Solicitudes rutinarias
TK-005034,Solicitudes rutinarias,Solicitudes rutinarias
TK-005035,Solicitudes rutinarias,Solicitudes rutinarias
TK-005036,Solicitudes rutinarias,Solicitudes rutinarias
TK-005037,Solicitudes rutinarias,Solicitudes rutinarias
TK-005038,Incidentes críticos de red,Incidentes críticos de red
TK-005039,Solicitudes rutinarias,Fallas de hardware
TK-005040,Errores recurrentes de software/ERP,Errores recurrentes de software/ERP
TK-005041,Solicitudes rutinarias,Errores recurrentes de software/ERP
TK-005042,Solicitudes rutinarias,Solicitudes rutinarias
TK-005043,Solicitudes rutinarias,Solicitudes rutinarias
TK-005044,Solicitudes rutinarias,Solicitudes rutinarias
TK-005045,Errores recurrentes de software/ERP,Errores recurrentes de software/ERP
TK-005046,Solicitudes rutinarias,Solicitudes rutinarias
TK-005047,Errores recurrentes de software/ERP,Errores recurrentes de software/ERP
TK-005048,Casos crónicos,Casos crónicos
TK-005049,Solicitudes rutinarias,Solicitudes rutinarias
TK-005050,Fallas de hardware,Fallas de hardware
TK-005051,Solicitudes rutinarias,Solicitudes rutinarias
TK-005052,Incidentes críticos de red,Incidentes críticos de red
TK-005053,Errores recurrentes de software/ERP,Casos crónicos
TK-005054,Incidentes de seguridad,Incidentes críticos de red
TK-005055,Solicitudes rutinarias,Solicitudes rutinarias
TK-005056,Solicitudes rutinarias,Fallas de hardware
TK-005057,Errores recurrentes de software/ERP,Errores recurrentes de software/ERP
TK-005058,Solicitudes rutinarias,Solicitudes rutinarias
TK-005059,Errores recurrentes de software/ERP,Errores recurrentes de software/ERP
TK-005060,Incidentes críticos de red,Incidentes críticos de red
TK-005061,Incidentes críticos de red,Incidentes críticos de red
TK-005062,Fallas de hardware,Fallas de hardware
TK-005063,Solicitudes rutinarias,Errores recurrentes de software/ERP
TK-005064,Casos crónicos,Errores recurrentes de software/ERP
TK-005065,Solicitudes rutinarias,Solicitudes rutinarias
TK-005066,Errores recurrentes de software/ERP,Solicitudes rutinarias
TK-005067,Solicitudes rutinarias,Solicitudes rutinarias
TK-005068,Solicitudes rutinarias,Solicitudes rutinarias
TK-005069,Incidentes críticos de red,Incidentes críticos de red
TK-005070,Errores recurrentes de software/ERP,Errores recurrentes de software/ERP
TK-005071,Fallas de hardware,Fallas de hardware
TK-005072,Solicitudes rutinarias,Solicitudes rutinarias
TK-005073,Errores recurrentes de software/ERP,Errores recurrentes de software/ERP
TK-005074,Solicitudes rutinarias,Solicitudes rutinarias
TK-005075,Incidentes de seguridad,Incidentes de seguridad
TK-005076,Solicitudes rutinarias,Fallas de hardware
TK-005077,Solicitudes rutinarias,Solicitudes rutinarias
TK-005078,Solicitudes rutinarias,Solicitudes rutinarias
TK-005079,Solicitudes rutinarias,Solicitudes rutinarias
TK-005080,Errores recurrentes de software/ERP,Errores recurrentes de software/ERP
TK-005081,Solicitudes rutinarias,Fallas de hardware
TK-005082,Solicitudes rutinarias,Solicitudes rutinarias
TK-005083,Errores recurrentes de software/ERP,Errores recurrentes de software/ERP
TK-005084,Incidentes críticos de red,Incidentes críticos de red
TK-005085,Errores recurrentes de software/ERP,Casos crónicos
TK-005086,Fallas de hardware,Errores recurrentes de software/ERP
TK-005087,Solicitudes rutinarias,Solicitudes rutinarias
TK-005088,Solicitudes rutinarias,Solicitudes rutinarias
TK-005089,Casos crónicos,Casos crónicos
TK-005090,Errores recurrentes de software/ERP,Errores recurrentes de software/ERP
TK-005091,Fallas de hardware,Fallas de hardware
TK-005092,Solicitudes rutinarias,Solicitudes rutinarias
TK-005093,Solicitudes rutinarias,Errores recurrentes de software/ERP
TK-005094,Solicitudes rutinarias,Solicitudes rutinarias
TK-005095,Solicitudes rutinarias,Solicitudes rutinarias
TK-005096,Fallas de hardware,Fallas de hardware
TK-005097,Incidentes críticos de red,Incidentes críticos de red
TK-005098,Errores recurrentes de software/ERP,Errores recurrentes de software/ERP
TK-005099,Incidentes de seguridad,Incidentes de seguridad
TK-005100,Solicitudes rutinarias,Solicitudes rutinarias
TK-005101,Incidentes críticos de red,Incidentes críticos de red
TK-005102,Incidentes de seguridad,Incidentes de seguridad
TK-005103,Incidentes críticos de red,Incidentes críticos de red
TK-005104,Solicitudes rutinarias,Solicitudes rutinarias
TK-005105,Errores recurrentes de software/ERP,Errores recurrentes de software/ERP
TK-005106,Errores recurrentes de software/ERP,Errores recurrentes de software/ERP
TK-005107,Solicitudes rutinarias,Solicitudes rutinarias
TK-005108,Incidentes de seguridad,Incidentes de seguridad
TK-005109,Fallas de hardware,Fallas de hardware
TK-005110,Solicitudes rutinarias,Solicitudes rutinarias
TK-005111,Solicitudes rutinarias,Errores recurrentes de software/ERP
TK-005112,Solicitudes rutinarias,Solicitudes rutinarias
TK-005113,Fallas de hardware,Fallas de hardware
TK-005114,Solicitudes rutinarias,Solicitudes rutinarias
TK-005115,Incidentes críticos de red,Incidentes críticos de red
TK-005116,Casos crónicos,Incidentes críticos de red
TK-005117,Solicitudes rutinarias,Fallas de hardware
TK-005118,Fallas de hardware,Fallas de hardware
TK-005119,Errores recurrentes de software/ERP,Errores recurrentes de software/ERP
TK-005120,Fallas de hardware,Fallas de hardware
TK-005121,Incidentes críticos de red,Incidentes críticos de red
TK-005122,Solicitudes rutinarias,Solicitudes rutinarias
TK-005123,Fallas de hardware,Fallas de hardware
TK-005124,Fallas de hardware,Fallas de hardware
TK-005125,Fallas de hardware,Errores recurrentes de software/ERP
TK-005126,Fallas de hardware,Fallas de hardware
TK-005127,Errores recurrentes de software/ERP,Errores recurrentes de software/ERP
TK-005128,Solicitudes rutinarias,Solicitudes rutinarias
TK-005129,Casos crónicos,Incidentes críticos de red
TK-005130,Errores recurrentes de software/ERP,Solicitudes rutinarias
TK-005131,Solicitudes rutinarias,Solicitudes rutinarias
TK-005132,Incidentes de seguridad,Incidentes de seguridad
TK-005133,Solicitudes rutinarias,Solicitudes rutinarias
TK-005134,Errores recurrentes de software/ERP,Errores recurrentes de software/ERP
TK-005135,Solicitudes rutinarias,Solicitudes rutinarias
TK-005136,Solicitudes rutinarias,Solicitudes rutinarias
TK-005137,Incidentes de seguridad,Incidentes de seguridad
TK-005138,Solicitudes rutinarias,Solicitudes rutinarias
TK-005139,Solicitudes rutinarias,Solicitudes rutinarias
TK-005140,Errores recurrentes de software/ERP,Errores recurrentes de software/ERP
TK-005141,Incidentes de seguridad,Incidentes de seguridad
TK-005142,Solicitudes rutinarias,Solicitudes rutinarias
TK-005143,Fallas de hardware,Fallas de hardware
TK-005144,Solicitudes rutinarias,Solicitudes rutinarias
TK-005145,Incidentes críticos de red,Incidentes críticos de red
TK-005146,Solicitudes rutinarias,Solicitudes rutinarias
TK-005147,Fallas de hardware,Fallas de hardware
TK-005148,Fallas de hardware,Fallas de hardware
TK-005149,Incidentes de seguridad,Incidentes de seguridad
TK-005150,Incidentes de seguridad,Incidentes de seguridad
TK-005151,Solicitudes rutinarias,Solicitudes rutinarias
TK-005152,Incidentes de seguridad,Incidentes de seguridad
TK-005153,Incidentes críticos de red,Incidentes críticos de red
TK-005154,Solicitudes rutinarias,Solicitudes rutinarias
TK-005155,Incidentes de seguridad,Incidentes de seguridad
TK-005156,Solicitudes rutinarias,Solicitudes rutinarias
TK-005157,Solicitudes rutinarias,Solicitudes rutinarias
TK-005158,Solicitudes rutinarias,Solicitudes rutinarias
TK-005159,Fallas de hardware,Fallas de hardware
TK-005160,Solicitudes rutinarias,Solicitudes rutinarias
TK-005161,Fallas de hardware,Fallas de hardware
TK-005162,Solicitudes rutinarias,Solicitudes rutinarias
TK-005163,Solicitudes rutinarias,Solicitudes rutinarias
TK-005164,Casos crónicos,Errores recurrentes de software/ERP
TK-005165,Fallas de hardware,Fallas de hardware
TK-005166,Solicitudes rutinarias,Solicitudes rutinarias
TK-005167,Solicitudes rutinarias,Errores recurrentes de software/ERP
TK-005168,Solicitudes rutinarias,Solicitudes rutinarias
TK-005169,Solicitudes rutinarias,Solicitudes rutinarias
TK-005170,Solicitudes rutinarias,Solicitudes rutinarias
TK-005171,Solicitudes rutinarias,Solicitudes rutinarias
TK-005172,Solicitudes rutinarias,Solicitudes rutinarias
TK-005173,Errores recurrentes de software/ERP,Errores recurrentes de software/ERP
TK-005174,Incidentes de seguridad,Incidentes de seguridad
TK-005175,Errores recurrentes de software/ERP,Errores recurrentes de software/ERP
TK-005176,Errores recurrentes de software/ERP,Errores recurrentes de software/ERP
TK-005177,Fallas de hardware,Fallas de hardware
TK-005178,Solicitudes rutinarias,Solicitudes rutinarias
TK-005179,Solicitudes rutinarias,Solicitudes rutinarias
TK-005180,Incidentes críticos de red,Incidentes críticos de red
TK-005181,Solicitudes rutinarias,Solicitudes rutinarias
TK-005182,Fallas de hardware,Fallas de hardware
TK-005183,Solicitudes rutinarias,Solicitudes rutinarias
TK-005184,Solicitudes rutinarias,Solicitudes rutinarias
TK-005185,Solicitudes rutinarias,Solicitudes rutinarias
TK-005186,Solicitudes rutinarias,Fallas de hardware
TK-005187,Solicitudes rutinarias,Solicitudes rutinarias
TK-005188,Errores recurrentes de software/ERP,Errores recurrentes de software/ERP
TK-005189,Solicitudes rutinarias,Solicitudes rutinarias
TK-005190,Errores recurrentes de software/ERP,Solicitudes rutinarias
TK-005191,Fallas de hardware,Fallas de hardware
TK-005192,Fallas de hardware,Fallas de hardware
TK-005193,Incidentes de seguridad,Solicitudes rutinarias
TK-005194,Fallas de hardware,Fallas de hardware
TK-005195,Solicitudes rutinarias,Solicitudes rutinarias
TK-005196,Fallas de hardware,Fallas de hardware
TK-005197,Solicitudes rutinarias,Solicitudes rutinarias
TK-005198,Fallas de hardware,Fallas de hardware
TK-005199,Incidentes críticos de red,Incidentes críticos de red
TK-005200,Solicitudes rutinarias,Solicitudes rutinarias
TK-005201,Errores recurrentes de software/ERP,Casos crónicos
TK-005202,Incidentes críticos de red,Incidentes críticos de red
TK-005203,Fallas de hardware,Fallas de hardware
TK-005204,Incidentes de seguridad,Incidentes de seguridad
TK-005205,Solicitudes rutinarias,Solicitudes rutinarias
TK-005206,Solicitudes rutinarias,Solicitudes rutinarias
TK-005207,Casos crónicos,Casos crónicos
TK-005208,Fallas de hardware,Fallas de hardware
TK-005209,Fallas de hardware,Fallas de hardware
TK-005210,Solicitudes rutinarias,Solicitudes rutinarias
TK-005211,Solicitudes rutinarias,Solicitudes rutinarias
TK-005212,Errores recurrentes de software/ERP,Errores recurrentes de software/ERP
TK-005213,Solicitudes rutinarias,Fallas de hardware
TK-005214,Solicitudes rutinarias,Solicitudes rutinarias
TK-005215,Errores recurrentes de software/ERP,Errores recurrentes de software/ERP
TK-005216,Incidentes críticos de red,Incidentes críticos de red
TK-005217,Solicitudes rutinarias,Solicitudes rutinarias
TK-005218,Solicitudes rutinarias,Solicitudes rutinarias
TK-005219,Solicitudes rutinarias,Solicitudes rutinarias
TK-005220,Solicitudes rutinarias,Solicitudes rutinarias
TK-005221,Fallas de hardware,Errores recurrentes de software/ERP
TK-005222,Solicitudes rutinarias,Solicitudes rutinarias
TK-005223,Errores recurrentes de software/ERP,Casos crónicos
TK-005224,Fallas de hardware,Fallas de hardware
TK-005225,Solicitudes rutinarias,Solicitudes rutinarias
TK-005226,Solicitudes rutinarias,Solicitudes rutinarias
TK-005227,Solicitudes rutinarias,Fallas de hardware
TK-005228,Solicitudes rutinarias,Solicitudes rutinarias
TK-005229,Solicitudes rutinarias,Solicitudes rutinarias
TK-005230,Solicitudes rutinarias,Solicitudes rutinarias
TK-005231,Errores recurrentes de software/ERP,Errores recurrentes de software/ERP
TK-005232,Fallas de hardware,Fallas de hardware
TK-005233,Incidentes de seguridad,Incidentes de seguridad
TK-005234,Solicitudes rutinarias,Solicitudes rutinarias
TK-005235,Solicitudes rutinarias,Solicitudes rutinarias
TK-005236,Solicitudes rutinarias,Solicitudes rutinarias
TK-005237,Solicitudes rutinarias,Solicitudes rutinarias
TK-005238,Errores recurrentes de software/ERP,Errores recurrentes de software/ERP
TK-005239,Solicitudes rutinarias,Solicitudes rutinarias
TK-005240,Solicitudes rutinarias,Solicitudes rutinarias
TK-005241,Solicitudes rutinarias,Solicitudes rutinarias
TK-005242,Incidentes de seguridad,Incidentes de seguridad
TK-005243,Errores recurrentes de software/ERP,Casos crónicos
TK-005244,Incidentes de seguridad,Incidentes críticos de red
TK-005245,Incidentes de seguridad,Incidentes de seguridad
TK-005246,Errores recurrentes de software/ERP,Errores recurrentes de software/ERP
TK-005247,Errores recurrentes de software/ERP,Errores recurrentes de software/ERP
TK-005248,Solicitudes rutinarias,Solicitudes rutinarias
TK-005249,Incidentes de seguridad,Incidentes de seguridad
TK-005250,Errores recurrentes de software/ERP,Errores recurrentes de software/ERP
TK-005251,Solicitudes rutinarias,Solicitudes rutinarias
TK-005252,Solicitudes rutinarias,Solicitudes rutinarias
TK-005253,Incidentes de seguridad,Incidentes de seguridad
TK-005254,Solicitudes rutinarias,Fallas de hardware
TK-005255,Solicitudes rutinarias,Solicitudes rutinarias
TK-005256,Errores recurrentes de software/ERP,Errores recurrentes de software/ERP
TK-005257,Solicitudes rutinarias,Solicitudes rutinarias
TK-005258,Solicitudes rutinarias,Solicitudes rutinarias
TK-005259,Casos crónicos,Casos crónicos
TK-005260,Solicitudes rutinarias,Solicitudes rutinarias
TK-005261,Solicitudes rutinarias,Solicitudes rutinarias
TK-005262,Solicitudes rutinarias,Solicitudes rutinarias
TK-005263,Solicitudes rutinarias,Solicitudes rutinarias
TK-005264,Incidentes de seguridad,Incidentes de seguridad
TK-005265,Fallas de hardware,Fallas de hardware
TK-005266,Solicitudes rutinarias,Fallas de hardware
TK-005267,Fallas de hardware,Fallas de hardware
TK-005268,Solicitudes rutinarias,Solicitudes rutinarias
TK-005269,Solicitudes rutinarias,Solicitudes rutinarias
TK-005270,Solicitudes rutinarias,Solicitudes rutinarias
TK-005271,Errores recurrentes de software/ERP,Errores recurrentes de software/ERP
TK-005272,Solicitudes rutinarias,Solicitudes rutinarias
TK-005273,Errores recurrentes de software/ERP,Errores recurrentes de software/ERP
TK-005274,Errores recurrentes de software/ERP,Errores recurrentes de software/ERP
TK-005275,Incidentes de seguridad,Solicitudes rutinarias
TK-005276,Solicitudes rutinarias,Solicitudes rutinarias
TK-005277,Fallas de hardware,Solicitudes rutinarias
TK-005278,Errores recurrentes de software/ERP,Errores recurrentes de software/ERP
TK-005279,Solicitudes rutinarias,Fallas de hardware
TK-005280,Solicitudes rutinarias,Solicitudes rutinarias
TK-005281,Errores recurrentes de software/ERP,Errores recurrentes de software/ERP
TK-005282,Solicitudes rutinarias,Solicitudes rutinarias
TK-005283,Fallas de hardware,Fallas de hardware
TK-005284,Solicitudes rutinarias,Solicitudes rutinarias
TK-005285,Solicitudes rutinarias,Solicitudes rutinarias
TK-005286,Incidentes críticos de red,Incidentes críticos de red
TK-005287,Fallas de hardware,Fallas de hardware
TK-005288,Errores recurrentes de software/ERP,Errores recurrentes de software/ERP
TK-005289,Solicitudes rutinarias,Errores recurrentes de software/ERP
TK-005290,Solicitudes rutinarias,Solicitudes rutinarias
TK-005291,Solicitudes rutinarias,Solicitudes rutinarias
TK-005292,Errores recurrentes de software/ERP,Solicitudes rutinarias
TK-005293,Solicitudes rutinarias,Solicitudes rutinarias
TK-005294,Errores recurrentes de software/ERP,Errores recurrentes de software/ERP
TK-005295,Incidentes críticos de red,Errores recurrentes de software/ERP
TK-005296,Fallas de hardware,Fallas de hardware
TK-005297,Fallas de hardware,Fallas de hardware
TK-005298,Errores recurrentes de software/ERP,Errores recurrentes de software/ERP
TK-005299,Errores recurrentes de software/ERP,Errores recurrentes de software/ERP
TK-005300,Errores recurrentes de software/ERP,Errores recurrentes de software/ERP
TK-005301,Solicitudes rutinarias,Fallas de hardware
TK-005302,Fallas de hardware,Fallas de hardware
TK-005303,Incidentes críticos de red,Incidentes críticos de red
TK-005304,Solicitudes rutinarias,Solicitudes rutinarias
TK-005305,Casos crónicos,Casos crónicos
TK-005306,Solicitudes rutinarias,Solicitudes rutinarias
TK-005307,Errores recurrentes de software/ERP,Errores recurrentes de software/ERP
TK-005308,Errores recurrentes de software/ERP,Solicitudes rutinarias
TK-005309,Solicitudes rutinarias,Solicitudes rutinarias
TK-005310,Incidentes de seguridad,Incidentes críticos de red
TK-005311,Solicitudes rutinarias,Solicitudes rutinarias
TK-005312,Fallas de hardware,Fallas de hardware
TK-005313,Solicitudes rutinarias,Solicitudes rutinarias
TK-005314,Solicitudes rutinarias,Solicitudes rutinarias
TK-005315,Solicitudes rutinarias,Solicitudes rutinarias
TK-005316,Incidentes de seguridad,Incidentes de seguridad
TK-005317,Solicitudes rutinarias,Solicitudes rutinarias
TK-005318,Solicitudes rutinarias,Errores recurrentes de software/ERP
TK-005319,Casos crónicos,Casos crónicos
TK-005320,Solicitudes rutinarias,Solicitudes rutinarias
TK-005321,Errores recurrentes de software/ERP,Errores recurrentes de software/ERP
TK-005322,Solicitudes rutinarias,Solicitudes rutinarias
TK-005323,Fallas de hardware,Fallas de hardware
TK-005324,Solicitudes rutinarias,Solicitudes rutinarias
TK-005325,Solicitudes rutinarias,Solicitudes rutinarias
TK-005326,Solicitudes rutinarias,Solicitudes rutinarias
TK-005327,Errores recurrentes de software/ERP,Errores recurrentes de software/ERP
TK-005328,Incidentes críticos de red,Incidentes críticos de red
TK-005329,Solicitudes rutinarias,Solicitudes rutinarias
TK-005330,Casos crónicos,Casos crónicos
TK-005331,Incidentes de seguridad,Solicitudes rutinarias
TK-005332,Incidentes críticos de red,Incidentes críticos de red
TK-005333,Fallas de hardware,Fallas de hardware
TK-005334,Fallas de hardware,Fallas de hardware
TK-005335,Incidentes de seguridad,Incidentes críticos de red
TK-005336,Solicitudes rutinarias,Solicitudes rutinarias
TK-005337,Errores recurrentes de software/ERP,Errores recurrentes de software/ERP
TK-005338,Solicitudes rutinarias,Solicitudes rutinarias
TK-005339,Solicitudes rutinarias,Solicitudes rutinarias
TK-005340,Solicitudes rutinarias,Solicitudes rutinarias
TK-005341,Solicitudes rutinarias,Solicitudes rutinarias
TK-005342,Solicitudes rutinarias,Solicitudes rutinarias
TK-005343,Solicitudes rutinarias,Solicitudes rutinarias
TK-005344,Incidentes de seguridad,Incidentes de seguridad
TK-005345,Incidentes críticos de red,Incidentes críticos de red
TK-005346,Incidentes críticos de red,Incidentes de seguridad
TK-005347,Solicitudes rutinarias,Solicitudes rutinarias
TK-005348,Solicitudes rutinarias,Solicitudes rutinarias
TK-005349,Errores recurrentes de software/ERP,Errores recurrentes de software/ERP
TK-005350,Solicitudes rutinarias,Solicitudes rutinarias
TK-005351,Solicitudes rutinarias,Solicitudes rutinarias
TK-005352,Solicitudes rutinarias,Solicitudes rutinarias
TK-005353,Solicitudes rutinarias,Errores recurrentes de software/ERP
TK-005354,Fallas de hardware,Fallas de hardware
TK-005355,Solicitudes rutinarias,Solicitudes rutinarias
TK-005356,Solicitudes rutinarias,Solicitudes rutinarias
TK-005357,Fallas de hardware,Fallas de hardware
TK-005358,Solicitudes rutinarias,Solicitudes rutinarias
TK-005359,Solicitudes rutinarias,Solicitudes rutinarias
TK-005360,Errores recurrentes de software/ERP,Errores recurrentes de software/ERP
TK-005361,Fallas de hardware,Fallas de hardware
TK-005362,Solicitudes rutinarias,Solicitudes rutinarias
TK-005363,Fallas de hardware,Fallas de hardware
TK-005364,Solicitudes rutinarias,Solicitudes rutinarias
TK-005365,Incidentes de seguridad,Incidentes de seguridad
TK-005366,Fallas de hardware,Fallas de hardware
TK-005367,Solicitudes rutinarias,Solicitudes rutinarias
TK-005368,Solicitudes rutinarias,Solicitudes rutinarias
TK-005369,Solicitudes rutinarias,Solicitudes rutinarias
TK-005370,Solicitudes rutinarias,Solicitudes rutinarias
TK-005371,Fallas de hardware,Fallas de hardware
TK-005372,Solicitudes rutinarias,Solicitudes rutinarias
TK-005373,Errores recurrentes de software/ERP,Errores recurrentes de software/ERP
TK-005374,Solicitudes rutinarias,Solicitudes rutinarias
TK-005375,Incidentes críticos de red,Incidentes críticos de red
TK-005376,Solicitudes rutinarias,Solicitudes rutinarias
TK-005377,Solicitudes rutinarias,Solicitudes rutinarias
TK-005378,Errores recurrentes de software/ERP,Errores recurrentes de software/ERP
TK-005379,Incidentes de seguridad,Incidentes de seguridad
TK-005380,Errores recurrentes de software/ERP,Errores recurrentes de software/ERP
TK-005381,Solicitudes rutinarias,Solicitudes rutinarias
TK-005382,Fallas de hardware,Fallas de hardware
TK-005383,Solicitudes rutinarias,Errores recurrentes de software/ERP
TK-005384,Incidentes de seguridad,Incidentes de seguridad
TK-005385,Fallas de hardware,Fallas de hardware
TK-005386,Solicitudes rutinarias,Solicitudes rutinarias
TK-005387,Errores recurrentes de software/ERP,Errores recurrentes de software/ERP
TK-005388,Casos crónicos,Casos crónicos
TK-005389,Solicitudes rutinarias,Solicitudes rutinarias
TK-005390,Solicitudes rutinarias,Errores recurrentes de software/ERP
TK-005391,Solicitudes rutinarias,Solicitudes rutinarias
TK-005392,Incidentes de seguridad,Incidentes de seguridad
TK-005393,Solicitudes rutinarias,Fallas de hardware
TK-005394,Fallas de hardware,Solicitudes rutinarias
TK-005395,Solicitudes rutinarias,Solicitudes rutinarias
TK-005396,Errores recurrentes de software/ERP,Errores recurrentes de software/ERP
TK-005397,Fallas de hardware,Fallas de hardware
TK-005398,Solicitudes rutinarias,Solicitudes rutinarias
TK-005399,Fallas de hardware,Fallas de hardware
TK-005400,Solicitudes rutinarias,Solicitudes rutinarias
TK-005401,Fallas de hardware,Fallas de hardware
TK-005402,Solicitudes rutinarias,Solicitudes rutinarias
TK-005403,Fallas de hardware,Fallas de hardware
TK-005404,Solicitudes rutinarias,Errores recurrentes de software/ERP
TK-005405,Solicitudes rutinarias,Solicitudes rutinarias
TK-005406,Errores recurrentes de software/ERP,Errores recurrentes de software/ERP
TK-005407,Solicitudes rutinarias,Fallas de hardware
TK-005408,Solicitudes rutinarias,Solicitudes rutinarias
TK-005409,Fallas de hardware,Fallas de hardware
TK-005410,Errores recurrentes de software/ERP,Errores recurrentes de software/ERP
TK-005411,Fallas de hardware,Fallas de hardware
TK-005412,Errores recurrentes de software/ERP,Errores recurrentes de software/ERP
TK-005413,Solicitudes rutinarias,Solicitudes rutinarias
TK-005414,Incidentes críticos de red,Incidentes críticos de red
TK-005415,Solicitudes rutinarias,Solicitudes rutinarias
TK-005416,Fallas de hardware,Fallas de hardware
TK-005417,Fallas de hardware,Fallas de hardware
TK-005418,Solicitudes rutinarias,Solicitudes rutinarias
TK-005419,Incidentes críticos de red,Incidentes críticos de red
TK-005420,Fallas de hardware,Fallas de hardware
TK-005421,Fallas de hardware,Fallas de hardware
TK-005422,Solicitudes rutinarias,Solicitudes rutinarias
TK-005423,Solicitudes rutinarias,Solicitudes rutinarias
TK-005424,Solicitudes rutinarias,Errores recurrentes de software/ERP
TK-005425,Incidentes de seguridad,Incidentes de seguridad
TK-005426,Incidentes críticos de red,Incidentes críticos de red
TK-005427,Solicitudes rutinarias,Solicitudes rutinarias
TK-005428,Incidentes de seguridad,Incidentes de seguridad
TK-005429,Solicitudes rutinarias,Solicitudes rutinarias
TK-005430,Casos crónicos,Casos crónicos
TK-005431,Solicitudes rutinarias,Solicitudes rutinarias
TK-005432,Solicitudes rutinarias,Solicitudes rutinarias
TK-005433,Casos crónicos,Casos crónicos
TK-005434,Solicitudes rutinarias,Solicitudes rutinarias
TK-005435,Fallas de hardware,Errores recurrentes de software/ERP
TK-005436,Casos crónicos,Casos crónicos
TK-005437,Incidentes críticos de red,Incidentes críticos de red
TK-005438,Incidentes críticos de red,Incidentes críticos de red
TK-005439,Fallas de hardware,Fallas de hardware
TK-005440,Solicitudes rutinarias,Errores recurrentes de software/ERP
TK-005441,Fallas de hardware,Fallas de hardware
TK-005442,Incidentes críticos de red,Incidentes críticos de red
TK-005443,Solicitudes rutinarias,Solicitudes rutinarias
TK-005444,Errores recurrentes de software/ERP,Errores recurrentes de software/ERP
TK-005445,Incidentes críticos de red,Incidentes críticos de red
TK-005446,Fallas de hardware,Fallas de hardware
TK-005447,Errores recurrentes de software/ERP,Errores recurrentes de software/ERP
TK-005448,Solicitudes rutinarias,Solicitudes rutinarias
TK-005449,Solicitudes rutinarias,Solicitudes rutinarias
TK-005450,Solicitudes rutinarias,Solicitudes rutinarias
TK-005451,Fallas de hardware,Fallas de hardware
TK-005452,Errores recurrentes de software/ERP,Errores recurrentes de software/ERP
TK-005453,Incidentes de seguridad,Incidentes de seguridad
TK-005454,Fallas de hardware,Fallas de hardware
TK-005455,Solicitudes rutinarias,Solicitudes rutinarias
TK-005456,Solicitudes rutinarias,Solicitudes rutinarias
TK-005457,Solicitudes rutinarias,Solicitudes rutinarias
TK-005458,Errores recurrentes de software/ERP,Errores recurrentes de software/ERP
TK-005459,Solicitudes rutinarias,Solicitudes rutinarias
TK-005460,Fallas de hardware,Fallas de hardware
TK-005461,Solicitudes rutinarias,Solicitudes rutinarias
TK-005462,Fallas de hardware,Fallas de hardware
TK-005463,Solicitudes rutinarias,Solicitudes rutinarias
TK-005464,Solicitudes rutinarias,Solicitudes rutinarias
TK-005465,Errores recurrentes de software/ERP,Errores recurrentes de software/ERP
TK-005466,Errores recurrentes de software/ERP,Errores recurrentes de software/ERP
TK-005467,Solicitudes rutinarias,Solicitudes rutinarias
TK-005468,Fallas de hardware,Solicitudes rutinarias
TK-005469,Errores recurrentes de software/ERP,Errores recurrentes de software/ERP
TK-005470,Solicitudes rutinarias,Solicitudes rutinarias
TK-005471,Errores recurrentes de software/ERP,Errores recurrentes de software/ERP
TK-005472,Solicitudes rutinarias,Solicitudes rutinarias
TK-005473,Fallas de hardware,Fallas de hardware
TK-005474,Incidentes de seguridad,Incidentes de seguridad
TK-005475,Errores recurrentes de software/ERP,Errores recurrentes de software/ERP
TK-005476,Solicitudes rutinarias,Solicitudes rutinarias
TK-005477,Solicitudes rutinarias,Errores recurrentes de software/ERP
TK-005478,Solicitudes rutinarias,Solicitudes rutinarias
TK-005479,Solicitudes rutinarias,Solicitudes rutinarias
TK-005480,Solicitudes rutinarias,Fallas de hardware
TK-005481,Fallas de hardware,Fallas de hardware
TK-005482,Incidentes críticos de red,Incidentes críticos de red
TK-005483,Solicitudes rutinarias,Solicitudes rutinarias
TK-005484,Fallas de hardware,Fallas de hardware
TK-005485,Incidentes críticos de red,Incidentes críticos de red
TK-005486,Incidentes de seguridad,Incidentes de seguridad
TK-005487,Solicitudes rutinarias,Solicitudes rutinarias
TK-005488,Solicitudes rutinarias,Solicitudes rutinarias
TK-005489,Solicitudes rutinarias,Solicitudes rutinarias
TK-005490,Solicitudes rutinarias,Solicitudes rutinarias
TK-005491,Errores recurrentes de software/ERP,Errores recurrentes de software/ERP
TK-005492,Solicitudes rutinarias,Solicitudes rutinarias
TK-005493,Solicitudes rutinarias,Solicitudes rutinarias
TK-005494,Errores recurrentes de software/ERP,Errores recurrentes de software/ERP
TK-005495,Solicitudes rutinarias,Solicitudes rutinarias
TK-005496,Solicitudes rutinarias,Fallas de hardware
TK-005497,Fallas de hardware,Fallas de hardware
TK-005498,Solicitudes rutinarias,Solicitudes rutinarias
TK-005499,Errores recurrentes de software/ERP,Errores recurrentes de software/ERP
TK-005500,Solicitudes rutinarias,Solicitudes rutinarias
TK-005501,Errores recurrentes de software/ERP,Errores recurrentes de software/ERP
TK-005502,Fallas de hardware,Fallas de hardware
TK-005503,Solicitudes rutinarias,Solicitudes rutinarias
TK-005504,Solicitudes rutinarias,Solicitudes rutinarias
TK-005505,Solicitudes rutinarias,Solicitudes rutinarias
TK-005506,Solicitudes rutinarias,Solicitudes rutinarias
TK-005507,Incidentes críticos de red,Incidentes críticos de red
TK-005508,Errores recurrentes de software/ERP,Errores recurrentes de software/ERP
TK-005509,Solicitudes rutinarias,Errores recurrentes de software/ERP
TK-005510,Solicitudes rutinarias,Solicitudes rutinarias
TK-005511,Solicitudes rutinarias,Solicitudes rutinarias
TK-005512,Fallas de hardware,Fallas de hardware
TK-005513,Solicitudes rutinarias,Solicitudes rutinarias
TK-005514,Solicitudes rutinarias,Solicitudes rutinarias
TK-005515,Solicitudes rutinarias,Solicitudes rutinarias
TK-005516,Solicitudes rutinarias,Solicitudes rutinarias
TK-005517,Solicitudes rutinarias,Solicitudes rutinarias
TK-005518,Fallas de hardware,Fallas de hardware
TK-005519,Incidentes críticos de red,Incidentes críticos de red
TK-005520,Solicitudes rutinarias,Fallas de hardware
TK-005521,Solicitudes rutinarias,Solicitudes rutinarias
TK-005522,Solicitudes rutinarias,Fallas de hardware
TK-005523,Solicitudes rutinarias,Solicitudes rutinarias
TK-005524,Fallas de hardware,Fallas de hardware
TK-005525,Fallas de hardware,Solicitudes rutinarias
TK-005526,Solicitudes rutinarias,Solicitudes rutinarias
TK-005527,Fallas de hardware,Fallas de hardware
TK-005528,Incidentes críticos de red,Incidentes críticos de red
TK-005529,Errores recurrentes de software/ERP,Errores recurrentes de software/ERP
TK-005530,Solicitudes rutinarias,Solicitudes rutinarias
TK-005531,Incidentes críticos de red,Incidentes críticos de red
TK-005532,Solicitudes rutinarias,Solicitudes rutinarias
TK-005533,Solicitudes rutinarias,Solicitudes rutinarias
TK-005534,Fallas de hardware,Fallas de hardware
TK-005535,Solicitudes rutinarias,Solicitudes rutinarias
TK-005536,Fallas de hardware,Fallas de hardware
TK-005537,Solicitudes rutinarias,Solicitudes rutinarias
TK-005538,Solicitudes rutinarias,Solicitudes rutinarias
TK-005539,Fallas de hardware,Fallas de hardware
TK-005540,Solicitudes rutinarias,Solicitudes rutinarias
TK-005541,Solicitudes rutinarias,Solicitudes rutinarias
TK-005542,Solicitudes rutinarias,Solicitudes rutinarias
TK-005543,Fallas de hardware,Errores recurrentes de software/ERP
TK-005544,Solicitudes rutinarias,Solicitudes rutinarias
TK-005545,Incidentes críticos de red,Incidentes críticos de red
TK-005546,Incidentes de seguridad,Incidentes de seguridad
TK-005547,Errores recurrentes de software/ERP,Errores recurrentes de software/ERP
TK-005548,Solicitudes rutinarias,Solicitudes rutinarias
TK-005549,Errores recurrentes de software/ERP,Errores recurrentes de software/ERP
TK-005550,Incidentes de seguridad,Incidentes de seguridad
TK-005551,Solicitudes rutinarias,Solicitudes rutinarias
TK-005552,Errores recurrentes de software/ERP,Solicitudes rutinarias
TK-005553,Incidentes de seguridad,Solicitudes rutinarias
TK-005554,Incidentes críticos de red,Incidentes de seguridad
TK-005555,Solicitudes rutinarias,Solicitudes rutinarias
TK-005556,Fallas de hardware,Fallas de hardware
TK-005557,Errores recurrentes de software/ERP,Errores recurrentes de software/ERP
TK-005558,Errores recurrentes de software/ERP,Errores recurrentes de software/ERP
TK-005559,Solicitudes rutinarias,Solicitudes rutinarias
TK-005560,Solicitudes rutinarias,Errores recurrentes de software/ERP
TK-005561,Incidentes críticos de red,Incidentes de seguridad
TK-005562,Solicitudes rutinarias,Solicitudes rutinarias
TK-005563,Incidentes de seguridad,Incidentes críticos de red
TK-005564,Solicitudes rutinarias,Solicitudes rutinarias
TK-005565,Incidentes de seguridad,Incidentes críticos de red
TK-005566,Errores recurrentes de software/ERP,Errores recurrentes de software/ERP
TK-005567,Solicitudes rutinarias,Solicitudes rutinarias
TK-005568,Incidentes de seguridad,Incidentes de seguridad
TK-005569,Solicitudes rutinarias,Solicitudes rutinarias
TK-005570,Solicitudes rutinarias,Solicitudes rutinarias
TK-005571,Solicitudes rutinarias,Solicitudes rutinarias
TK-005572,Solicitudes rutinarias,Solicitudes rutinarias
TK-005573,Solicitudes rutinarias,Errores recurrentes de software/ERP
TK-005574,Errores recurrentes de software/ERP,Errores recurrentes de software/ERP
TK-005575,Solicitudes rutinarias,Solicitudes rutinarias
TK-005576,Solicitudes rutinarias,Solicitudes rutinarias
TK-005577,Incidentes críticos de red,Incidentes críticos de red
TK-005578,Incidentes críticos de red,Incidentes críticos de red
TK-005579,Solicitudes rutinarias,Solicitudes rutinarias
TK-005580,Fallas de hardware,Fallas de hardware
TK-005581,Errores recurrentes de software/ERP,Solicitudes rutinarias
TK-005582,Solicitudes rutinarias,Solicitudes rutinarias
TK-005583,Fallas de hardware,Fallas de hardware
TK-005584,Incidentes de seguridad,Incidentes de seguridad
TK-005585,Fallas de hardware,Fallas de hardware
TK-005586,Errores recurrentes de software/ERP,Errores recurrentes de software/ERP
TK-005587,Solicitudes rutinarias,Errores recurrentes de software/ERP
TK-005588,Solicitudes rutinarias,Solicitudes rutinarias
TK-005589,Solicitudes rutinarias,Solicitudes rutinarias
TK-005590,Incidentes críticos de red,Incidentes críticos de red
TK-005591,Solicitudes rutinarias,Solicitudes rutinarias
TK-005592,Solicitudes rutinarias,Solicitudes rutinarias
TK-005593,Solicitudes rutinarias,Solicitudes rutinarias
TK-005594,Casos crónicos,Errores recurrentes de software/ERP
TK-005595,Fallas de hardware,Fallas de hardware
TK-005596,Solicitudes rutinarias,Errores recurrentes de software/ERP
TK-005597,Solicitudes rutinarias,Solicitudes rutinarias
TK-005598,Incidentes críticos de red,Incidentes críticos de red
TK-005599,Casos crónicos,Casos crónicos
TK-005600,Solicitudes rutinarias,Solicitudes rutinarias
TK-005601,Fallas de hardware,Fallas de hardware
TK-005602,Incidentes críticos de red,Incidentes críticos de red
TK-005603,Incidentes críticos de red,Incidentes críticos de red
TK-005604,Solicitudes rutinarias,Solicitudes rutinarias
TK-005605,Solicitudes rutinarias,Solicitudes rutinarias
TK-005606,Solicitudes rutinarias,Solicitudes rutinarias
TK-005607,Solicitudes rutinarias,Errores recurrentes de software/ERP
TK-005608,Solicitudes rutinarias,Solicitudes rutinarias
TK-005609,Errores recurrentes de software/ERP,Casos crónicos
TK-005610,Fallas de hardware,Solicitudes rutinarias
TK-005611,Solicitudes rutinarias,Solicitudes rutinarias
TK-005612,Fallas de hardware,Fallas de hardware
TK-005613,Errores recurrentes de software/ERP,Errores recurrentes de software/ERP
TK-005614,Incidentes críticos de red,Incidentes críticos de red
TK-005615,Fallas de hardware,Fallas de hardware
TK-005616,Fallas de hardware,Errores recurrentes de software/ERP
TK-005617,Solicitudes rutinarias,Errores recurrentes de software/ERP
TK-005618,Solicitudes rutinarias,Solicitudes rutinarias
TK-005619,Errores recurrentes de software/ERP,Errores recurrentes de software/ERP
TK-005620,Solicitudes rutinarias,Solicitudes rutinarias
TK-005621,Errores recurrentes de software/ERP,Errores recurrentes de software/ERP
TK-005622,Errores recurrentes de software/ERP,Errores recurrentes de software/ERP
TK-005623,Solicitudes rutinarias,Solicitudes rutinarias
TK-005624,Errores recurrentes de software/ERP,Errores recurrentes de software/ERP
TK-005625,Solicitudes rutinarias,Solicitudes rutinarias
TK-005626,Errores recurrentes de software/ERP,Errores recurrentes de software/ERP
TK-005627,Fallas de hardware,Fallas de hardware
TK-005628,Incidentes críticos de red,Incidentes de seguridad
TK-005629,Fallas de hardware,Fallas de hardware
TK-005630,Errores recurrentes de software/ERP,Errores recurrentes de software/ERP
TK-005631,Errores recurrentes de software/ERP,Errores recurrentes de software/ERP
TK-005632,Errores recurrentes de software/ERP,Errores recurrentes de software/ERP
TK-005633,Incidentes críticos de red,Errores recurrentes de software/ERP
TK-005634,Solicitudes rutinarias,Solicitudes rutinarias
TK-005635,Solicitudes rutinarias,Solicitudes rutinarias
TK-005636,Incidentes de seguridad,Incidentes de seguridad
TK-005637,Fallas de hardware,Fallas de hardware
TK-005638,Fallas de hardware,Fallas de hardware
TK-005639,Errores recurrentes de software/ERP,Errores recurrentes de software/ERP
TK-005640,Fallas de hardware,Fallas de hardware
TK-005641,Solicitudes rutinarias,Solicitudes rutinarias
TK-005642,Solicitudes rutinarias,Solicitudes rutinarias
TK-005643,Solicitudes rutinarias,Solicitudes rutinarias
TK-005644,Solicitudes rutinarias,Solicitudes rutinarias
TK-005645,Fallas de hardware,Fallas de hardware
TK-005646,Fallas de hardware,Fallas de hardware
TK-005647,Fallas de hardware,Fallas de hardware
TK-005648,Solicitudes rutinarias,Solicitudes rutinarias
TK-005649,Solicitudes rutinarias,Solicitudes rutinarias
TK-005650,Errores recurrentes de software/ERP,Errores recurrentes de software/ERP
TK-005651,Incidentes de seguridad,Incidentes de seguridad
TK-005652,Solicitudes rutinarias,Solicitudes rutinarias
TK-005653,Casos crónicos,Casos crónicos
TK-005654,Casos crónicos,Casos crónicos
TK-005655,Solicitudes rutinarias,Solicitudes rutinarias
TK-005656,Solicitudes rutinarias,Solicitudes rutinarias
TK-005657,Solicitudes rutinarias,Solicitudes rutinarias
TK-005658,Incidentes de seguridad,Incidentes de seguridad
TK-005659,Fallas de hardware,Fallas de hardware
TK-005660,Solicitudes rutinarias,Solicitudes rutinarias
TK-005661,Solicitudes rutinarias,Solicitudes rutinarias
TK-005662,Solicitudes rutinarias,Errores recurrentes de software/ERP
TK-005663,Incidentes críticos de red,Errores recurrentes de software/ERP
TK-005664,Solicitudes rutinarias,Solicitudes rutinarias
TK-005665,Solicitudes rutinarias,Errores recurrentes de software/ERP
TK-005666,Solicitudes rutinarias,Solicitudes rutinarias
TK-005667,Errores recurrentes de software/ERP,Solicitudes rutinarias
TK-005668,Solicitudes rutinarias,Solicitudes rutinarias
TK-005669,Solicitudes rutinarias,Solicitudes rutinarias
TK-005670,Errores recurrentes de software/ERP,Casos crónicos
TK-005671,Solicitudes rutinarias,Solicitudes rutinarias
TK-005672,Solicitudes rutinarias,Solicitudes rutinarias
TK-005673,Solicitudes rutinarias,Solicitudes rutinarias
TK-005674,Solicitudes rutinarias,Fallas de hardware
TK-005675,Errores recurrentes de software/ERP,Errores recurrentes de software/ERP
TK-005676,Solicitudes rutinarias,Solicitudes rutinarias
TK-005677,Errores recurrentes de software/ERP,Errores recurrentes de software/ERP
TK-005678,Casos crónicos,Casos crónicos
TK-005679,Incidentes de seguridad,Incidentes de seguridad
TK-005680,Solicitudes rutinarias,Fallas de hardware
TK-005681,Fallas de hardware,Fallas de hardware
TK-005682,Solicitudes rutinarias,Solicitudes rutinarias
TK-005683,Solicitudes rutinarias,Solicitudes rutinarias
TK-005684,Solicitudes rutinarias,Solicitudes rutinarias
TK-005685,Solicitudes rutinarias,Fallas de hardware
TK-005686,Casos crónicos,Casos crónicos
TK-005687,Fallas de hardware,Fallas de hardware
TK-005688,Fallas de hardware,Fallas de hardware
TK-005689,Fallas de hardware,Fallas de hardware
TK-005690,Incidentes críticos de red,Incidentes de seguridad
TK-005691,Solicitudes rutinarias,Solicitudes rutinarias
TK-005692,Fallas de hardware,Fallas de hardware
TK-005693,Fallas de hardware,Solicitudes rutinarias
TK-005694,Fallas de hardware,Fallas de hardware
TK-005695,Solicitudes rutinarias,Solicitudes rutinarias
TK-005696,Solicitudes rutinarias,Errores recurrentes de software/ERP
TK-005697,Solicitudes rutinarias,Solicitudes rutinarias
TK-005698,Solicitudes rutinarias,Solicitudes rutinarias
TK-005699,Solicitudes rutinarias,Solicitudes rutinarias
TK-005700,Errores recurrentes de software/ERP,Errores recurrentes de software/ERP
TK-005701,Solicitudes rutinarias,Solicitudes rutinarias
TK-005702,Solicitudes rutinarias,Solicitudes rutinarias
TK-005703,Solicitudes rutinarias,Solicitudes rutinarias
TK-005704,Fallas de hardware,Fallas de hardware
TK-005705,Solicitudes rutinarias,Solicitudes rutinarias
TK-005706,Fallas de hardware,Fallas de hardware
TK-005707,Solicitudes rutinarias,Solicitudes rutinarias
TK-005708,Incidentes de seguridad,Incidentes de seguridad
TK-005709,Errores recurrentes de software/ERP,Errores recurrentes de software/ERP
TK-005710,Errores recurrentes de software/ERP,Errores recurrentes de software/ERP
TK-005711,Solicitudes rutinarias,Solicitudes rutinarias
TK-005712,Solicitudes rutinarias,Solicitudes rutinarias
TK-005713,Solicitudes rutinarias,Solicitudes rutinarias
TK-005714,Casos crónicos,Errores recurrentes de software/ERP
TK-005715,Solicitudes rutinarias,Solicitudes rutinarias
TK-005716,Solicitudes rutinarias,Solicitudes rutinarias
TK-005717,Solicitudes rutinarias,Solicitudes rutinarias
TK-005718,Solicitudes rutinarias,Solicitudes rutinarias
TK-005719,Solicitudes rutinarias,Solicitudes rutinarias
TK-005720,Solicitudes rutinarias,Solicitudes rutinarias
TK-005721,Casos crónicos,Casos crónicos
TK-005722,Fallas de hardware,Fallas de hardware
TK-005723,Errores recurrentes de software/ERP,Errores recurrentes de software/ERP
TK-005724,Solicitudes rutinarias,Errores recurrentes de software/ERP
TK-005725,Solicitudes rutinarias,Solicitudes rutinarias
TK-005726,Solicitudes rutinarias,Solicitudes rutinarias
TK-005727,Incidentes de seguridad,Incidentes de seguridad
TK-005728,Incidentes críticos de red,Incidentes críticos de red
TK-005729,Solicitudes rutinarias,Solicitudes rutinarias
TK-005730,Solicitudes rutinarias,Solicitudes rutinarias
TK-005731,Solicitudes rutinarias,Solicitudes rutinarias
TK-005732,Casos crónicos,Casos crónicos
TK-005733,Solicitudes rutinarias,Solicitudes rutinarias
TK-005734,Errores recurrentes de software/ERP,Errores recurrentes de software/ERP
TK-005735,Errores recurrentes de software/ERP,Errores recurrentes de software/ERP
TK-005736,Errores recurrentes de software/ERP,Errores recurrentes de software/ERP
TK-005737,Solicitudes rutinarias,Solicitudes rutinarias
TK-005738,Fallas de hardware,Fallas de hardware
TK-005739,Solicitudes rutinarias,Fallas de hardware
TK-005740,Fallas de hardware,Fallas de hardware
TK-005741,Errores recurrentes de software/ERP,Errores recurrentes de software/ERP
TK-005742,Fallas de hardware,Fallas de hardware
TK-005743,Fallas de hardware,Fallas de hardware
TK-005744,Incidentes críticos de red,Incidentes críticos de red
TK-005745,Solicitudes rutinarias,Solicitudes rutinarias
TK-005746,Fallas de hardware,Fallas de hardware
TK-005747,Solicitudes rutinarias,Solicitudes rutinarias
TK-005748,Solicitudes rutinarias,Solicitudes rutinarias
TK-005749,Solicitudes rutinarias,Fallas de hardware
TK-005750,Errores recurrentes de software/ERP,Errores recurrentes de software/ERP
TK-005751,Solicitudes rutinarias,Solicitudes rutinarias
TK-005752,Fallas de hardware,Fallas de hardware
TK-005753,Solicitudes rutinarias,Fallas de hardware
TK-005754,Solicitudes rutinarias,Solicitudes rutinarias
TK-005755,Incidentes de seguridad,Incidentes de seguridad
TK-005756,Solicitudes rutinarias,Solicitudes rutinarias
TK-005757,Fallas de hardware,Fallas de hardware
TK-005758,Casos crónicos,Casos crónicos
TK-005759,Errores recurrentes de software/ERP,Errores recurrentes de software/ERP
TK-005760,Solicitudes rutinarias,Solicitudes rutinarias
TK-005761,Solicitudes rutinarias,Solicitudes rutinarias
TK-005762,Solicitudes rutinarias,Solicitudes rutinarias
TK-005763,Solicitudes rutinarias,Solicitudes rutinarias
TK-005764,Solicitudes rutinarias,Solicitudes rutinarias
TK-005765,Solicitudes rutinarias,Solicitudes rutinarias
TK-005766,Solicitudes rutinarias,Solicitudes rutinarias
TK-005767,Fallas de hardware,Fallas de hardware
TK-005768,Errores recurrentes de software/ERP,Errores recurrentes de software/ERP
TK-005769,Solicitudes rutinarias,Solicitudes rutinarias
TK-005770,Errores recurrentes de software/ERP,Casos crónicos
TK-005771,Solicitudes rutinarias,Solicitudes rutinarias
TK-005772,Solicitudes rutinarias,Solicitudes rutinarias
TK-005773,Fallas de hardware,Fallas de hardware
TK-005774,Errores recurrentes de software/ERP,Errores recurrentes de software/ERP
TK-005775,Solicitudes rutinarias,Solicitudes rutinarias
TK-005776,Incidentes críticos de red,Incidentes críticos de red
TK-005777,Errores recurrentes de software/ERP,Errores recurrentes de software/ERP
TK-005778,Casos crónicos,Casos crónicos
TK-005779,Errores recurrentes de software/ERP,Errores recurrentes de software/ERP
TK-005780,Solicitudes rutinarias,Solicitudes rutinarias
TK-005781,Solicitudes rutinarias,Errores recurrentes de software/ERP
TK-005782,Fallas de hardware,Fallas de hardware
TK-005783,Solicitudes rutinarias,Solicitudes rutinarias
TK-005784,Solicitudes rutinarias,Solicitudes rutinarias
TK-005785,Incidentes críticos de red,Incidentes críticos de red
TK-005786,Solicitudes rutinarias,Solicitudes rutinarias
TK-005787,Casos crónicos,Casos crónicos
TK-005788,Solicitudes rutinarias,Solicitudes rutinarias
TK-005789,Solicitudes rutinarias,Solicitudes rutinarias
TK-005790,Fallas de hardware,Fallas de hardware
TK-005791,Fallas de hardware,Fallas de hardware
TK-005792,Errores recurrentes de software/ERP,Errores recurrentes de software/ERP
TK-005793,Fallas de hardware,Fallas de hardware
TK-005794,Solicitudes rutinarias,Errores recurrentes de software/ERP
TK-005795,Fallas de hardware,Fallas de hardware
TK-005796,Solicitudes rutinarias,Solicitudes rutinarias
TK-005797,Fallas de hardware,Fallas de hardware
TK-005798,Fallas de hardware,Errores recurrentes de software/ERP
TK-005799,Incidentes críticos de red,Incidentes críticos de red
TK-005800,Fallas de hardware,Fallas de hardware
TK-005801,Errores recurrentes de software/ERP,Errores recurrentes de software/ERP
TK-005802,Solicitudes rutinarias,Solicitudes rutinarias
TK-005803,Solicitudes rutinarias,Solicitudes rutinarias
TK-005804,Incidentes de seguridad,Incidentes de seguridad
TK-005805,Errores recurrentes de software/ERP,Errores recurrentes de software/ERP
TK-005806,Solicitudes rutinarias,Solicitudes rutinarias
TK-005807,Solicitudes rutinarias,Solicitudes rutinarias
TK-005808,Incidentes críticos de red,Incidentes críticos de red
TK-005809,Solicitudes rutinarias,Solicitudes rutinarias
TK-005810,Solicitudes rutinarias,Solicitudes rutinarias
TK-005811,Fallas de hardware,Fallas de hardware
TK-005812,Solicitudes rutinarias,Solicitudes rutinarias
TK-005813,Casos crónicos,Casos crónicos
TK-005814,Errores recurrentes de software/ERP,Solicitudes rutinarias
TK-005815,Incidentes de seguridad,Incidentes de seguridad
TK-005816,Solicitudes rutinarias,Solicitudes rutinarias
TK-005817,Solicitudes rutinarias,Solicitudes rutinarias
TK-005818,Solicitudes rutinarias,Solicitudes rutinarias
TK-005819,Solicitudes rutinarias,Solicitudes rutinarias
TK-005820,Fallas de hardware,Fallas de hardware
TK-005821,Errores recurrentes de software/ERP,Errores recurrentes de software/ERP
TK-005822,Casos crónicos,Casos crónicos
TK-005823,Solicitudes rutinarias,Solicitudes rutinarias
TK-005824,Errores recurrentes de software/ERP,Errores recurrentes de software/ERP
TK-005825,Incidentes críticos de red,Incidentes críticos de red
TK-005826,Incidentes de seguridad,Incidentes de seguridad
TK-005827,Solicitudes rutinarias,Fallas de hardware
TK-005828,Errores recurrentes de software/ERP,Errores recurrentes de software/ERP
TK-005829,Errores recurrentes de software/ERP,Errores recurrentes de software/ERP
TK-005830,Solicitudes rutinarias,Solicitudes rutinarias
TK-005831,Errores recurrentes de software/ERP,Errores recurrentes de software/ERP
TK-005832,Solicitudes rutinarias,Solicitudes rutinarias
TK-005833,Solicitudes rutinarias,Solicitudes rutinarias
TK-005834,Errores recurrentes de software/ERP,Errores recurrentes de software/ERP
TK-005835,Errores recurrentes de software/ERP,Errores recurrentes de software/ERP
TK-005836,Fallas de hardware,Fallas de hardware
TK-005837,Solicitudes rutinarias,Solicitudes rutinarias
TK-005838,Fallas de hardware,Fallas de hardware
TK-005839,Solicitudes rutinarias,Solicitudes rutinarias
TK-005840,Errores recurrentes de software/ERP,Errores recurrentes de software/ERP
TK-005841,Solicitudes rutinarias,Solicitudes rutinarias
TK-005842,Errores recurrentes de software/ERP,Errores recurrentes de software/ERP
TK-005843,Solicitudes rutinarias,Solicitudes rutinarias
TK-005844,Solicitudes rutinarias,Solicitudes rutinarias
TK-005845,Errores recurrentes de software/ERP,Casos crónicos
TK-005846,Errores recurrentes de software/ERP,Errores recurrentes de software/ERP
TK-005847,Solicitudes rutinarias,Solicitudes rutinarias
TK-005848,Errores recurrentes de software/ERP,Errores recurrentes de software/ERP
TK-005849,Solicitudes rutinarias,Errores recurrentes de software/ERP
TK-005850,Solicitudes rutinarias,Solicitudes rutinarias
TK-005851,Solicitudes rutinarias,Solicitudes rutinarias
TK-005852,Solicitudes rutinarias,Fallas de hardware
TK-005853,Casos crónicos,Casos crónicos
TK-005854,Solicitudes rutinarias,Solicitudes rutinarias
TK-005855,Incidentes de seguridad,Incidentes de seguridad
TK-005856,Solicitudes rutinarias,Errores recurrentes de software/ERP
TK-005857,Fallas de hardware,Fallas de hardware
TK-005858,Solicitudes rutinarias,Solicitudes rutinarias
TK-005859,Solicitudes rutinarias,Solicitudes rutinarias
TK-005860,Errores recurrentes de software/ERP,Errores recurrentes de software/ERP
TK-005861,Fallas de hardware,Fallas de hardware
TK-005862,Solicitudes rutinarias,Solicitudes rutinarias
TK-005863,Solicitudes rutinarias,Solicitudes rutinarias
TK-005864,Solicitudes rutinarias,Solicitudes rutinarias
TK-005865,Fallas de hardware,Fallas de hardware
TK-005866,Incidentes críticos de red,Incidentes críticos de red
TK-005867,Fallas de hardware,Fallas de hardware
TK-005868,Fallas de hardware,Fallas de hardware
TK-005869,Solicitudes rutinarias,Fallas de hardware
TK-005870,Errores recurrentes de software/ERP,Errores recurrentes de software/ERP
TK-005871,Solicitudes rutinarias,Errores recurrentes de software/ERP
TK-005872,Incidentes de seguridad,Incidentes de seguridad
TK-005873,Incidentes de seguridad,Incidentes de seguridad
TK-005874,Fallas de hardware,Fallas de hardware
TK-005875,Incidentes de seguridad,Incidentes críticos de red
TK-005876,Incidentes críticos de red,Incidentes críticos de red
TK-005877,Solicitudes rutinarias,Solicitudes rutinarias
TK-005878,Solicitudes rutinarias,Errores recurrentes de software/ERP
TK-005879,Solicitudes rutinarias,Solicitudes rutinarias
TK-005880,Errores recurrentes de software/ERP,Errores recurrentes de software/ERP
TK-005881,Solicitudes rutinarias,Solicitudes rutinarias
TK-005882,Incidentes críticos de red,Incidentes críticos de red
TK-005883,Errores recurrentes de software/ERP,Casos crónicos
TK-005884,Errores recurrentes de software/ERP,Errores recurrentes de software/ERP
TK-005885,Solicitudes rutinarias,Solicitudes rutinarias
TK-005886,Incidentes de seguridad,Incidentes de seguridad
TK-005887,Solicitudes rutinarias,Errores recurrentes de software/ERP
TK-005888,Fallas de hardware,Fallas de hardware
TK-005889,Solicitudes rutinarias,Solicitudes rutinarias
TK-005890,Solicitudes rutinarias,Solicitudes rutinarias
TK-005891,Solicitudes rutinarias,Solicitudes rutinarias
TK-005892,Solicitudes rutinarias,Solicitudes rutinarias
TK-005893,Solicitudes rutinarias,Solicitudes rutinarias
TK-005894,Fallas de hardware,Fallas de hardware
TK-005895,Fallas de hardware,Fallas de hardware
TK-005896,Fallas de hardware,Fallas de hardware
TK-005897,Fallas de hardware,Solicitudes rutinarias
TK-005898,Incidentes críticos de red,Incidentes críticos de red
TK-005899,Solicitudes rutinarias,Solicitudes rutinarias
TK-005900,Solicitudes rutinarias,Solicitudes rutinarias
TK-005901,Errores recurrentes de software/ERP,Errores recurrentes de software/ERP
TK-005902,Solicitudes rutinarias,Solicitudes rutinarias
TK-005903,Solicitudes rutinarias,Solicitudes rutinarias
TK-005904,Solicitudes rutinarias,Solicitudes rutinarias
TK-005905,Fallas de hardware,Fallas de hardware
TK-005906,Fallas de hardware,Fallas de hardware
TK-005907,Errores recurrentes de software/ERP,Errores recurrentes de software/ERP
TK-005908,Errores recurrentes de software/ERP,Errores recurrentes de software/ERP
TK-005909,Solicitudes rutinarias,Solicitudes rutinarias
TK-005910,Solicitudes rutinarias,Solicitudes rutinarias
TK-005911,Solicitudes rutinarias,Solicitudes rutinarias
TK-005912,Solicitudes rutinarias,Solicitudes rutinarias
TK-005913,Solicitudes rutinarias,Solicitudes rutinarias
TK-005914,Fallas de hardware,Fallas de hardware
TK-005915,Errores recurrentes de software/ERP,Errores recurrentes de software/ERP
TK-005916,Solicitudes rutinarias,Solicitudes rutinarias
TK-005917,Errores recurrentes de software/ERP,Solicitudes rutinarias
TK-005918,Solicitudes rutinarias,Solicitudes rutinarias
TK-005919,Errores recurrentes de software/ERP,Errores recurrentes de software/ERP
TK-005920,Solicitudes rutinarias,Fallas de hardware
TK-005921,Errores recurrentes de software/ERP,Errores recurrentes de software/ERP
TK-005922,Solicitudes rutinarias,Solicitudes rutinarias
TK-005923,Incidentes de seguridad,Solicitudes rutinarias
TK-005924,Errores recurrentes de software/ERP,Casos crónicos
TK-005925,Incidentes de seguridad,Incidentes de seguridad
TK-005926,Errores recurrentes de software/ERP,Errores recurrentes de software/ERP
TK-005927,Solicitudes rutinarias,Solicitudes rutinarias
TK-005928,Fallas de hardware,Fallas de hardware
TK-005929,Solicitudes rutinarias,Solicitudes rutinarias
TK-005930,Solicitudes rutinarias,Solicitudes rutinarias
TK-005931,Fallas de hardware,Fallas de hardware
TK-005932,Solicitudes rutinarias,Solicitudes rutinarias
TK-005933,Solicitudes rutinarias,Solicitudes rutinarias
TK-005934,Solicitudes rutinarias,Solicitudes rutinarias
TK-005935,Solicitudes rutinarias,Solicitudes rutinarias
TK-005936,Solicitudes rutinarias,Errores recurrentes de software/ERP
TK-005937,Solicitudes rutinarias,Solicitudes rutinarias
TK-005938,Casos crónicos,Casos crónicos
TK-005939,Fallas de hardware,Fallas de hardware
TK-005940,Solicitudes rutinarias,Solicitudes rutinarias
TK-005941,Incidentes de seguridad,Incidentes de seguridad
TK-005942,Errores recurrentes de software/ERP,Solicitudes rutinarias
TK-005943,Fallas de hardware,Fallas de hardware
TK-005944,Solicitudes rutinarias,Solicitudes rutinarias
TK-005945,Fallas de hardware,Fallas de hardware
TK-005946,Solicitudes rutinarias,Solicitudes rutinarias
TK-005947,Solicitudes rutinarias,Solicitudes rutinarias
TK-005948,Solicitudes rutinarias,Solicitudes rutinarias
TK-005949,Incidentes críticos de red,Incidentes críticos de red
TK-005950,Solicitudes rutinarias,Solicitudes rutinarias
TK-005951,Solicitudes rutinarias,Solicitudes rutinarias
TK-005952,Errores recurrentes de software/ERP,Errores recurrentes de software/ERP
TK-005953,Incidentes de seguridad,Incidentes de seguridad
TK-005954,Incidentes de seguridad,Incidentes de seguridad
TK-005955,Errores recurrentes de software/ERP,Errores recurrentes de software/ERP
TK-005956,Incidentes de seguridad,Incidentes críticos de red
TK-005957,Solicitudes rutinarias,Solicitudes rutinarias
TK-005958,Errores recurrentes de software/ERP,Errores recurrentes de software/ERP
TK-005959,Solicitudes rutinarias,Solicitudes rutinarias
TK-005960,Solicitudes rutinarias,Solicitudes rutinarias
TK-005961,Incidentes de seguridad,Incidentes de seguridad
TK-005962,Fallas de hardware,Fallas de hardware
TK-005963,Solicitudes rutinarias,Solicitudes rutinarias
TK-005964,Solicitudes rutinarias,Errores recurrentes de software/ERP
TK-005965,Solicitudes rutinarias,Solicitudes rutinarias
TK-005966,Errores recurrentes de software/ERP,Errores recurrentes de software/ERP
TK-005967,Solicitudes rutinarias,Solicitudes rutinarias
TK-005968,Incidentes de seguridad,Incidentes críticos de red
TK-005969,Fallas de hardware,Fallas de hardware
TK-005970,Fallas de hardware,Fallas de hardware
TK-005971,Solicitudes rutinarias,Solicitudes rutinarias
TK-005972,Errores recurrentes de software/ERP,Errores recurrentes de software/ERP
TK-005973,Incidentes críticos de red,Incidentes críticos de red
TK-005974,Solicitudes rutinarias,Solicitudes rutinarias
TK-005975,Errores recurrentes de software/ERP,Errores recurrentes de software/ERP
TK-005976,Errores recurrentes de software/ERP,Errores recurrentes de software/ERP
TK-005977,Fallas de hardware,Fallas de hardware
TK-005978,Solicitudes rutinarias,Errores recurrentes de software/ERP
TK-005979,Errores recurrentes de software/ERP,Errores recurrentes de software/ERP
TK-005980,Solicitudes rutinarias,Solicitudes rutinarias
TK-005981,Casos crónicos,Casos crónicos
TK-005982,Errores recurrentes de software/ERP,Errores recurrentes de software/ERP
TK-005983,Solicitudes rutinarias,Solicitudes rutinarias
TK-005984,Solicitudes rutinarias,Solicitudes rutinarias
TK-005985,Solicitudes rutinarias,Solicitudes rutinarias
TK-005986,Errores recurrentes de software/ERP,Errores recurrentes de software/ERP
TK-005987,Incidentes de seguridad,Incidentes críticos de red
TK-005988,Solicitudes rutinarias,Errores recurrentes de software/ERP
TK-005989,Fallas de hardware,Fallas de hardware
TK-005990,Solicitudes rutinarias,Solicitudes rutinarias
TK-005991,Solicitudes rutinarias,Solicitudes rutinarias
TK-005992,Errores recurrentes de software/ERP,Errores recurrentes de software/ERP
TK-005993,Solicitudes rutinarias,Solicitudes rutinarias
TK-005994,Incidentes de seguridad,Incidentes de seguridad
TK-005995,Errores recurrentes de software/ERP,Errores recurrentes de software/ERP
TK-005996,Errores recurrentes de software/ERP,Errores recurrentes de software/ERP
TK-005997,Solicitudes rutinarias,Solicitudes rutinarias
TK-005998,Fallas de hardware,Fallas de hardware
TK-005999,Solicitudes rutinarias,Solicitudes rutinarias
TK-006000,Errores recurrentes de software/ERP,Errores recurrentes de software/ERP
TK-006001,Fallas de hardware,Fallas de hardware
TK-006002,Solicitudes rutinarias,Solicitudes rutinarias
TK-006003,Casos crónicos,Errores recurrentes de software/ERP
TK-006004,Incidentes críticos de red,Incidentes críticos de red
TK-006005,Errores recurrentes de software/ERP,Errores recurrentes de software/ERP
TK-006006,Fallas de hardware,Fallas de hardware
TK-006007,Casos crónicos,Casos crónicos
TK-006008,Solicitudes rutinarias,Solicitudes rutinarias
TK-006009,Solicitudes rutinarias,Solicitudes rutinarias
TK-006010,Solicitudes rutinarias,Solicitudes rutinarias
TK-006011,Fallas de hardware,Fallas de hardware
TK-006012,Fallas de hardware,Fallas de hardware
TK-006013,Errores recurrentes de software/ERP,Errores recurrentes de software/ERP
TK-006014,Errores recurrentes de software/ERP,Errores recurrentes de software/ERP
TK-006015,Solicitudes rutinarias,Solicitudes rutinarias
TK-006016,Solicitudes rutinarias,Solicitudes rutinarias
TK-006017,Solicitudes rutinarias,Solicitudes rutinarias
TK-006018,Incidentes de seguridad,Incidentes de seguridad
TK-006019,Solicitudes rutinarias,Solicitudes rutinarias
TK-006020,Solicitudes rutinarias,Solicitudes rutinarias
TK-006021,Solicitudes rutinarias,Solicitudes rutinarias
TK-006022,Solicitudes rutinarias,Solicitudes rutinarias
TK-006023,Fallas de hardware,Fallas de hardware
TK-006024,Incidentes críticos de red,Incidentes críticos de red
TK-006025,Errores recurrentes de software/ERP,Errores recurrentes de software/ERP
TK-006026,Fallas de hardware,Fallas de hardware
TK-006027,Solicitudes rutinarias,Solicitudes rutinarias
TK-006028,Solicitudes rutinarias,Fallas de hardware
TK-006029,Solicitudes rutinarias,Solicitudes rutinarias
TK-006030,Fallas de hardware,Fallas de hardware
TK-006031,Fallas de hardware,Fallas de hardware
TK-006032,Fallas de hardware,Fallas de hardware
TK-006033,Fallas de hardware,Fallas de hardware
TK-006034,Solicitudes rutinarias,Solicitudes rutinarias
TK-006035,Fallas de hardware,Fallas de hardware
TK-006036,Fallas de hardware,Fallas de hardware
TK-006037,Solicitudes rutinarias,Solicitudes rutinarias
TK-006038,Incidentes de seguridad,Incidentes de seguridad
TK-006039,Errores recurrentes de software/ERP,Errores recurrentes de software/ERP
TK-006040,Solicitudes rutinarias,Solicitudes rutinarias
TK-006041,Incidentes críticos de red,Incidentes críticos de red
TK-006042,Errores recurrentes de software/ERP,Errores recurrentes de software/ERP
TK-006043,Incidentes de seguridad,Incidentes de seguridad
TK-006044,Solicitudes rutinarias,Solicitudes rutinarias
TK-006045,Incidentes críticos de red,Incidentes críticos de red
TK-006046,Solicitudes rutinarias,Solicitudes rutinarias
TK-006047,Solicitudes rutinarias,Solicitudes rutinarias
TK-006048,Errores recurrentes de software/ERP,Errores recurrentes de software/ERP
TK-006049,Errores recurrentes de software/ERP,Errores recurrentes de software/ERP
TK-006050,Solicitudes rutinarias,Solicitudes rutinarias
TK-006051,Solicitudes rutinarias,Solicitudes rutinarias
TK-006052,Errores recurrentes de software/ERP,Casos crónicos
TK-006053,Solicitudes rutinarias,Solicitudes rutinarias
TK-006054,Solicitudes rutinarias,Solicitudes rutinarias
TK-006055,Fallas de hardware,Fallas de hardware
TK-006056,Solicitudes rutinarias,Solicitudes rutinarias
TK-006057,Fallas de hardware,Fallas de hardware
TK-006058,Solicitudes rutinarias,Solicitudes rutinarias
TK-006059,Casos crónicos,Casos crónicos
TK-006060,Incidentes de seguridad,Incidentes de seguridad
TK-006061,Solicitudes rutinarias,Solicitudes rutinarias
TK-006062,Solicitudes rutinarias,Solicitudes rutinarias
TK-006063,Casos crónicos,Casos crónicos
TK-006064,Solicitudes rutinarias,Solicitudes rutinarias
TK-006065,Fallas de hardware,Fallas de hardware
TK-006066,Solicitudes rutinarias,Solicitudes rutinarias
TK-006067,Errores recurrentes de software/ERP,Solicitudes rutinarias
TK-006068,Errores recurrentes de software/ERP,Errores recurrentes de software/ERP
TK-006069,Solicitudes rutinarias,Solicitudes rutinarias
TK-006070,Errores recurrentes de software/ERP,Errores recurrentes de software/ERP
TK-006071,Fallas de hardware,Fallas de hardware
TK-006072,Fallas de hardware,Fallas de hardware
TK-006073,Solicitudes rutinarias,Solicitudes rutinarias
TK-006074,Solicitudes rutinarias,Solicitudes rutinarias
TK-006075,Errores recurrentes de software/ERP,Errores recurrentes de software/ERP
TK-006076,Solicitudes rutinarias,Solicitudes rutinarias
TK-006077,Solicitudes rutinarias,Errores recurrentes de software/ERP
TK-006078,Solicitudes rutinarias,Solicitudes rutinarias
TK-006079,Errores recurrentes de software/ERP,Errores recurrentes de software/ERP
TK-006080,Solicitudes rutinarias,Solicitudes rutinarias
TK-006081,Errores recurrentes de software/ERP,Errores recurrentes de software/ERP
TK-006082,Solicitudes rutinarias,Solicitudes rutinarias
TK-006083,Solicitudes rutinarias,Fallas de hardware
TK-006084,Errores recurrentes de software/ERP,Solicitudes rutinarias
TK-006085,Incidentes críticos de red,Incidentes críticos de red
TK-006086,Incidentes críticos de red,Incidentes críticos de red
TK-006087,Errores recurrentes de software/ERP,Solicitudes rutinarias
TK-006088,Solicitudes rutinarias,Solicitudes rutinarias
TK-006089,Solicitudes rutinarias,Solicitudes rutinarias
TK-006090,Errores recurrentes de software/ERP,Errores recurrentes de software/ERP
TK-006091,Errores recurrentes de software/ERP,Errores recurrentes de software/ERP
TK-006092,Incidentes críticos de red,Incidentes críticos de red
TK-006093,Solicitudes rutinarias,Solicitudes rutinarias
TK-006094,Solicitudes rutinarias,Solicitudes rutinarias
TK-006095,Fallas de hardware,Fallas de hardware
TK-006096,Solicitudes rutinarias,Solicitudes rutinarias
TK-006097,Errores recurrentes de software/ERP,Errores recurrentes de software/ERP
TK-006098,Solicitudes rutinarias,Solicitudes rutinarias
TK-006099,Fallas de hardware,Fallas de hardware
TK-006100,Errores recurrentes de software/ERP,Errores recurrentes de software/ERP
TK-006101,Fallas de hardware,Fallas de hardware
TK-006102,Errores recurrentes de software/ERP,Errores recurrentes de software/ERP
TK-006103,Errores recurrentes de software/ERP,Errores recurrentes de software/ERP
TK-006104,Casos crónicos,Incidentes críticos de red
TK-006105,Fallas de hardware,Fallas de hardware
TK-006106,Fallas de hardware,Errores recurrentes de software/ERP
TK-006107,Errores recurrentes de software/ERP,Errores recurrentes de software/ERP
TK-006108,Solicitudes rutinarias,Solicitudes rutinarias
TK-006109,Errores recurrentes de software/ERP,Errores recurrentes de software/ERP
TK-006110,Solicitudes rutinarias,Solicitudes rutinarias
TK-006111,Fallas de hardware,Fallas de hardware
TK-006112,Solicitudes rutinarias,Solicitudes rutinarias
TK-006113,Solicitudes rutinarias,Solicitudes rutinarias
TK-006114,Solicitudes rutinarias,Solicitudes rutinarias
TK-006115,Solicitudes rutinarias,Solicitudes rutinarias
TK-006116,Solicitudes rutinarias,Solicitudes rutinarias
TK-006117,Solicitudes rutinarias,Solicitudes rutinarias
TK-006118,Solicitudes rutinarias,Solicitudes rutinarias
TK-006119,Solicitudes rutinarias,Solicitudes rutinarias
TK-006120,Solicitudes rutinarias,Solicitudes rutinarias
TK-006121,Solicitudes rutinarias,Fallas de hardware
TK-006122,Solicitudes rutinarias,Solicitudes rutinarias
TK-006123,Solicitudes rutinarias,Solicitudes rutinarias
TK-006124,Solicitudes rutinarias,Solicitudes rutinarias
TK-006125,Solicitudes rutinarias,Solicitudes rutinarias
TK-006126,Errores recurrentes de software/ERP,Errores recurrentes de software/ERP
TK-006127,Fallas de hardware,Fallas de hardware
TK-006128,Solicitudes rutinarias,Solicitudes rutinarias
TK-006129,Casos crónicos,Casos crónicos
TK-006130,Casos crónicos,Casos crónicos
TK-006131,Incidentes de seguridad,Incidentes de seguridad
TK-006132,Incidentes de seguridad,Incidentes de seguridad
TK-006133,Solicitudes rutinarias,Solicitudes rutinarias
TK-006134,Fallas de hardware,Solicitudes rutinarias
TK-006135,Solicitudes rutinarias,Solicitudes rutinarias
TK-006136,Solicitudes rutinarias,Solicitudes rutinarias
TK-006137,Casos crónicos,Casos crónicos
TK-006138,Fallas de hardware,Solicitudes rutinarias
TK-006139,Fallas de hardware,Fallas de hardware
TK-006140,Solicitudes rutinarias,Solicitudes rutinarias
TK-006141,Solicitudes rutinarias,Solicitudes rutinarias
TK-006142,Solicitudes rutinarias,Solicitudes rutinarias
TK-006143,Errores recurrentes de software/ERP,Errores recurrentes de software/ERP
TK-006144,Solicitudes rutinarias,Solicitudes rutinarias
TK-006145,Solicitudes rutinarias,Solicitudes rutinarias
TK-006146,Solicitudes rutinarias,Solicitudes rutinarias
TK-006147,Solicitudes rutinarias,Fallas de hardware
TK-006148,Solicitudes rutinarias,Errores recurrentes de software/ERP
TK-006149,Fallas de hardware,Fallas de hardware
TK-006150,Solicitudes rutinarias,Solicitudes rutinarias
TK-006151,Solicitudes rutinarias,Solicitudes rutinarias
TK-006152,Solicitudes rutinarias,Solicitudes rutinarias
TK-006153,Errores recurrentes de software/ERP,Errores recurrentes de software/ERP
TK-006154,Solicitudes rutinarias,Solicitudes rutinarias
TK-006155,Solicitudes rutinarias,Solicitudes rutinarias
TK-006156,Fallas de hardware,Fallas de hardware
TK-006157,Fallas de hardware,Fallas de hardware
TK-006158,Errores recurrentes de software/ERP,Errores recurrentes de software/ERP
TK-006159,Solicitudes rutinarias,Fallas de hardware
TK-006160,Incidentes críticos de red,Incidentes críticos de red
TK-006161,Incidentes críticos de red,Incidentes críticos de red
TK-006162,Incidentes críticos de red,Incidentes críticos de red
TK-006163,Incidentes críticos de red,Incidentes críticos de red
TK-006164,Incidentes críticos de red,Incidentes críticos de red
TK-006165,Incidentes críticos de red,Incidentes críticos de red
TK-006166,Solicitudes rutinarias,Solicitudes rutinarias
TK-006167,Incidentes críticos de red,Incidentes críticos de red
TK-006168,Incidentes críticos de red,Incidentes críticos de red
TK-006169,Incidentes críticos de red,Incidentes críticos de red
TK-006170,Incidentes críticos de red,Incidentes críticos de red
TK-006171,Incidentes críticos de red,Incidentes críticos de red
TK-006172,Solicitudes rutinarias,Errores recurrentes de software/ERP
TK-006173,Incidentes críticos de red,Incidentes críticos de red
TK-006174,Incidentes críticos de red,Incidentes críticos de red
TK-006175,Incidentes críticos de red,Incidentes críticos de red
TK-006176,Incidentes críticos de red,Incidentes críticos de red
TK-006177,Incidentes críticos de red,Incidentes críticos de red
TK-006178,Incidentes críticos de red,Incidentes críticos de red
TK-006179,Incidentes críticos de red,Incidentes críticos de red
TK-006180,Incidentes críticos de red,Incidentes críticos de red
TK-006181,Incidentes críticos de red,Incidentes de seguridad
TK-006182,Incidentes críticos de red,Errores recurrentes de software/ERP
TK-006183,Solicitudes rutinarias,Solicitudes rutinarias
TK-006184,Incidentes críticos de red,Errores recurrentes de software/ERP
TK-006185,Solicitudes rutinarias,Solicitudes rutinarias
TK-006186,Incidentes críticos de red,Incidentes críticos de red
TK-006187,Incidentes de seguridad,Incidentes de seguridad
TK-006188,Incidentes críticos de red,Incidentes críticos de red
TK-006189,Incidentes críticos de red,Incidentes críticos de red
TK-006190,Incidentes críticos de red,Errores recurrentes de software/ERP
TK-006191,Incidentes críticos de red,Incidentes críticos de red
TK-006192,Incidentes críticos de red,Incidentes críticos de red
TK-006193,Incidentes críticos de red,Incidentes críticos de red
TK-006194,Solicitudes rutinarias,Solicitudes rutinarias
TK-006195,Incidentes críticos de red,Incidentes críticos de red
TK-006196,Incidentes críticos de red,Incidentes de seguridad
TK-006197,Solicitudes rutinarias,Solicitudes rutinarias
TK-006198,Incidentes críticos de red,Incidentes críticos de red
TK-006199,Incidentes críticos de red,Incidentes críticos de red
TK-006200,Incidentes críticos de red,Incidentes de seguridad
TK-006201,Incidentes críticos de red,Incidentes críticos de red
TK-006202,Incidentes críticos de red,Incidentes críticos de red
TK-006203,Incidentes críticos de red,Incidentes críticos de red
TK-006204,Incidentes críticos de red,Incidentes críticos de red
TK-006205,Incidentes críticos de red,Incidentes críticos de red
TK-006206,Incidentes críticos de red,Incidentes críticos de red
TK-006207,Incidentes críticos de red,Incidentes críticos de red
TK-006208,Incidentes críticos de red,Incidentes críticos de red
TK-006209,Incidentes críticos de red,Incidentes críticos de red
TK-006210,Incidentes críticos de red,Incidentes críticos de red
TK-006211,Incidentes críticos de red,Incidentes críticos de red
TK-006212,Incidentes críticos de red,Incidentes críticos de red
TK-006213,Incidentes críticos de red,Incidentes críticos de red
TK-006214,Incidentes críticos de red,Incidentes críticos de red
TK-006215,Casos crónicos,Casos crónicos
TK-006216,Incidentes críticos de red,Incidentes críticos de red
TK-006217,Casos crónicos,Casos crónicos
TK-006218,Solicitudes rutinarias,Solicitudes rutinarias
TK-006219,Incidentes críticos de red,Incidentes críticos de red
TK-006220,Incidentes críticos de red,Incidentes críticos de red
TK-006221,Incidentes críticos de red,Incidentes críticos de red
TK-006222,Incidentes críticos de red,Incidentes críticos de red
TK-006223,Incidentes críticos de red,Incidentes críticos de red
TK-006224,Incidentes críticos de red,Incidentes críticos de red
TK-006225,Incidentes críticos de red,Incidentes críticos de red
TK-006226,Incidentes críticos de red,Incidentes críticos de red
TK-006227,Incidentes críticos de red,Incidentes críticos de red
TK-006228,Incidentes críticos de red,Incidentes críticos de red
TK-006229,Solicitudes rutinarias,Solicitudes rutinarias
TK-006230,Incidentes críticos de red,Incidentes críticos de red
TK-006231,Incidentes críticos de red,Incidentes críticos de red
TK-006232,Incidentes críticos de red,Incidentes críticos de red
TK-006233,Incidentes críticos de red,Incidentes críticos de red
TK-006234,Incidentes críticos de red,Incidentes críticos de red
TK-006235,Incidentes de seguridad,Incidentes de seguridad
TK-006236,Incidentes críticos de red,Incidentes críticos de red
TK-006237,Incidentes críticos de red,Incidentes críticos de red
TK-006238,Incidentes críticos de red,Incidentes críticos de red
TK-006239,Incidentes críticos de red,Incidentes críticos de red
TK-006240,Incidentes críticos de red,Incidentes críticos de red
TK-006241,Incidentes críticos de red,Incidentes críticos de red
TK-006242,Incidentes críticos de red,Incidentes críticos de red
TK-006243,Incidentes críticos de red,Incidentes críticos de red
TK-006244,Incidentes críticos de red,Incidentes críticos de red
TK-006245,Incidentes críticos de red,Incidentes críticos de red
TK-006246,Incidentes críticos de red,Incidentes críticos de red
TK-006247,Incidentes críticos de red,Incidentes críticos de red
TK-006248,Solicitudes rutinarias,Fallas de hardware
TK-006249,Fallas de hardware,Fallas de hardware
TK-006250,Solicitudes rutinarias,Solicitudes rutinarias
TK-006251,Incidentes críticos de red,Incidentes críticos de red
TK-006252,Fallas de hardware,Fallas de hardware
TK-006253,Solicitudes rutinarias,Solicitudes rutinarias
TK-006254,Errores recurrentes de software/ERP,Casos crónicos
TK-006255,Incidentes de seguridad,Incidentes de seguridad
TK-006256,Solicitudes rutinarias,Errores recurrentes de software/ERP
TK-006257,Solicitudes rutinarias,Solicitudes rutinarias
TK-006258,Errores recurrentes de software/ERP,Errores recurrentes de software/ERP
TK-006259,Fallas de hardware,Fallas de hardware
TK-006260,Errores recurrentes de software/ERP,Solicitudes rutinarias
TK-006261,Solicitudes rutinarias,Solicitudes rutinarias
TK-006262,Solicitudes rutinarias,Solicitudes rutinarias
TK-006263,Incidentes críticos de red,Incidentes de seguridad
TK-006264,Solicitudes rutinarias,Solicitudes rutinarias
TK-006265,Fallas de hardware,Errores recurrentes de software/ERP
TK-006266,Fallas de hardware,Fallas de hardware
TK-006267,Fallas de hardware,Fallas de hardware
TK-006268,Fallas de hardware,Fallas de hardware
TK-006269,Incidentes críticos de red,Errores recurrentes de software/ERP
TK-006270,Errores recurrentes de software/ERP,Solicitudes rutinarias
TK-006271,Errores recurrentes de software/ERP,Solicitudes rutinarias
TK-006272,Fallas de hardware,Fallas de hardware
TK-006273,Solicitudes rutinarias,Solicitudes rutinarias
TK-006274,Solicitudes rutinarias,Solicitudes rutinarias
TK-006275,Solicitudes rutinarias,Solicitudes rutinarias
TK-006276,Errores recurrentes de software/ERP,Errores recurrentes de software/ERP
TK-006277,Casos crónicos,Casos crónicos
TK-006278,Fallas de hardware,Fallas de hardware
TK-006279,Solicitudes rutinarias,Errores recurrentes de software/ERP
TK-006280,Solicitudes rutinarias,Solicitudes rutinarias
TK-006281,Incidentes de seguridad,Incidentes de seguridad
TK-006282,Errores recurrentes de software/ERP,Errores recurrentes de software/ERP
TK-006283,Errores recurrentes de software/ERP,Errores recurrentes de software/ERP
TK-006284,Solicitudes rutinarias,Solicitudes rutinarias
TK-006285,Solicitudes rutinarias,Solicitudes rutinarias
TK-006286,Solicitudes rutinarias,Solicitudes rutinarias
TK-006287,Solicitudes rutinarias,Solicitudes rutinarias
TK-006288,Fallas de hardware,Fallas de hardware
TK-006289,Errores recurrentes de software/ERP,Errores recurrentes de software/ERP
TK-006290,Fallas de hardware,Fallas de hardware
TK-006291,Fallas de hardware,Fallas de hardware
TK-006292,Solicitudes rutinarias,Solicitudes rutinarias
TK-006293,Solicitudes rutinarias,Solicitudes rutinarias
TK-006294,Solicitudes rutinarias,Solicitudes rutinarias
TK-006295,Errores recurrentes de software/ERP,Errores recurrentes de software/ERP
TK-006296,Solicitudes rutinarias,Solicitudes rutinarias
TK-006297,Solicitudes rutinarias,Solicitudes rutinarias
TK-006298,Fallas de hardware,Fallas de hardware
TK-006299,Errores recurrentes de software/ERP,Errores recurrentes de software/ERP
TK-006300,Solicitudes rutinarias,Solicitudes rutinarias
TK-006301,Fallas de hardware,Fallas de hardware
TK-006302,Fallas de hardware,Fallas de hardware
TK-006303,Solicitudes rutinarias,Solicitudes rutinarias
TK-006304,Solicitudes rutinarias,Solicitudes rutinarias
TK-006305,Solicitudes rutinarias,Solicitudes rutinarias
TK-006306,Errores recurrentes de software/ERP,Errores recurrentes de software/ERP
TK-006307,Incidentes críticos de red,Incidentes críticos de red
TK-006308,Solicitudes rutinarias,Solicitudes rutinarias
TK-006309,Solicitudes rutinarias,Solicitudes rutinarias
TK-006310,Solicitudes rutinarias,Solicitudes rutinarias
TK-006311,Solicitudes rutinarias,Solicitudes rutinarias
TK-006312,Solicitudes rutinarias,Solicitudes rutinarias
TK-006313,Incidentes de seguridad,Incidentes de seguridad
TK-006314,Fallas de hardware,Fallas de hardware
TK-006315,Fallas de hardware,Errores recurrentes de software/ERP
TK-006316,Errores recurrentes de software/ERP,Errores recurrentes de software/ERP
TK-006317,Solicitudes rutinarias,Solicitudes rutinarias
TK-006318,Errores recurrentes de software/ERP,Errores recurrentes de software/ERP
TK-006319,Errores recurrentes de software/ERP,Errores recurrentes de software/ERP
TK-006320,Solicitudes rutinarias,Solicitudes rutinarias
TK-006321,Incidentes de seguridad,Incidentes críticos de red
TK-006322,Solicitudes rutinarias,Solicitudes rutinarias
TK-006323,Incidentes críticos de red,Incidentes críticos de red
TK-006324,Solicitudes rutinarias,Solicitudes rutinarias
TK-006325,Solicitudes rutinarias,Solicitudes rutinarias
TK-006326,Errores recurrentes de software/ERP,Errores recurrentes de software/ERP
TK-006327,Solicitudes rutinarias,Solicitudes rutinarias
TK-006328,Fallas de hardware,Fallas de hardware
TK-006329,Solicitudes rutinarias,Solicitudes rutinarias
TK-006330,Errores recurrentes de software/ERP,Casos crónicos
TK-006331,Errores recurrentes de software/ERP,Errores recurrentes de software/ERP
TK-006332,Solicitudes rutinarias,Solicitudes rutinarias
TK-006333,Solicitudes rutinarias,Errores recurrentes de software/ERP
TK-006334,Fallas de hardware,Fallas de hardware
TK-006335,Incidentes críticos de red,Incidentes críticos de red
TK-006336,Solicitudes rutinarias,Solicitudes rutinarias
TK-006337,Solicitudes rutinarias,Solicitudes rutinarias
TK-006338,Errores recurrentes de software/ERP,Errores recurrentes de software/ERP
TK-006339,Fallas de hardware,Fallas de hardware
TK-006340,Errores recurrentes de software/ERP,Errores recurrentes de software/ERP
TK-006341,Fallas de hardware,Fallas de hardware
TK-006342,Solicitudes rutinarias,Solicitudes rutinarias
TK-006343,Solicitudes rutinarias,Solicitudes rutinarias
TK-006344,Solicitudes rutinarias,Solicitudes rutinarias
TK-006345,Casos crónicos,Casos crónicos
TK-006346,Solicitudes rutinarias,Solicitudes rutinarias
TK-006347,Solicitudes rutinarias,Solicitudes rutinarias
TK-006348,Solicitudes rutinarias,Solicitudes rutinarias
TK-006349,Fallas de hardware,Fallas de hardware
TK-006350,Errores recurrentes de software/ERP,Errores recurrentes de software/ERP
TK-006351,Solicitudes rutinarias,Solicitudes rutinarias
TK-006352,Solicitudes rutinarias,Solicitudes rutinarias
TK-006353,Solicitudes rutinarias,Solicitudes rutinarias
TK-006354,Errores recurrentes de software/ERP,Errores recurrentes de software/ERP
TK-006355,Solicitudes rutinarias,Solicitudes rutinarias
TK-006356,Solicitudes rutinarias,Solicitudes rutinarias
TK-006357,Solicitudes rutinarias,Solicitudes rutinarias
TK-006358,Solicitudes rutinarias,Solicitudes rutinarias
TK-006359,Errores recurrentes de software/ERP,Errores recurrentes de software/ERP
TK-006360,Casos crónicos,Casos crónicos
TK-006361,Solicitudes rutinarias,Solicitudes rutinarias
TK-006362,Errores recurrentes de software/ERP,Errores recurrentes de software/ERP
TK-006363,Errores recurrentes de software/ERP,Errores recurrentes de software/ERP
TK-006364,Solicitudes rutinarias,Solicitudes rutinarias
TK-006365,Solicitudes rutinarias,Solicitudes rutinarias
TK-006366,Fallas de hardware,Fallas de hardware
TK-006367,Errores recurrentes de software/ERP,Errores recurrentes de software/ERP
TK-006368,Solicitudes rutinarias,Solicitudes rutinarias
TK-006369,Solicitudes rutinarias,Solicitudes rutinarias
TK-006370,Fallas de hardware,Fallas de hardware
TK-006371,Errores recurrentes de software/ERP,Errores recurrentes de software/ERP
TK-006372,Solicitudes rutinarias,Solicitudes rutinarias
TK-006373,Solicitudes rutinarias,Solicitudes rutinarias
TK-006374,Fallas de hardware,Fallas de hardware
TK-006375,Errores recurrentes de software/ERP,Errores recurrentes de software/ERP
TK-006376,Errores recurrentes de software/ERP,Errores recurrentes de software/ERP
TK-006377,Solicitudes rutinarias,Solicitudes rutinarias
TK-006378,Fallas de hardware,Solicitudes rutinarias
TK-006379,Solicitudes rutinarias,Solicitudes rutinarias
TK-006380,Fallas de hardware,Fallas de hardware
TK-006381,Incidentes de seguridad,Incidentes de seguridad
TK-006382,Casos crónicos,Casos crónicos
TK-006383,Solicitudes rutinarias,Solicitudes rutinarias
TK-006384,Incidentes críticos de red,Incidentes críticos de red
TK-006385,Solicitudes rutinarias,Solicitudes rutinarias
TK-006386,Incidentes de seguridad,Solicitudes rutinarias
TK-006387,Solicitudes rutinarias,Solicitudes rutinarias
TK-006388,Casos crónicos,Casos crónicos
TK-006389,Errores recurrentes de software/ERP,Errores recurrentes de software/ERP
TK-006390,Errores recurrentes de software/ERP,Errores recurrentes de software/ERP
TK-006391,Errores recurrentes de software/ERP,Errores recurrentes de software/ERP
TK-006392,Fallas de hardware,Fallas de hardware
TK-006393,Solicitudes rutinarias,Fallas de hardware
TK-006394,Solicitudes rutinarias,Solicitudes rutinarias
TK-006395,Fallas de hardware,Fallas de hardware
TK-006396,Errores recurrentes de software/ERP,Errores recurrentes de software/ERP
TK-006397,Solicitudes rutinarias,Solicitudes rutinarias
TK-006398,Errores recurrentes de software/ERP,Errores recurrentes de software/ERP
TK-006399,Errores recurrentes de software/ERP,Errores recurrentes de software/ERP
TK-006400,Solicitudes rutinarias,Solicitudes rutinarias
TK-006401,Incidentes críticos de red,Errores recurrentes de software/ERP
TK-006402,Solicitudes rutinarias,Solicitudes rutinarias
TK-006403,Errores recurrentes de software/ERP,Errores recurrentes de software/ERP
TK-006404,Errores recurrentes de software/ERP,Errores recurrentes de software/ERP
TK-006405,Errores recurrentes de software/ERP,Errores recurrentes de software/ERP
TK-006406,Solicitudes rutinarias,Solicitudes rutinarias
TK-006407,Errores recurrentes de software/ERP,Errores recurrentes de software/ERP
TK-006408,Incidentes de seguridad,Incidentes de seguridad
TK-006409,Solicitudes rutinarias,Solicitudes rutinarias
TK-006410,Errores recurrentes de software/ERP,Errores recurrentes de software/ERP
TK-006411,Fallas de hardware,Solicitudes rutinarias
TK-006412,Solicitudes rutinarias,Solicitudes rutinarias
TK-006413,Fallas de hardware,Fallas de hardware
TK-006414,Errores recurrentes de software/ERP,Errores recurrentes de software/ERP
TK-006415,Errores recurrentes de software/ERP,Errores recurrentes de software/ERP
TK-006416,Solicitudes rutinarias,Solicitudes rutinarias
TK-006417,Fallas de hardware,Fallas de hardware
TK-006418,Solicitudes rutinarias,Solicitudes rutinarias
TK-006419,Solicitudes rutinarias,Solicitudes rutinarias
TK-006420,Solicitudes rutinarias,Solicitudes rutinarias
TK-006421,Fallas de hardware,Errores recurrentes de software/ERP
TK-006422,Fallas de hardware,Fallas de hardware
TK-006423,Solicitudes rutinarias,Solicitudes rutinarias
TK-006424,Incidentes críticos de red,Incidentes críticos de red
TK-006425,Errores recurrentes de software/ERP,Errores recurrentes de software/ERP
TK-006426,Solicitudes rutinarias,Solicitudes rutinarias
TK-006427,Solicitudes rutinarias,Solicitudes rutinarias
TK-006428,Solicitudes rutinarias,Solicitudes rutinarias
TK-006429,Errores recurrentes de software/ERP,Casos crónicos
TK-006430,Incidentes de seguridad,Incidentes de seguridad
TK-006431,Fallas de hardware,Errores recurrentes de software/ERP
TK-006432,Solicitudes rutinarias,Errores recurrentes de software/ERP
TK-006433,Solicitudes rutinarias,Solicitudes rutinarias
TK-006434,Fallas de hardware,Fallas de hardware
TK-006435,Solicitudes rutinarias,Errores recurrentes de software/ERP
TK-006436,Solicitudes rutinarias,Solicitudes rutinarias
TK-006437,Solicitudes rutinarias,Solicitudes rutinarias
TK-006438,Errores recurrentes de software/ERP,Errores recurrentes de software/ERP
TK-006439,Solicitudes rutinarias,Solicitudes rutinarias
TK-006440,Fallas de hardware,Fallas de hardware
TK-006441,Errores recurrentes de software/ERP,Solicitudes rutinarias
TK-006442,Incidentes de seguridad,Incidentes de seguridad
TK-006443,Solicitudes rutinarias,Solicitudes rutinarias
TK-006444,Errores recurrentes de software/ERP,Errores recurrentes de software/ERP
TK-006445,Incidentes críticos de red,Incidentes críticos de red
TK-006446,Solicitudes rutinarias,Solicitudes rutinarias
TK-006447,Incidentes críticos de red,Incidentes de seguridad
TK-006448,Solicitudes rutinarias,Solicitudes rutinarias
TK-006449,Solicitudes rutinarias,Solicitudes rutinarias
TK-006450,Solicitudes rutinarias,Solicitudes rutinarias
TK-006451,Solicitudes rutinarias,Solicitudes rutinarias
TK-006452,Incidentes críticos de red,Incidentes críticos de red
TK-006453,Solicitudes rutinarias,Solicitudes rutinarias
TK-006454,Errores recurrentes de software/ERP,Casos crónicos
TK-006455,Casos crónicos,Casos crónicos
TK-006456,Fallas de hardware,Fallas de hardware
TK-006457,Solicitudes rutinarias,Solicitudes rutinarias
TK-006458,Solicitudes rutinarias,Solicitudes rutinarias
TK-006459,Solicitudes rutinarias,Solicitudes rutinarias
TK-006460,Fallas de hardware,Fallas de hardware
TK-006461,Incidentes de seguridad,Incidentes de seguridad
TK-006462,Incidentes de seguridad,Incidentes de seguridad
TK-006463,Fallas de hardware,Fallas de hardware
TK-006464,Incidentes críticos de red,Incidentes críticos de red
TK-006465,Errores recurrentes de software/ERP,Errores recurrentes de software/ERP
TK-006466,Solicitudes rutinarias,Solicitudes rutinarias
TK-006467,Solicitudes rutinarias,Fallas de hardware
TK-006468,Solicitudes rutinarias,Solicitudes rutinarias
TK-006469,Solicitudes rutinarias,Fallas de hardware
TK-006470,Fallas de hardware,Fallas de hardware
TK-006471,Errores recurrentes de software/ERP,Errores recurrentes de software/ERP
TK-006472,Solicitudes rutinarias,Solicitudes rutinarias
TK-006473,Solicitudes rutinarias,Errores recurrentes de software/ERP
TK-006474,Solicitudes rutinarias,Solicitudes rutinarias
TK-006475,Solicitudes rutinarias,Solicitudes rutinarias
TK-006476,Errores recurrentes de software/ERP,Errores recurrentes de software/ERP
TK-006477,Solicitudes rutinarias,Solicitudes rutinarias
TK-006478,Fallas de hardware,Fallas de hardware
TK-006479,Errores recurrentes de software/ERP,Errores recurrentes de software/ERP
TK-006480,Incidentes críticos de red,Incidentes críticos de red
TK-006481,Errores recurrentes de software/ERP,Casos crónicos
TK-006482,Solicitudes rutinarias,Fallas de hardware
TK-006483,Fallas de hardware,Fallas de hardware
TK-006484,Solicitudes rutinarias,Solicitudes rutinarias
TK-006485,Solicitudes rutinarias,Solicitudes rutinarias
TK-006486,Fallas de hardware,Fallas de hardware
TK-006487,Solicitudes rutinarias,Solicitudes rutinarias
TK-006488,Errores recurrentes de software/ERP,Errores recurrentes de software/ERP
TK-006489,Casos crónicos,Incidentes críticos de red
TK-006490,Errores recurrentes de software/ERP,Errores recurrentes de software/ERP
TK-006491,Fallas de hardware,Fallas de hardware
TK-006492,Solicitudes rutinarias,Solicitudes rutinarias
TK-006493,Fallas de hardware,Fallas de hardware
TK-006494,Solicitudes rutinarias,Solicitudes rutinarias
TK-006495,Fallas de hardware,Fallas de hardware
TK-006496,Solicitudes rutinarias,Solicitudes rutinarias
TK-006497,Fallas de hardware,Fallas de hardware
TK-006498,Incidentes de seguridad,Incidentes de seguridad
TK-006499,Fallas de hardware,Solicitudes rutinarias
TK-006500,Solicitudes rutinarias,Solicitudes rutinarias
TK-006501,Solicitudes rutinarias,Solicitudes rutinarias
TK-006502,Casos crónicos,Casos crónicos
TK-006503,Errores recurrentes de software/ERP,Casos crónicos
TK-006504,Solicitudes rutinarias,Solicitudes rutinarias
TK-006505,Errores recurrentes de software/ERP,Errores recurrentes de software/ERP
TK-006506,Fallas de hardware,Fallas de hardware
TK-006507,Fallas de hardware,Fallas de hardware
TK-006508,Errores recurrentes de software/ERP,Errores recurrentes de software/ERP
TK-006509,Errores recurrentes de software/ERP,Solicitudes rutinarias
TK-006510,Solicitudes rutinarias,Solicitudes rutinarias
TK-006511,Solicitudes rutinarias,Solicitudes rutinarias
TK-006512,Casos crónicos,Casos crónicos
TK-006513,Solicitudes rutinarias,Solicitudes rutinarias
TK-006514,Solicitudes rutinarias,Solicitudes rutinarias
TK-006515,Solicitudes rutinarias,Fallas de hardware
TK-006516,Solicitudes rutinarias,Solicitudes rutinarias
TK-006517,Fallas de hardware,Fallas de hardware
TK-006518,Incidentes de seguridad,Solicitudes rutinarias
TK-006519,Errores recurrentes de software/ERP,Errores recurrentes de software/ERP
TK-006520,Solicitudes rutinarias,Solicitudes rutinarias
TK-006521,Errores recurrentes de software/ERP,Errores recurrentes de software/ERP
TK-006522,Solicitudes rutinarias,Solicitudes rutinarias
TK-006523,Solicitudes rutinarias,Solicitudes rutinarias
TK-006524,Solicitudes rutinarias,Solicitudes rutinarias
TK-006525,Solicitudes rutinarias,Errores recurrentes de software/ERP
TK-006526,Casos crónicos,Errores recurrentes de software/ERP
TK-006527,Solicitudes rutinarias,Solicitudes rutinarias
TK-006528,Solicitudes rutinarias,Solicitudes rutinarias
TK-006529,Errores recurrentes de software/ERP,Casos crónicos
TK-006530,Solicitudes rutinarias,Solicitudes rutinarias
TK-006531,Fallas de hardware,Fallas de hardware
TK-006532,Errores recurrentes de software/ERP,Errores recurrentes de software/ERP
TK-006533,Solicitudes rutinarias,Solicitudes rutinarias
TK-006534,Fallas de hardware,Fallas de hardware
TK-006535,Errores recurrentes de software/ERP,Errores recurrentes de software/ERP
TK-006536,Errores recurrentes de software/ERP,Errores recurrentes de software/ERP
TK-006537,Errores recurrentes de software/ERP,Errores recurrentes de software/ERP
TK-006538,Errores recurrentes de software/ERP,Casos crónicos
TK-006539,Solicitudes rutinarias,Solicitudes rutinarias
TK-006540,Incidentes críticos de red,Incidentes críticos de red
TK-006541,Errores recurrentes de software/ERP,Errores recurrentes de software/ERP
TK-006542,Solicitudes rutinarias,Solicitudes rutinarias
TK-006543,Incidentes de seguridad,Incidentes de seguridad
TK-006544,Solicitudes rutinarias,Solicitudes rutinarias
TK-006545,Errores recurrentes de software/ERP,Errores recurrentes de software/ERP
TK-006546,Errores recurrentes de software/ERP,Errores recurrentes de software/ERP
TK-006547,Solicitudes rutinarias,Errores recurrentes de software/ERP
TK-006548,Errores recurrentes de software/ERP,Errores recurrentes de software/ERP
TK-006549,Errores recurrentes de software/ERP,Errores recurrentes de software/ERP
TK-006550,Solicitudes rutinarias,Solicitudes rutinarias
TK-006551,Fallas de hardware,Fallas de hardware
TK-006552,Solicitudes rutinarias,Solicitudes rutinarias
TK-006553,Solicitudes rutinarias,Solicitudes rutinarias
TK-006554,Solicitudes rutinarias,Errores recurrentes de software/ERP
TK-006555,Fallas de hardware,Fallas de hardware
TK-006556,Fallas de hardware,Errores recurrentes de software/ERP
TK-006557,Solicitudes rutinarias,Solicitudes rutinarias
TK-006558,Incidentes de seguridad,Incidentes de seguridad
TK-006559,Solicitudes rutinarias,Solicitudes rutinarias
TK-006560,Fallas de hardware,Fallas de hardware
TK-006561,Solicitudes rutinarias,Solicitudes rutinarias
TK-006562,Fallas de hardware,Fallas de hardware
TK-006563,Fallas de hardware,Fallas de hardware
TK-006564,Solicitudes rutinarias,Solicitudes rutinarias
TK-006565,Solicitudes rutinarias,Solicitudes rutinarias
TK-006566,Errores recurrentes de software/ERP,Errores recurrentes de software/ERP
TK-006567,Solicitudes rutinarias,Solicitudes rutinarias
TK-006568,Errores recurrentes de software/ERP,Errores recurrentes de software/ERP
TK-006569,Solicitudes rutinarias,Solicitudes rutinarias
TK-006570,Fallas de hardware,Fallas de hardware
TK-006571,Solicitudes rutinarias,Solicitudes rutinarias
TK-006572,Incidentes de seguridad,Incidentes de seguridad
TK-006573,Solicitudes rutinarias,Fallas de hardware
TK-006574,Fallas de hardware,Fallas de hardware
TK-006575,Errores recurrentes de software/ERP,Errores recurrentes de software/ERP
TK-006576,Solicitudes rutinarias,Solicitudes rutinarias
TK-006577,Errores recurrentes de software/ERP,Errores recurrentes de software/ERP
TK-006578,Solicitudes rutinarias,Solicitudes rutinarias
TK-006579,Solicitudes rutinarias,Solicitudes rutinarias
TK-006580,Errores recurrentes de software/ERP,Errores recurrentes de software/ERP
TK-006581,Solicitudes rutinarias,Solicitudes rutinarias
TK-006582,Fallas de hardware,Fallas de hardware
TK-006583,Solicitudes rutinarias,Solicitudes rutinarias
TK-006584,Errores recurrentes de software/ERP,Solicitudes rutinarias
TK-006585,Solicitudes rutinarias,Solicitudes rutinarias
TK-006586,Solicitudes rutinarias,Solicitudes rutinarias
TK-006587,Fallas de hardware,Fallas de hardware
TK-006588,Solicitudes rutinarias,Solicitudes rutinarias
TK-006589,Errores recurrentes de software/ERP,Errores recurrentes de software/ERP
TK-006590,Errores recurrentes de software/ERP,Errores recurrentes de software/ERP
TK-006591,Incidentes críticos de red,Incidentes críticos de red
TK-006592,Solicitudes rutinarias,Solicitudes rutinarias
TK-006593,Fallas de hardware,Fallas de hardware
TK-006594,Errores recurrentes de software/ERP,Errores recurrentes de software/ERP
TK-006595,Solicitudes rutinarias,Solicitudes rutinarias
TK-006596,Fallas de hardware,Fallas de hardware
TK-006597,Solicitudes rutinarias,Solicitudes rutinarias
TK-006598,Solicitudes rutinarias,Solicitudes rutinarias
TK-006599,Errores recurrentes de software/ERP,Errores recurrentes de software/ERP
TK-006600,Solicitudes rutinarias,Solicitudes rutinarias
TK-006601,Fallas de hardware,Fallas de hardware
TK-006602,Incidentes de seguridad,Incidentes de seguridad
TK-006603,Fallas de hardware,Fallas de hardware
TK-006604,Solicitudes rutinarias,Solicitudes rutinarias
TK-006605,Solicitudes rutinarias,Solicitudes rutinarias
TK-006606,Fallas de hardware,Fallas de hardware
TK-006607,Incidentes críticos de red,Incidentes críticos de red
TK-006608,Solicitudes rutinarias,Errores recurrentes de software/ERP
TK-006609,Incidentes críticos de red,Incidentes críticos de red
TK-006610,Solicitudes rutinarias,Solicitudes rutinarias
TK-006611,Errores recurrentes de software/ERP,Errores recurrentes de software/ERP
TK-006612,Fallas de hardware,Errores recurrentes de software/ERP
TK-006613,Solicitudes rutinarias,Solicitudes rutinarias
TK-006614,Solicitudes rutinarias,Solicitudes rutinarias
TK-006615,Errores recurrentes de software/ERP,Errores recurrentes de software/ERP
TK-006616,Solicitudes rutinarias,Solicitudes rutinarias
TK-006617,Solicitudes rutinarias,Solicitudes rutinarias
TK-006618,Solicitudes rutinarias,Solicitudes rutinarias
TK-006619,Fallas de hardware,Fallas de hardware
TK-006620,Errores recurrentes de software/ERP,Errores recurrentes de software/ERP
TK-006621,Solicitudes rutinarias,Solicitudes rutinarias
TK-006622,Fallas de hardware,Fallas de hardware
TK-006623,Solicitudes rutinarias,Solicitudes rutinarias
TK-006624,Solicitudes rutinarias,Solicitudes rutinarias
TK-006625,Errores recurrentes de software/ERP,Casos crónicos
TK-006626,Solicitudes rutinarias,Solicitudes rutinarias
TK-006627,Fallas de hardware,Errores recurrentes de software/ERP
TK-006628,Solicitudes rutinarias,Solicitudes rutinarias
TK-006629,Solicitudes rutinarias,Errores recurrentes de software/ERP
TK-006630,Solicitudes rutinarias,Solicitudes rutinarias
TK-006631,Solicitudes rutinarias,Errores recurrentes de software/ERP
TK-006632,Solicitudes rutinarias,Solicitudes rutinarias
TK-006633,Solicitudes rutinarias,Solicitudes rutinarias
TK-006634,Incidentes de seguridad,Incidentes de seguridad
TK-006635,Solicitudes rutinarias,Solicitudes rutinarias
TK-006636,Solicitudes rutinarias,Solicitudes rutinarias
TK-006637,Errores recurrentes de software/ERP,Errores recurrentes de software/ERP
TK-006638,Errores recurrentes de software/ERP,Errores recurrentes de software/ERP
TK-006639,Incidentes de seguridad,Incidentes de seguridad
TK-006640,Errores recurrentes de software/ERP,Errores recurrentes de software/ERP
TK-006641,Solicitudes rutinarias,Solicitudes rutinarias
TK-006642,Solicitudes rutinarias,Fallas de hardware
TK-006643,Incidentes de seguridad,Incidentes críticos de red
TK-006644,Solicitudes rutinarias,Fallas de hardware
TK-006645,Fallas de hardware,Solicitudes rutinarias
TK-006646,Solicitudes rutinarias,Solicitudes rutinarias
TK-006647,Solicitudes rutinarias,Solicitudes rutinarias
TK-006648,Solicitudes rutinarias,Solicitudes rutinarias
TK-006649,Solicitudes rutinarias,Solicitudes rutinarias
TK-006650,Incidentes críticos de red,Incidentes críticos de red
TK-006651,Solicitudes rutinarias,Solicitudes rutinarias
TK-006652,Solicitudes rutinarias,Solicitudes rutinarias
TK-006653,Solicitudes rutinarias,Solicitudes rutinarias
TK-006654,Fallas de hardware,Fallas de hardware
TK-006655,Errores recurrentes de software/ERP,Errores recurrentes de software/ERP
TK-006656,Solicitudes rutinarias,Solicitudes rutinarias
TK-006657,Errores recurrentes de software/ERP,Casos crónicos
TK-006658,Fallas de hardware,Fallas de hardware
TK-006659,Errores recurrentes de software/ERP,Errores recurrentes de software/ERP
TK-006660,Casos crónicos,Casos crónicos
TK-006661,Solicitudes rutinarias,Solicitudes rutinarias
TK-006662,Incidentes críticos de red,Incidentes críticos de red
TK-006663,Fallas de hardware,Fallas de hardware
TK-006664,Solicitudes rutinarias,Solicitudes rutinarias
TK-006665,Casos crónicos,Errores recurrentes de software/ERP
TK-006666,Fallas de hardware,Fallas de hardware
TK-006667,Solicitudes rutinarias,Solicitudes rutinarias
TK-006668,Solicitudes rutinarias,Solicitudes rutinarias
TK-006669,Casos crónicos,Casos crónicos
TK-006670,Incidentes críticos de red,Incidentes críticos de red
TK-006671,Incidentes de seguridad,Incidentes de seguridad
TK-006672,Solicitudes rutinarias,Solicitudes rutinarias
TK-006673,Solicitudes rutinarias,Solicitudes rutinarias
TK-006674,Fallas de hardware,Fallas de hardware
TK-006675,Solicitudes rutinarias,Solicitudes rutinarias
TK-006676,Solicitudes rutinarias,Solicitudes rutinarias
TK-006677,Fallas de hardware,Fallas de hardware
TK-006678,Errores recurrentes de software/ERP,Errores recurrentes de software/ERP
TK-006679,Errores recurrentes de software/ERP,Errores recurrentes de software/ERP
TK-006680,Solicitudes rutinarias,Solicitudes rutinarias
TK-006681,Fallas de hardware,Fallas de hardware
TK-006682,Fallas de hardware,Fallas de hardware
TK-006683,Fallas de hardware,Fallas de hardware
TK-006684,Solicitudes rutinarias,Solicitudes rutinarias
TK-006685,Solicitudes rutinarias,Fallas de hardware
TK-006686,Errores recurrentes de software/ERP,Errores recurrentes de software/ERP
TK-006687,Errores recurrentes de software/ERP,Casos crónicos
TK-006688,Incidentes críticos de red,Incidentes de seguridad
TK-006689,Errores recurrentes de software/ERP,Errores recurrentes de software/ERP
TK-006690,Fallas de hardware,Fallas de hardware
TK-006691,Errores recurrentes de software/ERP,Errores recurrentes de software/ERP
TK-006692,Fallas de hardware,Fallas de hardware
TK-006693,Solicitudes rutinarias,Solicitudes rutinarias
TK-006694,Incidentes de seguridad,Incidentes de seguridad
TK-006695,Solicitudes rutinarias,Solicitudes rutinarias
TK-006696,Solicitudes rutinarias,Solicitudes rutinarias
TK-006697,Solicitudes rutinarias,Solicitudes rutinarias
TK-006698,Solicitudes rutinarias,Solicitudes rutinarias
TK-006699,Errores recurrentes de software/ERP,Errores recurrentes de software/ERP
TK-006700,Solicitudes rutinarias,Solicitudes rutinarias
TK-006701,Solicitudes rutinarias,Errores recurrentes de software/ERP
TK-006702,Incidentes de seguridad,Incidentes de seguridad
TK-006703,Solicitudes rutinarias,Solicitudes rutinarias
TK-006704,Fallas de hardware,Fallas de hardware
TK-006705,Errores recurrentes de software/ERP,Errores recurrentes de software/ERP
TK-006706,Solicitudes rutinarias,Solicitudes rutinarias
TK-006707,Solicitudes rutinarias,Solicitudes rutinarias
TK-006708,Incidentes críticos de red,Errores recurrentes de software/ERP
TK-006709,Errores recurrentes de software/ERP,Errores recurrentes de software/ERP
TK-006710,Solicitudes rutinarias,Solicitudes rutinarias
TK-006711,Casos crónicos,Casos crónicos
TK-006712,Solicitudes rutinarias,Solicitudes rutinarias
TK-006713,Fallas de hardware,Fallas de hardware
TK-006714,Fallas de hardware,Fallas de hardware
TK-006715,Errores recurrentes de software/ERP,Errores recurrentes de software/ERP
TK-006716,Solicitudes rutinarias,Solicitudes rutinarias
TK-006717,Fallas de hardware,Fallas de hardware
TK-006718,Solicitudes rutinarias,Solicitudes rutinarias
TK-006719,Errores recurrentes de software/ERP,Errores recurrentes de software/ERP
TK-006720,Solicitudes rutinarias,Solicitudes rutinarias
TK-006721,Solicitudes rutinarias,Solicitudes rutinarias
TK-006722,Solicitudes rutinarias,Solicitudes rutinarias
TK-006723,Solicitudes rutinarias,Solicitudes rutinarias
TK-006724,Errores recurrentes de software/ERP,Errores recurrentes de software/ERP
TK-006725,Fallas de hardware,Fallas de hardware
TK-006726,Errores recurrentes de software/ERP,Errores recurrentes de software/ERP
TK-006727,Errores recurrentes de software/ERP,Errores recurrentes de software/ERP
TK-006728,Fallas de hardware,Solicitudes rutinarias
TK-006729,Solicitudes rutinarias,Solicitudes rutinarias
TK-006730,Errores recurrentes de software/ERP,Errores recurrentes de software/ERP
TK-006731,Solicitudes rutinarias,Solicitudes rutinarias
TK-006732,Errores recurrentes de software/ERP,Errores recurrentes de software/ERP
TK-006733,Errores recurrentes de software/ERP,Errores recurrentes de software/ERP
TK-006734,Fallas de hardware,Errores recurrentes de software/ERP
TK-006735,Errores recurrentes de software/ERP,Errores recurrentes de software/ERP
TK-006736,Fallas de hardware,Fallas de hardware
TK-006737,Fallas de hardware,Fallas de hardware
TK-006738,Fallas de hardware,Fallas de hardware
TK-006739,Solicitudes rutinarias,Solicitudes rutinarias
TK-006740,Incidentes de seguridad,Solicitudes rutinarias
TK-006741,Solicitudes rutinarias,Solicitudes rutinarias
TK-006742,Fallas de hardware,Fallas de hardware
TK-006743,Solicitudes rutinarias,Fallas de hardware
TK-006744,Fallas de hardware,Fallas de hardware
TK-006745,Fallas de hardware,Fallas de hardware
TK-006746,Fallas de hardware,Fallas de hardware
TK-006747,Solicitudes rutinarias,Solicitudes rutinarias
TK-006748,Solicitudes rutinarias,Solicitudes rutinarias
TK-006749,Solicitudes rutinarias,Solicitudes rutinarias
TK-006750,Solicitudes rutinarias,Solicitudes rutinarias
TK-006751,Solicitudes rutinarias,Solicitudes rutinarias
TK-006752,Solicitudes rutinarias,Solicitudes rutinarias
TK-006753,Incidentes de seguridad,Incidentes de seguridad
TK-006754,Incidentes críticos de red,Incidentes críticos de red
TK-006755,Fallas de hardware,Fallas de hardware
TK-006756,Solicitudes rutinarias,Errores recurrentes de software/ERP
TK-006757,Solicitudes rutinarias,Solicitudes rutinarias
TK-006758,Errores recurrentes de software/ERP,Errores recurrentes de software/ERP
TK-006759,Solicitudes rutinarias,Solicitudes rutinarias
TK-006760,Solicitudes rutinarias,Solicitudes rutinarias
TK-006761,Fallas de hardware,Fallas de hardware
TK-006762,Fallas de hardware,Solicitudes rutinarias
TK-006763,Fallas de hardware,Fallas de hardware
TK-006764,Solicitudes rutinarias,Solicitudes rutinarias
TK-006765,Errores recurrentes de software/ERP,Solicitudes rutinarias
TK-006766,Fallas de hardware,Fallas de hardware
TK-006767,Solicitudes rutinarias,Solicitudes rutinarias
TK-006768,Errores recurrentes de software/ERP,Errores recurrentes de software/ERP
TK-006769,Errores recurrentes de software/ERP,Errores recurrentes de software/ERP
TK-006770,Solicitudes rutinarias,Solicitudes rutinarias
TK-006771,Solicitudes rutinarias,Solicitudes rutinarias
TK-006772,Incidentes críticos de red,Incidentes críticos de red
TK-006773,Incidentes críticos de red,Incidentes críticos de red
TK-006774,Solicitudes rutinarias,Solicitudes rutinarias
TK-006775,Errores recurrentes de software/ERP,Errores recurrentes de software/ERP
TK-006776,Solicitudes rutinarias,Solicitudes rutinarias
TK-006777,Solicitudes rutinarias,Solicitudes rutinarias
TK-006778,Errores recurrentes de software/ERP,Errores recurrentes de software/ERP
TK-006779,Fallas de hardware,Errores recurrentes de software/ERP
TK-006780,Casos crónicos,Casos crónicos
TK-006781,Solicitudes rutinarias,Solicitudes rutinarias
TK-006782,Errores recurrentes de software/ERP,Errores recurrentes de software/ERP
TK-006783,Solicitudes rutinarias,Solicitudes rutinarias
TK-006784,Solicitudes rutinarias,Solicitudes rutinarias
TK-006785,Solicitudes rutinarias,Errores recurrentes de software/ERP
TK-006786,Errores recurrentes de software/ERP,Errores recurrentes de software/ERP
TK-006787,Errores recurrentes de software/ERP,Errores recurrentes de software/ERP
TK-006788,Incidentes críticos de red,Incidentes críticos de red
TK-006789,Fallas de hardware,Fallas de hardware
TK-006790,Solicitudes rutinarias,Solicitudes rutinarias
TK-006791,Solicitudes rutinarias,Solicitudes rutinarias
TK-006792,Solicitudes rutinarias,Solicitudes rutinarias
TK-006793,Fallas de hardware,Fallas de hardware
TK-006794,Fallas de hardware,Fallas de hardware
TK-006795,Casos crónicos,Casos crónicos
TK-006796,Solicitudes rutinarias,Solicitudes rutinarias
TK-006797,Solicitudes rutinarias,Solicitudes rutinarias
TK-006798,Solicitudes rutinarias,Solicitudes rutinarias
TK-006799,Solicitudes rutinarias,Solicitudes rutinarias
TK-006800,Solicitudes rutinarias,Solicitudes rutinarias
TK-006801,Solicitudes rutinarias,Solicitudes rutinarias
TK-006802,Fallas de hardware,Fallas de hardware
TK-006803,Incidentes críticos de red,Incidentes de seguridad
TK-006804,Solicitudes rutinarias,Solicitudes rutinarias
TK-006805,Fallas de hardware,Fallas de hardware
TK-006806,Solicitudes rutinarias,Solicitudes rutinarias
TK-006807,Errores recurrentes de software/ERP,Errores recurrentes de software/ERP
TK-006808,Incidentes de seguridad,Incidentes de seguridad
TK-006809,Solicitudes rutinarias,Solicitudes rutinarias
TK-006810,Errores recurrentes de software/ERP,Errores recurrentes de software/ERP
TK-006811,Fallas de hardware,Fallas de hardware
TK-006812,Solicitudes rutinarias,Fallas de hardware
TK-006813,Fallas de hardware,Fallas de hardware
TK-006814,Incidentes críticos de red,Incidentes críticos de red
TK-006815,Fallas de hardware,Fallas de hardware
TK-006816,Solicitudes rutinarias,Solicitudes rutinarias
TK-006817,Solicitudes rutinarias,Solicitudes rutinarias
TK-006818,Solicitudes rutinarias,Fallas de hardware
TK-006819,Solicitudes rutinarias,Solicitudes rutinarias
TK-006820,Incidentes críticos de red,Incidentes críticos de red
TK-006821,Errores recurrentes de software/ERP,Errores recurrentes de software/ERP
TK-006822,Errores recurrentes de software/ERP,Errores recurrentes de software/ERP
TK-006823,Errores recurrentes de software/ERP,Errores recurrentes de software/ERP
TK-006824,Solicitudes rutinarias,Solicitudes rutinarias
TK-006825,Solicitudes rutinarias,Solicitudes rutinarias
TK-006826,Errores recurrentes de software/ERP,Casos crónicos
TK-006827,Fallas de hardware,Fallas de hardware
TK-006828,Errores recurrentes de software/ERP,Errores recurrentes de software/ERP
TK-006829,Errores recurrentes de software/ERP,Errores recurrentes de software/ERP
TK-006830,Solicitudes rutinarias,Solicitudes rutinarias
TK-006831,Fallas de hardware,Fallas de hardware
TK-006832,Errores recurrentes de software/ERP,Errores recurrentes de software/ERP
TK-006833,Errores recurrentes de software/ERP,Errores recurrentes de software/ERP
TK-006834,Solicitudes rutinarias,Solicitudes rutinarias
TK-006835,Casos crónicos,Casos crónicos
TK-006836,Casos crónicos,Casos crónicos
TK-006837,Incidentes críticos de red,Incidentes críticos de red
TK-006838,Fallas de hardware,Fallas de hardware
TK-006839,Errores recurrentes de software/ERP,Errores recurrentes de software/ERP
TK-006840,Solicitudes rutinarias,Solicitudes rutinarias
TK-006841,Fallas de hardware,Fallas de hardware
TK-006842,Fallas de hardware,Fallas de hardware
TK-006843,Solicitudes rutinarias,Solicitudes rutinarias
TK-006844,Fallas de hardware,Fallas de hardware
TK-006845,Errores recurrentes de software/ERP,Errores recurrentes de software/ERP
TK-006846,Solicitudes rutinarias,Solicitudes rutinarias
TK-006847,Fallas de hardware,Fallas de hardware
TK-006848,Casos crónicos,Casos crónicos
TK-006849,Incidentes de seguridad,Incidentes de seguridad
TK-006850,Casos crónicos,Errores recurrentes de software/ERP
TK-006851,Solicitudes rutinarias,Solicitudes rutinarias
TK-006852,Incidentes de seguridad,Incidentes de seguridad
TK-006853,Fallas de hardware,Fallas de hardware
TK-006854,Solicitudes rutinarias,Solicitudes rutinarias
TK-006855,Casos crónicos,Casos crónicos
TK-006856,Incidentes de seguridad,Incidentes de seguridad
TK-006857,Incidentes de seguridad,Incidentes de seguridad
TK-006858,Solicitudes rutinarias,Solicitudes rutinarias
TK-006859,Solicitudes rutinarias,Solicitudes rutinarias
TK-006860,Solicitudes rutinarias,Solicitudes rutinarias
TK-006861,Solicitudes rutinarias,Solicitudes rutinarias
TK-006862,Casos crónicos,Casos crónicos
TK-006863,Solicitudes rutinarias,Solicitudes rutinarias
TK-006864,Incidentes críticos de red,Incidentes críticos de red
TK-006865,Solicitudes rutinarias,Solicitudes rutinarias
TK-006866,Fallas de hardware,Errores recurrentes de software/ERP
TK-006867,Errores recurrentes de software/ERP,Errores recurrentes de software/ERP
TK-006868,Casos crónicos,Casos crónicos
TK-006869,Solicitudes rutinarias,Solicitudes rutinarias
TK-006870,Solicitudes rutinarias,Solicitudes rutinarias
TK-006871,Solicitudes rutinarias,Solicitudes rutinarias
TK-006872,Errores recurrentes de software/ERP,Errores recurrentes de software/ERP
TK-006873,Fallas de hardware,Fallas de hardware
TK-006874,Fallas de hardware,Fallas de hardware
TK-006875,Solicitudes rutinarias,Errores recurrentes de software/ERP
TK-006876,Errores recurrentes de software/ERP,Errores recurrentes de software/ERP
TK-006877,Fallas de hardware,Errores recurrentes de software/ERP
TK-006878,Errores recurrentes de software/ERP,Casos crónicos
TK-006879,Fallas de hardware,Fallas de hardware
TK-006880,Solicitudes rutinarias,Solicitudes rutinarias
TK-006881,Fallas de hardware,Fallas de hardware
TK-006882,Solicitudes rutinarias,Solicitudes rutinarias
TK-006883,Fallas de hardware,Fallas de hardware
TK-006884,Solicitudes rutinarias,Solicitudes rutinarias
TK-006885,Fallas de hardware,Fallas de hardware
TK-006886,Solicitudes rutinarias,Solicitudes rutinarias
TK-006887,Errores recurrentes de software/ERP,Errores recurrentes de software/ERP
TK-006888,Errores recurrentes de software/ERP,Errores recurrentes de software/ERP
TK-006889,Incidentes de seguridad,Incidentes de seguridad
TK-006890,Solicitudes rutinarias,Solicitudes rutinarias
TK-006891,Solicitudes rutinarias,Solicitudes rutinarias
TK-006892,Errores recurrentes de software/ERP,Errores recurrentes de software/ERP
TK-006893,Errores recurrentes de software/ERP,Errores recurrentes de software/ERP
TK-006894,Solicitudes rutinarias,Solicitudes rutinarias
TK-006895,Solicitudes rutinarias,Solicitudes rutinarias
TK-006896,Solicitudes rutinarias,Fallas de hardware
TK-006897,Solicitudes rutinarias,Solicitudes rutinarias
TK-006898,Fallas de hardware,Fallas de hardware
TK-006899,Solicitudes rutinarias,Solicitudes rutinarias
TK-006900,Incidentes críticos de red,Incidentes críticos de red
TK-006901,Solicitudes rutinarias,Errores recurrentes de software/ERP
TK-006902,Errores recurrentes de software/ERP,Errores recurrentes de software/ERP
TK-006903,Solicitudes rutinarias,Solicitudes rutinarias
TK-006904,Fallas de hardware,Fallas de hardware
TK-006905,Solicitudes rutinarias,Solicitudes rutinarias
TK-006906,Solicitudes rutinarias,Solicitudes rutinarias
TK-006907,Solicitudes rutinarias,Solicitudes rutinarias
TK-006908,Solicitudes rutinarias,Solicitudes rutinarias
TK-006909,Casos crónicos,Casos crónicos
TK-006910,Errores recurrentes de software/ERP,Errores recurrentes de software/ERP
TK-006911,Solicitudes rutinarias,Solicitudes rutinarias
TK-006912,Solicitudes rutinarias,Solicitudes rutinarias
TK-006913,Incidentes críticos de red,Incidentes críticos de red
TK-006914,Solicitudes rutinarias,Solicitudes rutinarias
TK-006915,Solicitudes rutinarias,Solicitudes rutinarias
TK-006916,Solicitudes rutinarias,Solicitudes rutinarias
TK-006917,Incidentes críticos de red,Incidentes críticos de red
TK-006918,Solicitudes rutinarias,Solicitudes rutinarias
TK-006919,Solicitudes rutinarias,Solicitudes rutinarias
TK-006920,Incidentes de seguridad,Incidentes de seguridad
TK-006921,Solicitudes rutinarias,Solicitudes rutinarias
TK-006922,Casos crónicos,Casos crónicos
TK-006923,Solicitudes rutinarias,Fallas de hardware
TK-006924,Errores recurrentes de software/ERP,Errores recurrentes de software/ERP
TK-006925,Solicitudes rutinarias,Solicitudes rutinarias
TK-006926,Errores recurrentes de software/ERP,Errores recurrentes de software/ERP
TK-006927,Casos crónicos,Incidentes críticos de red
TK-006928,Incidentes de seguridad,Incidentes de seguridad
TK-006929,Fallas de hardware,Fallas de hardware
TK-006930,Solicitudes rutinarias,Solicitudes rutinarias
TK-006931,Fallas de hardware,Fallas de hardware
TK-006932,Errores recurrentes de software/ERP,Errores recurrentes de software/ERP
TK-006933,Solicitudes rutinarias,Solicitudes rutinarias
TK-006934,Fallas de hardware,Fallas de hardware
TK-006935,Solicitudes rutinarias,Solicitudes rutinarias
TK-006936,Fallas de hardware,Fallas de hardware
TK-006937,Solicitudes rutinarias,Solicitudes rutinarias
TK-006938,Casos crónicos,Incidentes críticos de red
TK-006939,Solicitudes rutinarias,Solicitudes rutinarias
TK-006940,Solicitudes rutinarias,Solicitudes rutinarias
TK-006941,Fallas de hardware,Fallas de hardware
TK-006942,Solicitudes rutinarias,Solicitudes rutinarias
TK-006943,Incidentes de seguridad,Incidentes de seguridad
TK-006944,Errores recurrentes de software/ERP,Errores recurrentes de software/ERP
TK-006945,Solicitudes rutinarias,Solicitudes rutinarias
TK-006946,Casos crónicos,Casos crónicos
TK-006947,Solicitudes rutinarias,Solicitudes rutinarias
TK-006948,Solicitudes rutinarias,Errores recurrentes de software/ERP
TK-006949,Incidentes críticos de red,Incidentes críticos de red
TK-006950,Solicitudes rutinarias,Solicitudes rutinarias
TK-006951,Solicitudes rutinarias,Solicitudes rutinarias
TK-006952,Incidentes de seguridad,Incidentes de seguridad
TK-006953,Solicitudes rutinarias,Fallas de hardware
TK-006954,Fallas de hardware,Fallas de hardware
TK-006955,Errores recurrentes de software/ERP,Errores recurrentes de software/ERP
TK-006956,Solicitudes rutinarias,Solicitudes rutinarias
TK-006957,Solicitudes rutinarias,Solicitudes rutinarias
TK-006958,Solicitudes rutinarias,Solicitudes rutinarias
TK-006959,Incidentes de seguridad,Incidentes de seguridad
TK-006960,Solicitudes rutinarias,Solicitudes rutinarias
TK-006961,Solicitudes rutinarias,Solicitudes rutinarias
TK-006962,Errores recurrentes de software/ERP,Errores recurrentes de software/ERP
TK-006963,Solicitudes rutinarias,Solicitudes rutinarias
TK-006964,Incidentes de seguridad,Incidentes de seguridad
TK-006965,Incidentes críticos de red,Errores recurrentes de software/ERP
TK-006966,Errores recurrentes de software/ERP,Errores recurrentes de software/ERP
TK-006967,Solicitudes rutinarias,Fallas de hardware
TK-006968,Casos crónicos,Casos crónicos
TK-006969,Solicitudes rutinarias,Solicitudes rutinarias
TK-006970,Solicitudes rutinarias,Solicitudes rutinarias
TK-006971,Fallas de hardware,Fallas de hardware
TK-006972,Solicitudes rutinarias,Solicitudes rutinarias
TK-006973,Incidentes de seguridad,Incidentes críticos de red
TK-006974,Fallas de hardware,Fallas de hardware
TK-006975,Solicitudes rutinarias,Solicitudes rutinarias
TK-006976,Solicitudes rutinarias,Fallas de hardware
TK-006977,Incidentes críticos de red,Incidentes críticos de red
TK-006978,Fallas de hardware,Fallas de hardware
TK-006979,Solicitudes rutinarias,Solicitudes rutinarias
TK-006980,Fallas de hardware,Fallas de hardware
TK-006981,Solicitudes rutinarias,Solicitudes rutinarias
TK-006982,Solicitudes rutinarias,Solicitudes rutinarias
TK-006983,Solicitudes rutinarias,Solicitudes rutinarias
TK-006984,Incidentes críticos de red,Incidentes críticos de red
TK-006985,Solicitudes rutinarias,Solicitudes rutinarias
TK-006986,Solicitudes rutinarias,Solicitudes rutinarias
TK-006987,Solicitudes rutinarias,Solicitudes rutinarias
TK-006988,Errores recurrentes de software/ERP,Errores recurrentes de software/ERP
TK-006989,Fallas de hardware,Errores recurrentes de software/ERP
TK-006990,Casos crónicos,Errores recurrentes de software/ERP
TK-006991,Incidentes críticos de red,Incidentes críticos de red
TK-006992,Fallas de hardware,Fallas de hardware
TK-006993,Solicitudes rutinarias,Solicitudes rutinarias
TK-006994,Errores recurrentes de software/ERP,Errores recurrentes de software/ERP
TK-006995,Solicitudes rutinarias,Solicitudes rutinarias
TK-006996,Incidentes de seguridad,Incidentes de seguridad
TK-006997,Solicitudes rutinarias,Solicitudes rutinarias
TK-006998,Incidentes críticos de red,Incidentes críticos de red
TK-006999,Solicitudes rutinarias,Errores recurrentes de software/ERP
TK-007000,Solicitudes rutinarias,Solicitudes rutinarias
TK-007001,Fallas de hardware,Fallas de hardware
TK-007002,Fallas de hardware,Fallas de hardware
TK-007003,Fallas de hardware,Fallas de hardware
TK-007004,Fallas de hardware,Fallas de hardware
TK-007005,Fallas de hardware,Fallas de hardware
TK-007006,Solicitudes rutinarias,Solicitudes rutinarias
TK-007007,Solicitudes rutinarias,Solicitudes rutinarias
TK-007008,Incidentes críticos de red,Incidentes críticos de red
TK-007009,Solicitudes rutinarias,Solicitudes rutinarias
TK-007010,Solicitudes rutinarias,Solicitudes rutinarias
TK-007011,Solicitudes rutinarias,Fallas de hardware
TK-007012,Errores recurrentes de software/ERP,Errores recurrentes de software/ERP
TK-007013,Solicitudes rutinarias,Errores recurrentes de software/ERP
TK-007014,Incidentes críticos de red,Incidentes críticos de red
TK-007015,Incidentes críticos de red,Incidentes críticos de red
TK-007016,Solicitudes rutinarias,Fallas de hardware
TK-007017,Incidentes de seguridad,Incidentes de seguridad
TK-007018,Solicitudes rutinarias,Fallas de hardware
TK-007019,Solicitudes rutinarias,Solicitudes rutinarias
TK-007020,Incidentes de seguridad,Solicitudes rutinarias
TK-007021,Solicitudes rutinarias,Fallas de hardware
TK-007022,Fallas de hardware,Fallas de hardware
TK-007023,Incidentes de seguridad,Incidentes de seguridad
TK-007024,Solicitudes rutinarias,Solicitudes rutinarias
TK-007025,Solicitudes rutinarias,Solicitudes rutinarias
TK-007026,Errores recurrentes de software/ERP,Errores recurrentes de software/ERP
TK-007027,Fallas de hardware,Fallas de hardware
TK-007028,Solicitudes rutinarias,Solicitudes rutinarias
TK-007029,Solicitudes rutinarias,Solicitudes rutinarias
TK-007030,Solicitudes rutinarias,Solicitudes rutinarias
TK-007031,Fallas de hardware,Fallas de hardware
TK-007032,Incidentes críticos de red,Incidentes críticos de red
TK-007033,Incidentes críticos de red,Incidentes críticos de red
TK-007034,Errores recurrentes de software/ERP,Errores recurrentes de software/ERP
TK-007035,Solicitudes rutinarias,Solicitudes rutinarias
TK-007036,Errores recurrentes de software/ERP,Errores recurrentes de software/ERP
TK-007037,Solicitudes rutinarias,Solicitudes rutinarias
TK-007038,Errores recurrentes de software/ERP,Errores recurrentes de software/ERP
TK-007039,Fallas de hardware,Fallas de hardware
TK-007040,Fallas de hardware,Fallas de hardware
TK-007041,Incidentes críticos de red,Incidentes críticos de red
TK-007042,Solicitudes rutinarias,Solicitudes rutinarias
TK-007043,Solicitudes rutinarias,Solicitudes rutinarias
TK-007044,Errores recurrentes de software/ERP,Errores recurrentes de software/ERP
TK-007045,Errores recurrentes de software/ERP,Errores recurrentes de software/ERP
TK-007046,Errores recurrentes de software/ERP,Errores recurrentes de software/ERP
TK-007047,Incidentes de seguridad,Incidentes de seguridad
TK-007048,Fallas de hardware,Fallas de hardware
TK-007049,Solicitudes rutinarias,Solicitudes rutinarias
TK-007050,Solicitudes rutinarias,Solicitudes rutinarias
TK-007051,Fallas de hardware,Fallas de hardware
TK-007052,Errores recurrentes de software/ERP,Errores recurrentes de software/ERP
TK-007053,Solicitudes rutinarias,Solicitudes rutinarias
TK-007054,Solicitudes rutinarias,Solicitudes rutinarias
TK-007055,Solicitudes rutinarias,Errores recurrentes de software/ERP
TK-007056,Solicitudes rutinarias,Solicitudes rutinarias
TK-007057,Errores recurrentes de software/ERP,Errores recurrentes de software/ERP
TK-007058,Errores recurrentes de software/ERP,Errores recurrentes de software/ERP
TK-007059,Errores recurrentes de software/ERP,Solicitudes rutinarias
TK-007060,Fallas de hardware,Errores recurrentes de software/ERP
TK-007061,Solicitudes rutinarias,Solicitudes rutinarias
TK-007062,Fallas de hardware,Fallas de hardware
TK-007063,Solicitudes rutinarias,Solicitudes rutinarias
TK-007064,Solicitudes rutinarias,Fallas de hardware
TK-007065,Errores recurrentes de software/ERP,Errores recurrentes de software/ERP
TK-007066,Solicitudes rutinarias,Solicitudes rutinarias
TK-007067,Solicitudes rutinarias,Solicitudes rutinarias
TK-007068,Fallas de hardware,Errores recurrentes de software/ERP
TK-007069,Errores recurrentes de software/ERP,Errores recurrentes de software/ERP
TK-007070,Incidentes críticos de red,Errores recurrentes de software/ERP
TK-007071,Fallas de hardware,Fallas de hardware
TK-007072,Fallas de hardware,Fallas de hardware
TK-007073,Fallas de hardware,Fallas de hardware
TK-007074,Solicitudes rutinarias,Solicitudes rutinarias
TK-007075,Solicitudes rutinarias,Solicitudes rutinarias
TK-007076,Solicitudes rutinarias,Solicitudes rutinarias
TK-007077,Incidentes de seguridad,Incidentes de seguridad
TK-007078,Errores recurrentes de software/ERP,Errores recurrentes de software/ERP
TK-007079,Errores recurrentes de software/ERP,Errores recurrentes de software/ERP
TK-007080,Incidentes de seguridad,Incidentes de seguridad
TK-007081,Errores recurrentes de software/ERP,Errores recurrentes de software/ERP
TK-007082,Solicitudes rutinarias,Solicitudes rutinarias
TK-007083,Solicitudes rutinarias,Solicitudes rutinarias
TK-007084,Errores recurrentes de software/ERP,Errores recurrentes de software/ERP
TK-007085,Fallas de hardware,Fallas de hardware
TK-007086,Solicitudes rutinarias,Fallas de hardware
TK-007087,Solicitudes rutinarias,Solicitudes rutinarias
TK-007088,Errores recurrentes de software/ERP,Errores recurrentes de software/ERP
TK-007089,Solicitudes rutinarias,Solicitudes rutinarias
TK-007090,Errores recurrentes de software/ERP,Errores recurrentes de software/ERP
TK-007091,Errores recurrentes de software/ERP,Errores recurrentes de software/ERP
TK-007092,Errores recurrentes de software/ERP,Errores recurrentes de software/ERP
TK-007093,Solicitudes rutinarias,Solicitudes rutinarias
TK-007094,Solicitudes rutinarias,Solicitudes rutinarias
TK-007095,Incidentes de seguridad,Incidentes de seguridad
TK-007096,Fallas de hardware,Fallas de hardware
TK-007097,Solicitudes rutinarias,Solicitudes rutinarias
TK-007098,Solicitudes rutinarias,Solicitudes rutinarias
TK-007099,Solicitudes rutinarias,Solicitudes rutinarias
TK-007100,Errores recurrentes de software/ERP,Errores recurrentes de software/ERP
TK-007101,Errores recurrentes de software/ERP,Errores recurrentes de software/ERP
TK-007102,Solicitudes rutinarias,Solicitudes rutinarias
TK-007103,Solicitudes rutinarias,Solicitudes rutinarias
TK-007104,Errores recurrentes de software/ERP,Errores recurrentes de software/ERP
TK-007105,Fallas de hardware,Solicitudes rutinarias
TK-007106,Solicitudes rutinarias,Solicitudes rutinarias
TK-007107,Solicitudes rutinarias,Solicitudes rutinarias
TK-007108,Errores recurrentes de software/ERP,Errores recurrentes de software/ERP
TK-007109,Fallas de hardware,Fallas de hardware
TK-007110,Solicitudes rutinarias,Solicitudes rutinarias
TK-007111,Fallas de hardware,Errores recurrentes de software/ERP
TK-007112,Solicitudes rutinarias,Solicitudes rutinarias
TK-007113,Solicitudes rutinarias,Solicitudes rutinarias
TK-007114,Errores recurrentes de software/ERP,Errores recurrentes de software/ERP
TK-007115,Solicitudes rutinarias,Solicitudes rutinarias
TK-007116,Errores recurrentes de software/ERP,Errores recurrentes de software/ERP
TK-007117,Solicitudes rutinarias,Solicitudes rutinarias
TK-007118,Incidentes de seguridad,Incidentes de seguridad
TK-007119,Solicitudes rutinarias,Solicitudes rutinarias
TK-007120,Solicitudes rutinarias,Solicitudes rutinarias
TK-007121,Solicitudes rutinarias,Solicitudes rutinarias
TK-007122,Solicitudes rutinarias,Solicitudes rutinarias
TK-007123,Solicitudes rutinarias,Solicitudes rutinarias
TK-007124,Fallas de hardware,Fallas de hardware
TK-007125,Solicitudes rutinarias,Solicitudes rutinarias
TK-007126,Incidentes de seguridad,Incidentes de seguridad
TK-007127,Fallas de hardware,Solicitudes rutinarias
TK-007128,Fallas de hardware,Fallas de hardware
TK-007129,Solicitudes rutinarias,Solicitudes rutinarias
TK-007130,Fallas de hardware,Solicitudes rutinarias
TK-007131,Errores recurrentes de software/ERP,Casos crónicos
TK-007132,Errores recurrentes de software/ERP,Errores recurrentes de software/ERP
TK-007133,Solicitudes rutinarias,Solicitudes rutinarias
TK-007134,Solicitudes rutinarias,Solicitudes rutinarias
TK-007135,Solicitudes rutinarias,Solicitudes rutinarias
TK-007136,Solicitudes rutinarias,Solicitudes rutinarias
TK-007137,Solicitudes rutinarias,Solicitudes rutinarias
TK-007138,Errores recurrentes de software/ERP,Errores recurrentes de software/ERP
TK-007139,Solicitudes rutinarias,Solicitudes rutinarias
TK-007140,Errores recurrentes de software/ERP,Errores recurrentes de software/ERP
TK-007141,Solicitudes rutinarias,Solicitudes rutinarias
TK-007142,Solicitudes rutinarias,Solicitudes rutinarias
TK-007143,Solicitudes rutinarias,Solicitudes rutinarias
TK-007144,Incidentes críticos de red,Incidentes críticos de red
TK-007145,Solicitudes rutinarias,Solicitudes rutinarias
TK-007146,Casos crónicos,Casos crónicos
TK-007147,Solicitudes rutinarias,Solicitudes rutinarias
TK-007148,Solicitudes rutinarias,Errores recurrentes de software/ERP
TK-007149,Solicitudes rutinarias,Solicitudes rutinarias
TK-007150,Errores recurrentes de software/ERP,Errores recurrentes de software/ERP
TK-007151,Solicitudes rutinarias,Solicitudes rutinarias
TK-007152,Solicitudes rutinarias,Solicitudes rutinarias
TK-007153,Fallas de hardware,Fallas de hardware
TK-007154,Solicitudes rutinarias,Solicitudes rutinarias
TK-007155,Fallas de hardware,Fallas de hardware
TK-007156,Errores recurrentes de software/ERP,Errores recurrentes de software/ERP
TK-007157,Errores recurrentes de software/ERP,Errores recurrentes de software/ERP
TK-007158,Solicitudes rutinarias,Solicitudes rutinarias
TK-007159,Fallas de hardware,Fallas de hardware
TK-007160,Errores recurrentes de software/ERP,Errores recurrentes de software/ERP
TK-007161,Incidentes de seguridad,Incidentes de seguridad
TK-007162,Solicitudes rutinarias,Solicitudes rutinarias
TK-007163,Fallas de hardware,Fallas de hardware
TK-007164,Fallas de hardware,Fallas de hardware
TK-007165,Errores recurrentes de software/ERP,Errores recurrentes de software/ERP
TK-007166,Solicitudes rutinarias,Solicitudes rutinarias
TK-007167,Solicitudes rutinarias,Solicitudes rutinarias
TK-007168,Solicitudes rutinarias,Solicitudes rutinarias
TK-007169,Solicitudes rutinarias,Solicitudes rutinarias
TK-007170,Solicitudes rutinarias,Solicitudes rutinarias
TK-007171,Solicitudes rutinarias,Solicitudes rutinarias
TK-007172,Solicitudes rutinarias,Solicitudes rutinarias
TK-007173,Errores recurrentes de software/ERP,Errores recurrentes de software/ERP
TK-007174,Incidentes de seguridad,Incidentes de seguridad
TK-007175,Errores recurrentes de software/ERP,Errores recurrentes de software/ERP
TK-007176,Fallas de hardware,Fallas de hardware
TK-007177,Errores recurrentes de software/ERP,Errores recurrentes de software/ERP
TK-007178,Fallas de hardware,Errores recurrentes de software/ERP
TK-007179,Solicitudes rutinarias,Solicitudes rutinarias
TK-007180,Fallas de hardware,Fallas de hardware
TK-007181,Incidentes de seguridad,Incidentes de seguridad
TK-007182,Fallas de hardware,Fallas de hardware
TK-007183,Fallas de hardware,Fallas de hardware
TK-007184,Fallas de hardware,Fallas de hardware
TK-007185,Solicitudes rutinarias,Solicitudes rutinarias
TK-007186,Solicitudes rutinarias,Solicitudes rutinarias
TK-007187,Solicitudes rutinarias,Solicitudes rutinarias
TK-007188,Errores recurrentes de software/ERP,Errores recurrentes de software/ERP
TK-007189,Errores recurrentes de software/ERP,Errores recurrentes de software/ERP
TK-007190,Errores recurrentes de software/ERP,Errores recurrentes de software/ERP
TK-007191,Solicitudes rutinarias,Solicitudes rutinarias
TK-007192,Errores recurrentes de software/ERP,Errores recurrentes de software/ERP
TK-007193,Fallas de hardware,Fallas de hardware
TK-007194,Solicitudes rutinarias,Fallas de hardware
TK-007195,Errores recurrentes de software/ERP,Errores recurrentes de software/ERP
TK-007196,Fallas de hardware,Fallas de hardware
TK-007197,Solicitudes rutinarias,Solicitudes rutinarias
TK-007198,Solicitudes rutinarias,Solicitudes rutinarias
TK-007199,Fallas de hardware,Fallas de hardware
TK-007200,Fallas de hardware,Errores recurrentes de software/ERP
TK-007201,Solicitudes rutinarias,Solicitudes rutinarias
TK-007202,Incidentes de seguridad,Incidentes de seguridad
TK-007203,Solicitudes rutinarias,Solicitudes rutinarias
TK-007204,Errores recurrentes de software/ERP,Errores recurrentes de software/ERP
TK-007205,Solicitudes rutinarias,Solicitudes rutinarias
TK-007206,Incidentes de seguridad,Incidentes de seguridad
TK-007207,Fallas de hardware,Fallas de hardware
TK-007208,Solicitudes rutinarias,Solicitudes rutinarias
TK-007209,Solicitudes rutinarias,Solicitudes rutinarias
TK-007210,Errores recurrentes de software/ERP,Errores recurrentes de software/ERP
TK-007211,Solicitudes rutinarias,Solicitudes rutinarias
TK-007212,Incidentes críticos de red,Errores recurrentes de software/ERP
TK-007213,Solicitudes rutinarias,Errores recurrentes de software/ERP
TK-007214,Fallas de hardware,Fallas de hardware
TK-007215,Solicitudes rutinarias,Solicitudes rutinarias
TK-007216,Incidentes de seguridad,Incidentes de seguridad
TK-007217,Solicitudes rutinarias,Solicitudes rutinarias
TK-007218,Errores recurrentes de software/ERP,Errores recurrentes de software/ERP
TK-007219,Fallas de hardware,Fallas de hardware
TK-007220,Solicitudes rutinarias,Errores recurrentes de software/ERP
TK-007221,Incidentes de seguridad,Incidentes de seguridad
TK-007222,Errores recurrentes de software/ERP,Errores recurrentes de software/ERP
TK-007223,Solicitudes rutinarias,Solicitudes rutinarias
TK-007224,Incidentes de seguridad,Incidentes de seguridad
TK-007225,Solicitudes rutinarias,Solicitudes rutinarias
TK-007226,Solicitudes rutinarias,Solicitudes rutinarias
TK-007227,Errores recurrentes de software/ERP,Errores recurrentes de software/ERP
TK-007228,Fallas de hardware,Errores recurrentes de software/ERP
TK-007229,Solicitudes rutinarias,Solicitudes rutinarias
TK-007230,Incidentes de seguridad,Incidentes de seguridad
TK-007231,Solicitudes rutinarias,Solicitudes rutinarias
TK-007232,Solicitudes rutinarias,Errores recurrentes de software/ERP
TK-007233,Incidentes de seguridad,Incidentes de seguridad
TK-007234,Solicitudes rutinarias,Solicitudes rutinarias
TK-007235,Solicitudes rutinarias,Solicitudes rutinarias
TK-007236,Incidentes críticos de red,Incidentes críticos de red
TK-007237,Solicitudes rutinarias,Solicitudes rutinarias
TK-007238,Solicitudes rutinarias,Fallas de hardware
TK-007239,Solicitudes rutinarias,Solicitudes rutinarias
TK-007240,Errores recurrentes de software/ERP,Errores recurrentes de software/ERP
TK-007241,Solicitudes rutinarias,Solicitudes rutinarias
TK-007242,Solicitudes rutinarias,Errores recurrentes de software/ERP
TK-007243,Fallas de hardware,Fallas de hardware
TK-007244,Incidentes críticos de red,Incidentes críticos de red
TK-007245,Solicitudes rutinarias,Solicitudes rutinarias
TK-007246,Solicitudes rutinarias,Solicitudes rutinarias
TK-007247,Casos crónicos,Incidentes críticos de red
TK-007248,Errores recurrentes de software/ERP,Casos crónicos
TK-007249,Errores recurrentes de software/ERP,Errores recurrentes de software/ERP
TK-007250,Incidentes de seguridad,Solicitudes rutinarias
TK-007251,Errores recurrentes de software/ERP,Errores recurrentes de software/ERP
TK-007252,Solicitudes rutinarias,Solicitudes rutinarias
TK-007253,Solicitudes rutinarias,Solicitudes rutinarias
TK-007254,Fallas de hardware,Fallas de hardware
TK-007255,Solicitudes rutinarias,Solicitudes rutinarias
TK-007256,Errores recurrentes de software/ERP,Errores recurrentes de software/ERP
TK-007257,Fallas de hardware,Fallas de hardware
TK-007258,Incidentes críticos de red,Incidentes críticos de red
TK-007259,Errores recurrentes de software/ERP,Errores recurrentes de software/ERP
TK-007260,Solicitudes rutinarias,Solicitudes rutinarias
TK-007261,Solicitudes rutinarias,Solicitudes rutinarias
TK-007262,Solicitudes rutinarias,Solicitudes rutinarias
TK-007263,Solicitudes rutinarias,Solicitudes rutinarias
TK-007264,Solicitudes rutinarias,Solicitudes rutinarias
TK-007265,Casos crónicos,Casos crónicos
TK-007266,Solicitudes rutinarias,Solicitudes rutinarias
TK-007267,Errores recurrentes de software/ERP,Errores recurrentes de software/ERP
TK-007268,Fallas de hardware,Fallas de hardware
TK-007269,Solicitudes rutinarias,Solicitudes rutinarias
TK-007270,Solicitudes rutinarias,Solicitudes rutinarias
TK-007271,Solicitudes rutinarias,Solicitudes rutinarias
TK-007272,Incidentes de seguridad,Incidentes críticos de red
TK-007273,Errores recurrentes de software/ERP,Errores recurrentes de software/ERP
TK-007274,Fallas de hardware,Fallas de hardware
TK-007275,Solicitudes rutinarias,Solicitudes rutinarias
TK-007276,Incidentes críticos de red,Errores recurrentes de software/ERP
TK-007277,Fallas de hardware,Fallas de hardware
TK-007278,Solicitudes rutinarias,Solicitudes rutinarias
TK-007279,Solicitudes rutinarias,Solicitudes rutinarias
TK-007280,Solicitudes rutinarias,Solicitudes rutinarias
TK-007281,Errores recurrentes de software/ERP,Errores recurrentes de software/ERP
TK-007282,Fallas de hardware,Fallas de hardware
TK-007283,Incidentes de seguridad,Incidentes de seguridad
TK-007284,Errores recurrentes de software/ERP,Errores recurrentes de software/ERP
TK-007285,Fallas de hardware,Fallas de hardware
TK-007286,Incidentes de seguridad,Incidentes de seguridad
TK-007287,Errores recurrentes de software/ERP,Errores recurrentes de software/ERP
TK-007288,Solicitudes rutinarias,Solicitudes rutinarias
TK-007289,Solicitudes rutinarias,Solicitudes rutinarias
TK-007290,Solicitudes rutinarias,Solicitudes rutinarias
TK-007291,Solicitudes rutinarias,Solicitudes rutinarias
TK-007292,Solicitudes rutinarias,Solicitudes rutinarias
TK-007293,Casos crónicos,Casos crónicos
TK-007294,Solicitudes rutinarias,Solicitudes rutinarias
TK-007295,Solicitudes rutinarias,Solicitudes rutinarias
TK-007296,Solicitudes rutinarias,Solicitudes rutinarias
TK-007297,Incidentes de seguridad,Incidentes de seguridad
TK-007298,Incidentes de seguridad,Incidentes de seguridad
TK-007299,Incidentes de seguridad,Incidentes de seguridad
TK-007300,Fallas de hardware,Fallas de hardware
TK-007301,Solicitudes rutinarias,Solicitudes rutinarias
TK-007302,Solicitudes rutinarias,Solicitudes rutinarias
TK-007303,Fallas de hardware,Fallas de hardware
TK-007304,Incidentes de seguridad,Incidentes de seguridad
TK-007305,Incidentes de seguridad,Incidentes de seguridad
TK-007306,Incidentes de seguridad,Incidentes de seguridad
TK-007307,Solicitudes rutinarias,Solicitudes rutinarias
TK-007308,Errores recurrentes de software/ERP,Errores recurrentes de software/ERP
TK-007309,Errores recurrentes de software/ERP,Errores recurrentes de software/ERP
TK-007310,Solicitudes rutinarias,Solicitudes rutinarias
TK-007311,Solicitudes rutinarias,Solicitudes rutinarias
TK-007312,Incidentes de seguridad,Solicitudes rutinarias
TK-007313,Solicitudes rutinarias,Solicitudes rutinarias
TK-007314,Solicitudes rutinarias,Solicitudes rutinarias
TK-007315,Incidentes críticos de red,Incidentes de seguridad
TK-007316,Solicitudes rutinarias,Solicitudes rutinarias
TK-007317,Incidentes críticos de red,Incidentes de seguridad
TK-007318,Solicitudes rutinarias,Solicitudes rutinarias
TK-007319,Errores recurrentes de software/ERP,Casos crónicos
TK-007320,Solicitudes rutinarias,Solicitudes rutinarias
TK-007321,Solicitudes rutinarias,Solicitudes rutinarias
TK-007322,Incidentes de seguridad,Incidentes de seguridad
TK-007323,Solicitudes rutinarias,Solicitudes rutinarias
TK-007324,Fallas de hardware,Fallas de hardware
TK-007325,Fallas de hardware,Solicitudes rutinarias
TK-007326,Incidentes de seguridad,Solicitudes rutinarias
TK-007327,Solicitudes rutinarias,Solicitudes rutinarias
TK-007328,Incidentes críticos de red,Incidentes críticos de red
TK-007329,Solicitudes rutinarias,Solicitudes rutinarias
TK-007330,Casos crónicos,Casos crónicos
TK-007331,Fallas de hardware,Fallas de hardware
TK-007332,Solicitudes rutinarias,Solicitudes rutinarias
TK-007333,Fallas de hardware,Fallas de hardware
TK-007334,Solicitudes rutinarias,Solicitudes rutinarias
TK-007335,Incidentes de seguridad,Incidentes críticos de red
TK-007336,Errores recurrentes de software/ERP,Errores recurrentes de software/ERP
TK-007337,Solicitudes rutinarias,Solicitudes rutinarias
TK-007338,Fallas de hardware,Fallas de hardware
TK-007339,Fallas de hardware,Fallas de hardware
TK-007340,Solicitudes rutinarias,Solicitudes rutinarias
TK-007341,Incidentes de seguridad,Incidentes de seguridad
TK-007342,Fallas de hardware,Fallas de hardware
TK-007343,Solicitudes rutinarias,Solicitudes rutinarias
TK-007344,Solicitudes rutinarias,Solicitudes rutinarias
TK-007345,Solicitudes rutinarias,Solicitudes rutinarias
TK-007346,Fallas de hardware,Fallas de hardware
TK-007347,Solicitudes rutinarias,Solicitudes rutinarias
TK-007348,Solicitudes rutinarias,Solicitudes rutinarias
TK-007349,Incidentes de seguridad,Incidentes de seguridad
TK-007350,Incidentes críticos de red,Incidentes críticos de red
TK-007351,Solicitudes rutinarias,Solicitudes rutinarias
TK-007352,Solicitudes rutinarias,Solicitudes rutinarias
TK-007353,Fallas de hardware,Fallas de hardware
TK-007354,Errores recurrentes de software/ERP,Errores recurrentes de software/ERP
TK-007355,Incidentes de seguridad,Incidentes críticos de red
TK-007356,Solicitudes rutinarias,Solicitudes rutinarias
TK-007357,Solicitudes rutinarias,Solicitudes rutinarias
TK-007358,Incidentes críticos de red,Incidentes críticos de red
TK-007359,Solicitudes rutinarias,Fallas de hardware
TK-007360,Incidentes críticos de red,Incidentes críticos de red
TK-007361,Errores recurrentes de software/ERP,Errores recurrentes de software/ERP
TK-007362,Fallas de hardware,Fallas de hardware
TK-007363,Solicitudes rutinarias,Solicitudes rutinarias
TK-007364,Solicitudes rutinarias,Solicitudes rutinarias
TK-007365,Solicitudes rutinarias,Solicitudes rutinarias
TK-007366,Errores recurrentes de software/ERP,Errores recurrentes de software/ERP
TK-007367,Solicitudes rutinarias,Solicitudes rutinarias
TK-007368,Errores recurrentes de software/ERP,Errores recurrentes de software/ERP
TK-007369,Fallas de hardware,Fallas de hardware
TK-007370,Casos crónicos,Casos crónicos
TK-007371,Solicitudes rutinarias,Solicitudes rutinarias
TK-007372,Solicitudes rutinarias,Solicitudes rutinarias
TK-007373,Casos crónicos,Casos crónicos
TK-007374,Errores recurrentes de software/ERP,Casos crónicos
TK-007375,Solicitudes rutinarias,Solicitudes rutinarias
TK-007376,Errores recurrentes de software/ERP,Solicitudes rutinarias
TK-007377,Solicitudes rutinarias,Fallas de hardware
TK-007378,Fallas de hardware,Solicitudes rutinarias
TK-007379,Solicitudes rutinarias,Solicitudes rutinarias
TK-007380,Solicitudes rutinarias,Errores recurrentes de software/ERP
TK-007381,Fallas de hardware,Fallas de hardware
TK-007382,Solicitudes rutinarias,Solicitudes rutinarias
TK-007383,Incidentes de seguridad,Incidentes de seguridad
TK-007384,Solicitudes rutinarias,Solicitudes rutinarias
TK-007385,Fallas de hardware,Fallas de hardware
TK-007386,Solicitudes rutinarias,Errores recurrentes de software/ERP
TK-007387,Casos crónicos,Casos crónicos
TK-007388,Solicitudes rutinarias,Solicitudes rutinarias
TK-007389,Solicitudes rutinarias,Solicitudes rutinarias
TK-007390,Solicitudes rutinarias,Fallas de hardware
TK-007391,Errores recurrentes de software/ERP,Casos crónicos
TK-007392,Solicitudes rutinarias,Solicitudes rutinarias
TK-007393,Solicitudes rutinarias,Solicitudes rutinarias
TK-007394,Incidentes de seguridad,Incidentes críticos de red
TK-007395,Fallas de hardware,Solicitudes rutinarias
TK-007396,Solicitudes rutinarias,Solicitudes rutinarias
TK-007397,Solicitudes rutinarias,Solicitudes rutinarias
TK-007398,Errores recurrentes de software/ERP,Errores recurrentes de software/ERP
TK-007399,Solicitudes rutinarias,Fallas de hardware
TK-007400,Solicitudes rutinarias,Solicitudes rutinarias
TK-007401,Fallas de hardware,Fallas de hardware
TK-007402,Solicitudes rutinarias,Solicitudes rutinarias
TK-007403,Solicitudes rutinarias,Solicitudes rutinarias
TK-007404,Incidentes críticos de red,Incidentes críticos de red
TK-007405,Fallas de hardware,Fallas de hardware
TK-007406,Fallas de hardware,Solicitudes rutinarias
TK-007407,Errores recurrentes de software/ERP,Errores recurrentes de software/ERP
TK-007408,Solicitudes rutinarias,Solicitudes rutinarias
TK-007409,Errores recurrentes de software/ERP,Errores recurrentes de software/ERP
TK-007410,Errores recurrentes de software/ERP,Errores recurrentes de software/ERP
TK-007411,Incidentes críticos de red,Incidentes críticos de red
TK-007412,Solicitudes rutinarias,Solicitudes rutinarias
TK-007413,Errores recurrentes de software/ERP,Errores recurrentes de software/ERP
TK-007414,Solicitudes rutinarias,Fallas de hardware
TK-007415,Incidentes de seguridad,Incidentes de seguridad
TK-007416,Fallas de hardware,Fallas de hardware
TK-007417,Incidentes críticos de red,Incidentes críticos de red
TK-007418,Fallas de hardware,Errores recurrentes de software/ERP
TK-007419,Fallas de hardware,Fallas de hardware
TK-007420,Errores recurrentes de software/ERP,Casos crónicos
TK-007421,Solicitudes rutinarias,Solicitudes rutinarias
TK-007422,Solicitudes rutinarias,Solicitudes rutinarias
TK-007423,Fallas de hardware,Fallas de hardware
TK-007424,Solicitudes rutinarias,Solicitudes rutinarias
TK-007425,Solicitudes rutinarias,Solicitudes rutinarias
TK-007426,Errores recurrentes de software/ERP,Casos crónicos
TK-007427,Errores recurrentes de software/ERP,Errores recurrentes de software/ERP
TK-007428,Solicitudes rutinarias,Solicitudes rutinarias
TK-007429,Fallas de hardware,Fallas de hardware
TK-007430,Solicitudes rutinarias,Solicitudes rutinarias
TK-007431,Solicitudes rutinarias,Solicitudes rutinarias
TK-007432,Solicitudes rutinarias,Solicitudes rutinarias
TK-007433,Solicitudes rutinarias,Solicitudes rutinarias
TK-007434,Fallas de hardware,Fallas de hardware
TK-007435,Fallas de hardware,Fallas de hardware
TK-007436,Solicitudes rutinarias,Solicitudes rutinarias
TK-007437,Solicitudes rutinarias,Solicitudes rutinarias
TK-007438,Errores recurrentes de software/ERP,Errores recurrentes de software/ERP
TK-007439,Fallas de hardware,Fallas de hardware
TK-007440,Solicitudes rutinarias,Solicitudes rutinarias
TK-007441,Fallas de hardware,Fallas de hardware
TK-007442,Errores recurrentes de software/ERP,Errores recurrentes de software/ERP
TK-007443,Incidentes de seguridad,Incidentes de seguridad
TK-007444,Solicitudes rutinarias,Solicitudes rutinarias
TK-007445,Solicitudes rutinarias,Solicitudes rutinarias
TK-007446,Solicitudes rutinarias,Solicitudes rutinarias
TK-007447,Fallas de hardware,Fallas de hardware
TK-007448,Solicitudes rutinarias,Solicitudes rutinarias
TK-007449,Solicitudes rutinarias,Errores recurrentes de software/ERP
TK-007450,Solicitudes rutinarias,Solicitudes rutinarias
TK-007451,Solicitudes rutinarias,Solicitudes rutinarias
TK-007452,Solicitudes rutinarias,Solicitudes rutinarias
TK-007453,Errores recurrentes de software/ERP,Errores recurrentes de software/ERP
TK-007454,Solicitudes rutinarias,Solicitudes rutinarias
TK-007455,Incidentes críticos de red,Incidentes críticos de red
TK-007456,Incidentes de seguridad,Incidentes de seguridad
TK-007457,Incidentes críticos de red,Incidentes críticos de red
TK-007458,Errores recurrentes de software/ERP,Errores recurrentes de software/ERP
TK-007459,Errores recurrentes de software/ERP,Solicitudes rutinarias
TK-007460,Solicitudes rutinarias,Solicitudes rutinarias
TK-007461,Fallas de hardware,Errores recurrentes de software/ERP
TK-007462,Fallas de hardware,Fallas de hardware
TK-007463,Incidentes de seguridad,Incidentes de seguridad
TK-007464,Solicitudes rutinarias,Solicitudes rutinarias
TK-007465,Fallas de hardware,Fallas de hardware
TK-007466,Solicitudes rutinarias,Solicitudes rutinarias
TK-007467,Solicitudes rutinarias,Solicitudes rutinarias
TK-007468,Fallas de hardware,Fallas de hardware
TK-007469,Solicitudes rutinarias,Solicitudes rutinarias
TK-007470,Errores recurrentes de software/ERP,Errores recurrentes de software/ERP
TK-007471,Errores recurrentes de software/ERP,Errores recurrentes de software/ERP
TK-007472,Solicitudes rutinarias,Solicitudes rutinarias
TK-007473,Solicitudes rutinarias,Solicitudes rutinarias
TK-007474,Fallas de hardware,Fallas de hardware
TK-007475,Solicitudes rutinarias,Solicitudes rutinarias
TK-007476,Solicitudes rutinarias,Solicitudes rutinarias
TK-007477,Solicitudes rutinarias,Solicitudes rutinarias
TK-007478,Fallas de hardware,Fallas de hardware
TK-007479,Solicitudes rutinarias,Solicitudes rutinarias
TK-007480,Fallas de hardware,Solicitudes rutinarias
TK-007481,Solicitudes rutinarias,Solicitudes rutinarias
TK-007482,Incidentes críticos de red,Incidentes críticos de red
TK-007483,Solicitudes rutinarias,Solicitudes rutinarias
TK-007484,Solicitudes rutinarias,Solicitudes rutinarias
TK-007485,Incidentes críticos de red,Incidentes críticos de red
TK-007486,Incidentes de seguridad,Incidentes de seguridad
TK-007487,Errores recurrentes de software/ERP,Errores recurrentes de software/ERP
TK-007488,Solicitudes rutinarias,Solicitudes rutinarias
TK-007489,Fallas de hardware,Errores recurrentes de software/ERP
TK-007490,Fallas de hardware,Fallas de hardware
TK-007491,Fallas de hardware,Fallas de hardware
TK-007492,Solicitudes rutinarias,Solicitudes rutinarias
TK-007493,Solicitudes rutinarias,Fallas de hardware
TK-007494,Incidentes críticos de red,Incidentes críticos de red
TK-007495,Solicitudes rutinarias,Solicitudes rutinarias
TK-007496,Incidentes críticos de red,Incidentes críticos de red
TK-007497,Incidentes críticos de red,Incidentes críticos de red
TK-007498,Fallas de hardware,Fallas de hardware
TK-007499,Solicitudes rutinarias,Solicitudes rutinarias
TK-007500,Solicitudes rutinarias,Solicitudes rutinarias
TK-007501,Incidentes de seguridad,Incidentes de seguridad
TK-007502,Incidentes de seguridad,Incidentes de seguridad
TK-007503,Fallas de hardware,Fallas de hardware
TK-007504,Casos crónicos,Casos crónicos
TK-007505,Incidentes críticos de red,Incidentes de seguridad
TK-007506,Errores recurrentes de software/ERP,Errores recurrentes de software/ERP
TK-007507,Solicitudes rutinarias,Fallas de hardware
TK-007508,Solicitudes rutinarias,Solicitudes rutinarias
TK-007509,Errores recurrentes de software/ERP,Errores recurrentes de software/ERP
TK-007510,Solicitudes rutinarias,Solicitudes rutinarias
TK-007511,Incidentes de seguridad,Incidentes de seguridad
TK-007512,Solicitudes rutinarias,Solicitudes rutinarias
TK-007513,Incidentes de seguridad,Incidentes de seguridad
TK-007514,Solicitudes rutinarias,Errores recurrentes de software/ERP
TK-007515,Fallas de hardware,Fallas de hardware
TK-007516,Errores recurrentes de software/ERP,Errores recurrentes de software/ERP
TK-007517,Incidentes de seguridad,Incidentes de seguridad
TK-007518,Incidentes de seguridad,Incidentes de seguridad
TK-007519,Errores recurrentes de software/ERP,Errores recurrentes de software/ERP
TK-007520,Solicitudes rutinarias,Solicitudes rutinarias
TK-007521,Solicitudes rutinarias,Solicitudes rutinarias
TK-007522,Fallas de hardware,Fallas de hardware
TK-007523,Fallas de hardware,Fallas de hardware
TK-007524,Solicitudes rutinarias,Solicitudes rutinarias
TK-007525,Errores recurrentes de software/ERP,Errores recurrentes de software/ERP
TK-007526,Solicitudes rutinarias,Fallas de hardware
TK-007527,Solicitudes rutinarias,Fallas de hardware
TK-007528,Solicitudes rutinarias,Solicitudes rutinarias
TK-007529,Fallas de hardware,Fallas de hardware
TK-007530,Errores recurrentes de software/ERP,Errores recurrentes de software/ERP
TK-007531,Solicitudes rutinarias,Solicitudes rutinarias
TK-007532,Solicitudes rutinarias,Solicitudes rutinarias
TK-007533,Solicitudes rutinarias,Solicitudes rutinarias
TK-007534,Solicitudes rutinarias,Solicitudes rutinarias
TK-007535,Incidentes de seguridad,Incidentes de seguridad
TK-007536,Fallas de hardware,Solicitudes rutinarias
TK-007537,Solicitudes rutinarias,Solicitudes rutinarias
TK-007538,Incidentes de seguridad,Incidentes de seguridad
TK-007539,Solicitudes rutinarias,Solicitudes rutinarias
TK-007540,Errores recurrentes de software/ERP,Errores recurrentes de software/ERP
TK-007541,Solicitudes rutinarias,Solicitudes rutinarias
TK-007542,Solicitudes rutinarias,Solicitudes rutinarias
TK-007543,Solicitudes rutinarias,Solicitudes rutinarias
TK-007544,Solicitudes rutinarias,Solicitudes rutinarias
TK-007545,Casos crónicos,Casos crónicos
TK-007546,Incidentes de seguridad,Incidentes de seguridad
TK-007547,Fallas de hardware,Fallas de hardware
TK-007548,Errores recurrentes de software/ERP,Errores recurrentes de software/ERP
TK-007549,Solicitudes rutinarias,Fallas de hardware
TK-007550,Solicitudes rutinarias,Solicitudes rutinarias
TK-007551,Solicitudes rutinarias,Solicitudes rutinarias
TK-007552,Solicitudes rutinarias,Solicitudes rutinarias
TK-007553,Errores recurrentes de software/ERP,Errores recurrentes de software/ERP
TK-007554,Solicitudes rutinarias,Solicitudes rutinarias
TK-007555,Solicitudes rutinarias,Solicitudes rutinarias
TK-007556,Solicitudes rutinarias,Solicitudes rutinarias
TK-007557,Solicitudes rutinarias,Solicitudes rutinarias
TK-007558,Errores recurrentes de software/ERP,Errores recurrentes de software/ERP
TK-007559,Errores recurrentes de software/ERP,Errores recurrentes de software/ERP
TK-007560,Fallas de hardware,Errores recurrentes de software/ERP
TK-007561,Casos crónicos,Casos crónicos
TK-007562,Solicitudes rutinarias,Solicitudes rutinarias
TK-007563,Solicitudes rutinarias,Solicitudes rutinarias
TK-007564,Solicitudes rutinarias,Solicitudes rutinarias
TK-007565,Solicitudes rutinarias,Solicitudes rutinarias
TK-007566,Solicitudes rutinarias,Solicitudes rutinarias
TK-007567,Solicitudes rutinarias,Solicitudes rutinarias
TK-007568,Fallas de hardware,Fallas de hardware
TK-007569,Incidentes críticos de red,Incidentes críticos de red
TK-007570,Solicitudes rutinarias,Fallas de hardware
TK-007571,Solicitudes rutinarias,Solicitudes rutinarias
TK-007572,Incidentes de seguridad,Incidentes de seguridad
TK-007573,Fallas de hardware,Solicitudes rutinarias
TK-007574,Fallas de hardware,Solicitudes rutinarias
TK-007575,Casos crónicos,Errores recurrentes de software/ERP
TK-007576,Errores recurrentes de software/ERP,Errores recurrentes de software/ERP
TK-007577,Solicitudes rutinarias,Solicitudes rutinarias
TK-007578,Solicitudes rutinarias,Solicitudes rutinarias
TK-007579,Fallas de hardware,Fallas de hardware
TK-007580,Fallas de hardware,Fallas de hardware
TK-007581,Solicitudes rutinarias,Solicitudes rutinarias
TK-007582,Fallas de hardware,Fallas de hardware
TK-007583,Solicitudes rutinarias,Solicitudes rutinarias
TK-007584,Incidentes de seguridad,Incidentes de seguridad
TK-007585,Solicitudes rutinarias,Solicitudes rutinarias
TK-007586,Errores recurrentes de software/ERP,Errores recurrentes de software/ERP
TK-007587,Fallas de hardware,Solicitudes rutinarias
TK-007588,Solicitudes rutinarias,Solicitudes rutinarias
TK-007589,Solicitudes rutinarias,Solicitudes rutinarias
TK-007590,Incidentes críticos de red,Incidentes críticos de red
TK-007591,Solicitudes rutinarias,Fallas de hardware
TK-007592,Solicitudes rutinarias,Solicitudes rutinarias
TK-007593,Incidentes de seguridad,Incidentes de seguridad
TK-007594,Solicitudes rutinarias,Solicitudes rutinarias
TK-007595,Errores recurrentes de software/ERP,Errores recurrentes de software/ERP
TK-007596,Errores recurrentes de software/ERP,Errores recurrentes de software/ERP
TK-007597,Fallas de hardware,Fallas de hardware
TK-007598,Fallas de hardware,Fallas de hardware
TK-007599,Solicitudes rutinarias,Solicitudes rutinarias
TK-007600,Solicitudes rutinarias,Solicitudes rutinarias
TK-007601,Fallas de hardware,Fallas de hardware
TK-007602,Errores recurrentes de software/ERP,Solicitudes rutinarias
TK-007603,Fallas de hardware,Fallas de hardware
TK-007604,Solicitudes rutinarias,Solicitudes rutinarias
TK-007605,Solicitudes rutinarias,Solicitudes rutinarias
TK-007606,Incidentes de seguridad,Incidentes de seguridad
TK-007607,Solicitudes rutinarias,Solicitudes rutinarias
TK-007608,Solicitudes rutinarias,Solicitudes rutinarias
TK-007609,Solicitudes rutinarias,Solicitudes rutinarias
TK-007610,Errores recurrentes de software/ERP,Errores recurrentes de software/ERP
TK-007611,Solicitudes rutinarias,Errores recurrentes de software/ERP
TK-007612,Errores recurrentes de software/ERP,Errores recurrentes de software/ERP
TK-007613,Fallas de hardware,Fallas de hardware
TK-007614,Incidentes críticos de red,Errores recurrentes de software/ERP
TK-007615,Solicitudes rutinarias,Solicitudes rutinarias
TK-007616,Solicitudes rutinarias,Solicitudes rutinarias
TK-007617,Fallas de hardware,Fallas de hardware
TK-007618,Solicitudes rutinarias,Solicitudes rutinarias
TK-007619,Errores recurrentes de software/ERP,Errores recurrentes de software/ERP
TK-007620,Solicitudes rutinarias,Solicitudes rutinarias
TK-007621,Casos crónicos,Casos crónicos
TK-007622,Solicitudes rutinarias,Solicitudes rutinarias
TK-007623,Solicitudes rutinarias,Solicitudes rutinarias
TK-007624,Solicitudes rutinarias,Solicitudes rutinarias
TK-007625,Incidentes de seguridad,Incidentes de seguridad
TK-007626,Fallas de hardware,Fallas de hardware
TK-007627,Solicitudes rutinarias,Solicitudes rutinarias
TK-007628,Fallas de hardware,Fallas de hardware
TK-007629,Fallas de hardware,Fallas de hardware
TK-007630,Solicitudes rutinarias,Solicitudes rutinarias
TK-007631,Errores recurrentes de software/ERP,Errores recurrentes de software/ERP
TK-007632,Solicitudes rutinarias,Solicitudes rutinarias
TK-007633,Solicitudes rutinarias,Errores recurrentes de software/ERP
TK-007634,Fallas de hardware,Errores recurrentes de software/ERP
TK-007635,Solicitudes rutinarias,Solicitudes rutinarias
TK-007636,Incidentes de seguridad,Incidentes de seguridad
TK-007637,Errores recurrentes de software/ERP,Errores recurrentes de software/ERP
TK-007638,Fallas de hardware,Fallas de hardware
TK-007639,Fallas de hardware,Fallas de hardware
TK-007640,Errores recurrentes de software/ERP,Casos crónicos
TK-007641,Solicitudes rutinarias,Solicitudes rutinarias
TK-007642,Solicitudes rutinarias,Solicitudes rutinarias
TK-007643,Solicitudes rutinarias,Solicitudes rutinarias
TK-007644,Solicitudes rutinarias,Solicitudes rutinarias
TK-007645,Fallas de hardware,Fallas de hardware
TK-007646,Solicitudes rutinarias,Solicitudes rutinarias
TK-007647,Solicitudes rutinarias,Solicitudes rutinarias
TK-007648,Errores recurrentes de software/ERP,Errores recurrentes de software/ERP
TK-007649,Solicitudes rutinarias,Solicitudes rutinarias
TK-007650,Solicitudes rutinarias,Solicitudes rutinarias
TK-007651,Incidentes críticos de red,Incidentes críticos de red
TK-007652,Incidentes de seguridad,Incidentes de seguridad
TK-007653,Incidentes de seguridad,Incidentes de seguridad
TK-007654,Fallas de hardware,Fallas de hardware
TK-007655,Solicitudes rutinarias,Solicitudes rutinarias
TK-007656,Errores recurrentes de software/ERP,Errores recurrentes de software/ERP
TK-007657,Solicitudes rutinarias,Solicitudes rutinarias
TK-007658,Incidentes de seguridad,Incidentes de seguridad
TK-007659,Fallas de hardware,Fallas de hardware
TK-007660,Solicitudes rutinarias,Solicitudes rutinarias
TK-007661,Solicitudes rutinarias,Solicitudes rutinarias
TK-007662,Fallas de hardware,Fallas de hardware
TK-007663,Solicitudes rutinarias,Solicitudes rutinarias
TK-007664,Incidentes de seguridad,Incidentes de seguridad
TK-007665,Incidentes críticos de red,Incidentes críticos de red
TK-007666,Fallas de hardware,Fallas de hardware
TK-007667,Fallas de hardware,Fallas de hardware
TK-007668,Solicitudes rutinarias,Solicitudes rutinarias
TK-007669,Fallas de hardware,Fallas de hardware
TK-007670,Errores recurrentes de software/ERP,Errores recurrentes de software/ERP
TK-007671,Fallas de hardware,Fallas de hardware
TK-007672,Fallas de hardware,Solicitudes rutinarias
TK-007673,Solicitudes rutinarias,Solicitudes rutinarias
TK-007674,Incidentes críticos de red,Incidentes críticos de red
TK-007675,Solicitudes rutinarias,Solicitudes rutinarias
TK-007676,Errores recurrentes de software/ERP,Errores recurrentes de software/ERP
TK-007677,Solicitudes rutinarias,Fallas de hardware
TK-007678,Solicitudes rutinarias,Solicitudes rutinarias
TK-007679,Solicitudes rutinarias,Solicitudes rutinarias
TK-007680,Solicitudes rutinarias,Solicitudes rutinarias
TK-007681,Casos crónicos,Casos crónicos
TK-007682,Solicitudes rutinarias,Solicitudes rutinarias
TK-007683,Errores recurrentes de software/ERP,Errores recurrentes de software/ERP
TK-007684,Solicitudes rutinarias,Solicitudes rutinarias
TK-007685,Fallas de hardware,Fallas de hardware
TK-007686,Fallas de hardware,Fallas de hardware
TK-007687,Fallas de hardware,Fallas de hardware
TK-007688,Solicitudes rutinarias,Solicitudes rutinarias
TK-007689,Casos crónicos,Casos crónicos
TK-007690,Errores recurrentes de software/ERP,Errores recurrentes de software/ERP
TK-007691,Solicitudes rutinarias,Solicitudes rutinarias
TK-007692,Fallas de hardware,Fallas de hardware
TK-007693,Solicitudes rutinarias,Solicitudes rutinarias
TK-007694,Fallas de hardware,Fallas de hardware
TK-007695,Solicitudes rutinarias,Errores recurrentes de software/ERP
TK-007696,Solicitudes rutinarias,Errores recurrentes de software/ERP
TK-007697,Solicitudes rutinarias,Errores recurrentes de software/ERP
TK-007698,Solicitudes rutinarias,Solicitudes rutinarias
TK-007699,Fallas de hardware,Errores recurrentes de software/ERP
TK-007700,Errores recurrentes de software/ERP,Casos crónicos
TK-007701,Errores recurrentes de software/ERP,Errores recurrentes de software/ERP
TK-007702,Errores recurrentes de software/ERP,Errores recurrentes de software/ERP
TK-007703,Incidentes críticos de red,Incidentes críticos de red
TK-007704,Solicitudes rutinarias,Solicitudes rutinarias
TK-007705,Solicitudes rutinarias,Solicitudes rutinarias
TK-007706,Solicitudes rutinarias,Solicitudes rutinarias
TK-007707,Errores recurrentes de software/ERP,Errores recurrentes de software/ERP
TK-007708,Casos crónicos,Incidentes críticos de red
TK-007709,Errores recurrentes de software/ERP,Casos crónicos
TK-007710,Fallas de hardware,Fallas de hardware
TK-007711,Errores recurrentes de software/ERP,Errores recurrentes de software/ERP
TK-007712,Solicitudes rutinarias,Solicitudes rutinarias
TK-007713,Solicitudes rutinarias,Fallas de hardware
TK-007714,Solicitudes rutinarias,Fallas de hardware
TK-007715,Errores recurrentes de software/ERP,Errores recurrentes de software/ERP
TK-007716,Incidentes de seguridad,Incidentes de seguridad
TK-007717,Solicitudes rutinarias,Solicitudes rutinarias
TK-007718,Solicitudes rutinarias,Solicitudes rutinarias
TK-007719,Solicitudes rutinarias,Fallas de hardware
TK-007720,Fallas de hardware,Fallas de hardware
TK-007721,Fallas de hardware,Solicitudes rutinarias
TK-007722,Fallas de hardware,Fallas de hardware
TK-007723,Errores recurrentes de software/ERP,Errores recurrentes de software/ERP
TK-007724,Errores recurrentes de software/ERP,Errores recurrentes de software/ERP
TK-007725,Incidentes de seguridad,Incidentes de seguridad
TK-007726,Fallas de hardware,Fallas de hardware
TK-007727,Fallas de hardware,Fallas de hardware
TK-007728,Errores recurrentes de software/ERP,Errores recurrentes de software/ERP
TK-007729,Fallas de hardware,Fallas de hardware
TK-007730,Incidentes de seguridad,Incidentes de seguridad
TK-007731,Errores recurrentes de software/ERP,Errores recurrentes de software/ERP
TK-007732,Solicitudes rutinarias,Solicitudes rutinarias
TK-007733,Solicitudes rutinarias,Solicitudes rutinarias
TK-007734,Errores recurrentes de software/ERP,Errores recurrentes de software/ERP
TK-007735,Incidentes críticos de red,Incidentes críticos de red
TK-007736,Fallas de hardware,Fallas de hardware
TK-007737,Solicitudes rutinarias,Solicitudes rutinarias
TK-007738,Solicitudes rutinarias,Fallas de hardware
TK-007739,Fallas de hardware,Fallas de hardware
TK-007740,Solicitudes rutinarias,Solicitudes rutinarias
TK-007741,Solicitudes rutinarias,Fallas de hardware
TK-007742,Solicitudes rutinarias,Solicitudes rutinarias
TK-007743,Errores recurrentes de software/ERP,Errores recurrentes de software/ERP
TK-007744,Solicitudes rutinarias,Solicitudes rutinarias
TK-007745,Errores recurrentes de software/ERP,Errores recurrentes de software/ERP
TK-007746,Errores recurrentes de software/ERP,Errores recurrentes de software/ERP
TK-007747,Fallas de hardware,Fallas de hardware
TK-007748,Errores recurrentes de software/ERP,Errores recurrentes de software/ERP
TK-007749,Solicitudes rutinarias,Solicitudes rutinarias
TK-007750,Incidentes de seguridad,Incidentes de seguridad
TK-007751,Solicitudes rutinarias,Solicitudes rutinarias
TK-007752,Solicitudes rutinarias,Solicitudes rutinarias
TK-007753,Incidentes críticos de red,Incidentes críticos de red
TK-007754,Solicitudes rutinarias,Errores recurrentes de software/ERP
TK-007755,Solicitudes rutinarias,Solicitudes rutinarias
TK-007756,Errores recurrentes de software/ERP,Errores recurrentes de software/ERP
TK-007757,Solicitudes rutinarias,Solicitudes rutinarias
TK-007758,Solicitudes rutinarias,Solicitudes rutinarias
TK-007759,Solicitudes rutinarias,Errores recurrentes de software/ERP
TK-007760,Errores recurrentes de software/ERP,Errores recurrentes de software/ERP
TK-007761,Errores recurrentes de software/ERP,Errores recurrentes de software/ERP
TK-007762,Incidentes críticos de red,Errores recurrentes de software/ERP
TK-007763,Incidentes críticos de red,Incidentes críticos de red
TK-007764,Solicitudes rutinarias,Solicitudes rutinarias
TK-007765,Casos crónicos,Incidentes críticos de red
TK-007766,Fallas de hardware,Fallas de hardware
TK-007767,Errores recurrentes de software/ERP,Errores recurrentes de software/ERP
TK-007768,Fallas de hardware,Fallas de hardware
TK-007769,Casos crónicos,Errores recurrentes de software/ERP
TK-007770,Fallas de hardware,Fallas de hardware
TK-007771,Incidentes de seguridad,Incidentes de seguridad
TK-007772,Fallas de hardware,Fallas de hardware
TK-007773,Solicitudes rutinarias,Solicitudes rutinarias
TK-007774,Fallas de hardware,Solicitudes rutinarias
TK-007775,Solicitudes rutinarias,Solicitudes rutinarias
TK-007776,Solicitudes rutinarias,Solicitudes rutinarias
TK-007777,Casos crónicos,Casos crónicos
TK-007778,Solicitudes rutinarias,Solicitudes rutinarias
TK-007779,Solicitudes rutinarias,Solicitudes rutinarias
TK-007780,Incidentes de seguridad,Incidentes de seguridad
TK-007781,Solicitudes rutinarias,Solicitudes rutinarias
TK-007782,Fallas de hardware,Fallas de hardware
TK-007783,Fallas de hardware,Fallas de hardware
TK-007784,Casos crónicos,Casos crónicos
TK-007785,Errores recurrentes de software/ERP,Errores recurrentes de software/ERP
TK-007786,Solicitudes rutinarias,Solicitudes rutinarias
TK-007787,Fallas de hardware,Fallas de hardware
TK-007788,Solicitudes rutinarias,Solicitudes rutinarias
TK-007789,Errores recurrentes de software/ERP,Errores recurrentes de software/ERP
TK-007790,Incidentes de seguridad,Incidentes de seguridad
TK-007791,Solicitudes rutinarias,Solicitudes rutinarias
TK-007792,Solicitudes rutinarias,Solicitudes rutinarias
TK-007793,Errores recurrentes de software/ERP,Solicitudes rutinarias
TK-007794,Solicitudes rutinarias,Solicitudes rutinarias
TK-007795,Solicitudes rutinarias,Solicitudes rutinarias
TK-007796,Solicitudes rutinarias,Errores recurrentes de software/ERP
TK-007797,Solicitudes rutinarias,Solicitudes rutinarias
TK-007798,Errores recurrentes de software/ERP,Errores recurrentes de software/ERP
TK-007799,Solicitudes rutinarias,Errores recurrentes de software/ERP
TK-007800,Incidentes de seguridad,Incidentes de seguridad
TK-007801,Incidentes de seguridad,Incidentes de seguridad
TK-007802,Solicitudes rutinarias,Solicitudes rutinarias
TK-007803,Solicitudes rutinarias,Solicitudes rutinarias
TK-007804,Solicitudes rutinarias,Solicitudes rutinarias
TK-007805,Solicitudes rutinarias,Solicitudes rutinarias
TK-007806,Errores recurrentes de software/ERP,Solicitudes rutinarias
TK-007807,Incidentes de seguridad,Incidentes de seguridad
TK-007808,Solicitudes rutinarias,Solicitudes rutinarias
TK-007809,Incidentes de seguridad,Incidentes críticos de red
TK-007810,Solicitudes rutinarias,Errores recurrentes de software/ERP
TK-007811,Solicitudes rutinarias,Solicitudes rutinarias
TK-007812,Solicitudes rutinarias,Solicitudes rutinarias
TK-007813,Fallas de hardware,Fallas de hardware
TK-007814,Fallas de hardware,Fallas de hardware
TK-007815,Solicitudes rutinarias,Solicitudes rutinarias
TK-007816,Solicitudes rutinarias,Solicitudes rutinarias
TK-007817,Solicitudes rutinarias,Solicitudes rutinarias
TK-007818,Fallas de hardware,Fallas de hardware
TK-007819,Errores recurrentes de software/ERP,Errores recurrentes de software/ERP
TK-007820,Solicitudes rutinarias,Solicitudes rutinarias
TK-007821,Errores recurrentes de software/ERP,Errores recurrentes de software/ERP
TK-007822,Solicitudes rutinarias,Solicitudes rutinarias
TK-007823,Solicitudes rutinarias,Solicitudes rutinarias
TK-007824,Casos crónicos,Casos crónicos
TK-007825,Fallas de hardware,Errores recurrentes de software/ERP
TK-007826,Solicitudes rutinarias,Solicitudes rutinarias
TK-007827,Errores recurrentes de software/ERP,Errores recurrentes de software/ERP
TK-007828,Solicitudes rutinarias,Solicitudes rutinarias
TK-007829,Solicitudes rutinarias,Solicitudes rutinarias
TK-007830,Solicitudes rutinarias,Solicitudes rutinarias
TK-007831,Errores recurrentes de software/ERP,Errores recurrentes de software/ERP
TK-007832,Errores recurrentes de software/ERP,Errores recurrentes de software/ERP
TK-007833,Errores recurrentes de software/ERP,Casos crónicos
TK-007834,Fallas de hardware,Solicitudes rutinarias
TK-007835,Incidentes críticos de red,Incidentes críticos de red
TK-007836,Solicitudes rutinarias,Solicitudes rutinarias
TK-007837,Errores recurrentes de software/ERP,Errores recurrentes de software/ERP
TK-007838,Solicitudes rutinarias,Solicitudes rutinarias
TK-007839,Fallas de hardware,Fallas de hardware
TK-007840,Fallas de hardware,Fallas de hardware
TK-007841,Solicitudes rutinarias,Solicitudes rutinarias
TK-007842,Incidentes de seguridad,Incidentes de seguridad
TK-007843,Solicitudes rutinarias,Solicitudes rutinarias
TK-007844,Incidentes de seguridad,Incidentes de seguridad
TK-007845,Solicitudes rutinarias,Solicitudes rutinarias
TK-007846,Fallas de hardware,Fallas de hardware
TK-007847,Solicitudes rutinarias,Solicitudes rutinarias
TK-007848,Casos crónicos,Casos crónicos
TK-007849,Solicitudes rutinarias,Fallas de hardware
TK-007850,Errores recurrentes de software/ERP,Errores recurrentes de software/ERP
TK-007851,Solicitudes rutinarias,Solicitudes rutinarias
TK-007852,Solicitudes rutinarias,Solicitudes rutinarias
TK-007853,Solicitudes rutinarias,Solicitudes rutinarias
TK-007854,Incidentes de seguridad,Incidentes de seguridad
TK-007855,Solicitudes rutinarias,Solicitudes rutinarias
TK-007856,Fallas de hardware,Fallas de hardware
TK-007857,Solicitudes rutinarias,Errores recurrentes de software/ERP
TK-007858,Incidentes críticos de red,Incidentes críticos de red
TK-007859,Solicitudes rutinarias,Solicitudes rutinarias
TK-007860,Solicitudes rutinarias,Solicitudes rutinarias
TK-007861,Solicitudes rutinarias,Solicitudes rutinarias
TK-007862,Errores recurrentes de software/ERP,Errores recurrentes de software/ERP
TK-007863,Fallas de hardware,Fallas de hardware
TK-007864,Incidentes críticos de red,Incidentes críticos de red
TK-007865,Solicitudes rutinarias,Fallas de hardware
TK-007866,Fallas de hardware,Fallas de hardware
TK-007867,Solicitudes rutinarias,Solicitudes rutinarias
TK-007868,Solicitudes rutinarias,Solicitudes rutinarias
TK-007869,Fallas de hardware,Fallas de hardware
TK-007870,Errores recurrentes de software/ERP,Casos crónicos
TK-007871,Fallas de hardware,Fallas de hardware
TK-007872,Solicitudes rutinarias,Solicitudes rutinarias
TK-007873,Solicitudes rutinarias,Solicitudes rutinarias
TK-007874,Solicitudes rutinarias,Solicitudes rutinarias
TK-007875,Incidentes críticos de red,Incidentes críticos de red
TK-007876,Fallas de hardware,Fallas de hardware
TK-007877,Solicitudes rutinarias,Solicitudes rutinarias
TK-007878,Solicitudes rutinarias,Solicitudes rutinarias
TK-007879,Fallas de hardware,Solicitudes rutinarias
TK-007880,Fallas de hardware,Fallas de hardware
TK-007881,Fallas de hardware,Errores recurrentes de software/ERP
TK-007882,Solicitudes rutinarias,Solicitudes rutinarias
TK-007883,Solicitudes rutinarias,Solicitudes rutinarias
TK-007884,Errores recurrentes de software/ERP,Errores recurrentes de software/ERP
TK-007885,Fallas de hardware,Fallas de hardware
TK-007886,Errores recurrentes de software/ERP,Errores recurrentes de software/ERP
TK-007887,Fallas de hardware,Fallas de hardware
TK-007888,Fallas de hardware,Fallas de hardware
TK-007889,Solicitudes rutinarias,Solicitudes rutinarias
TK-007890,Solicitudes rutinarias,Fallas de hardware
TK-007891,Fallas de hardware,Fallas de hardware
TK-007892,Incidentes críticos de red,Incidentes críticos de red
TK-007893,Solicitudes rutinarias,Errores recurrentes de software/ERP
TK-007894,Incidentes críticos de red,Incidentes críticos de red
TK-007895,Casos crónicos,Incidentes críticos de red
TK-007896,Errores recurrentes de software/ERP,Errores recurrentes de software/ERP
TK-007897,Fallas de hardware,Fallas de hardware
TK-007898,Errores recurrentes de software/ERP,Errores recurrentes de software/ERP
TK-007899,Solicitudes rutinarias,Solicitudes rutinarias
TK-007900,Incidentes de seguridad,Incidentes de seguridad
TK-007901,Incidentes críticos de red,Incidentes críticos de red
TK-007902,Solicitudes rutinarias,Solicitudes rutinarias
TK-007903,Errores recurrentes de software/ERP,Errores recurrentes de software/ERP
TK-007904,Solicitudes rutinarias,Solicitudes rutinarias
TK-007905,Errores recurrentes de software/ERP,Errores recurrentes de software/ERP
TK-007906,Solicitudes rutinarias,Solicitudes rutinarias
TK-007907,Solicitudes rutinarias,Errores recurrentes de software/ERP
TK-007908,Fallas de hardware,Fallas de hardware
TK-007909,Solicitudes rutinarias,Errores recurrentes de software/ERP
TK-007910,Solicitudes rutinarias,Solicitudes rutinarias
TK-007911,Incidentes de seguridad,Incidentes de seguridad
TK-007912,Solicitudes rutinarias,Solicitudes rutinarias
TK-007913,Fallas de hardware,Fallas de hardware
TK-007914,Incidentes de seguridad,Incidentes de seguridad
TK-007915,Solicitudes rutinarias,Fallas de hardware
TK-007916,Solicitudes rutinarias,Solicitudes rutinarias
TK-007917,Solicitudes rutinarias,Solicitudes rutinarias
TK-007918,Errores recurrentes de software/ERP,Errores recurrentes de software/ERP
TK-007919,Solicitudes rutinarias,Solicitudes rutinarias
TK-007920,Solicitudes rutinarias,Solicitudes rutinarias
TK-007921,Incidentes críticos de red,Incidentes de seguridad
TK-007922,Errores recurrentes de software/ERP,Errores recurrentes de software/ERP
TK-007923,Errores recurrentes de software/ERP,Errores recurrentes de software/ERP
TK-007924,Solicitudes rutinarias,Solicitudes rutinarias
TK-007925,Errores recurrentes de software/ERP,Errores recurrentes de software/ERP
TK-007926,Solicitudes rutinarias,Solicitudes rutinarias
TK-007927,Errores recurrentes de software/ERP,Errores recurrentes de software/ERP
TK-007928,Incidentes de seguridad,Incidentes de seguridad
TK-007929,Solicitudes rutinarias,Errores recurrentes de software/ERP
TK-007930,Solicitudes rutinarias,Solicitudes rutinarias
TK-007931,Solicitudes rutinarias,Solicitudes rutinarias
TK-007932,Solicitudes rutinarias,Solicitudes rutinarias
TK-007933,Incidentes de seguridad,Incidentes de seguridad
TK-007934,Solicitudes rutinarias,Solicitudes rutinarias
TK-007935,Solicitudes rutinarias,Solicitudes rutinarias
TK-007936,Fallas de hardware,Fallas de hardware
TK-007937,Incidentes de seguridad,Incidentes de seguridad
TK-007938,Solicitudes rutinarias,Solicitudes rutinarias
TK-007939,Solicitudes rutinarias,Solicitudes rutinarias
TK-007940,Errores recurrentes de software/ERP,Errores recurrentes de software/ERP
TK-007941,Solicitudes rutinarias,Solicitudes rutinarias
TK-007942,Errores recurrentes de software/ERP,Errores recurrentes de software/ERP
TK-007943,Fallas de hardware,Fallas de hardware
TK-007944,Incidentes de seguridad,Incidentes de seguridad
TK-007945,Solicitudes rutinarias,Fallas de hardware
TK-007946,Casos crónicos,Errores recurrentes de software/ERP
TK-007947,Solicitudes rutinarias,Solicitudes rutinarias
TK-007948,Errores recurrentes de software/ERP,Errores recurrentes de software/ERP
TK-007949,Solicitudes rutinarias,Solicitudes rutinarias
TK-007950,Solicitudes rutinarias,Solicitudes rutinarias
TK-007951,Solicitudes rutinarias,Solicitudes rutinarias
TK-007952,Solicitudes rutinarias,Solicitudes rutinarias
TK-007953,Solicitudes rutinarias,Solicitudes rutinarias
TK-007954,Fallas de hardware,Fallas de hardware
TK-007955,Incidentes de seguridad,Incidentes de seguridad
TK-007956,Errores recurrentes de software/ERP,Errores recurrentes de software/ERP
TK-007957,Incidentes críticos de red,Incidentes críticos de red
TK-007958,Incidentes críticos de red,Incidentes críticos de red
TK-007959,Errores recurrentes de software/ERP,Errores recurrentes de software/ERP
TK-007960,Solicitudes rutinarias,Solicitudes rutinarias
TK-007961,Errores recurrentes de software/ERP,Errores recurrentes de software/ERP
TK-007962,Solicitudes rutinarias,Solicitudes rutinarias
TK-007963,Errores recurrentes de software/ERP,Casos crónicos
TK-007964,Incidentes de seguridad,Incidentes de seguridad
TK-007965,Solicitudes rutinarias,Solicitudes rutinarias
TK-007966,Solicitudes rutinarias,Solicitudes rutinarias
TK-007967,Solicitudes rutinarias,Solicitudes rutinarias
TK-007968,Solicitudes rutinarias,Solicitudes rutinarias
TK-007969,Fallas de hardware,Fallas de hardware
TK-007970,Solicitudes rutinarias,Solicitudes rutinarias
TK-007971,Solicitudes rutinarias,Errores recurrentes de software/ERP
TK-007972,Solicitudes rutinarias,Errores recurrentes de software/ERP
TK-007973,Fallas de hardware,Fallas de hardware
TK-007974,Solicitudes rutinarias,Errores recurrentes de software/ERP
TK-007975,Solicitudes rutinarias,Solicitudes rutinarias
TK-007976,Errores recurrentes de software/ERP,Errores recurrentes de software/ERP
TK-007977,Solicitudes rutinarias,Solicitudes rutinarias
TK-007978,Errores recurrentes de software/ERP,Errores recurrentes de software/ERP
TK-007979,Solicitudes rutinarias,Solicitudes rutinarias
TK-007980,Solicitudes rutinarias,Solicitudes rutinarias
TK-007981,Solicitudes rutinarias,Solicitudes rutinarias
TK-007982,Incidentes de seguridad,Incidentes de seguridad
TK-007983,Solicitudes rutinarias,Solicitudes rutinarias
TK-007984,Errores recurrentes de software/ERP,Casos crónicos
TK-007985,Incidentes críticos de red,Incidentes críticos de red
TK-007986,Fallas de hardware,Solicitudes rutinarias
TK-007987,Fallas de hardware,Fallas de hardware
TK-007988,Fallas de hardware,Fallas de hardware
TK-007989,Incidentes de seguridad,Incidentes de seguridad
TK-007990,Solicitudes rutinarias,Solicitudes rutinarias
TK-007991,Solicitudes rutinarias,Solicitudes rutinarias
TK-007992,Fallas de hardware,Fallas de hardware
TK-007993,Errores recurrentes de software/ERP,Errores recurrentes de software/ERP
TK-007994,Solicitudes rutinarias,Fallas de hardware
TK-007995,Solicitudes rutinarias,Fallas de hardware
TK-007996,Fallas de hardware,Fallas de hardware
TK-007997,Solicitudes rutinarias,Solicitudes rutinarias
TK-007998,Fallas de hardware,Fallas de hardware
TK-007999,Solicitudes rutinarias,Solicitudes rutinarias
TK-008000,Solicitudes rutinarias,Solicitudes rutinarias
TK-008001,Fallas de hardware,Fallas de hardware
TK-008002,Solicitudes rutinarias,Solicitudes rutinarias
TK-008003,Solicitudes rutinarias,Solicitudes rutinarias
TK-008004,Fallas de hardware,Fallas de hardware
TK-008005,Fallas de hardware,Fallas de hardware
TK-008006,Solicitudes rutinarias,Solicitudes rutinarias
TK-008007,Solicitudes rutinarias,Solicitudes rutinarias
TK-008008,Fallas de hardware,Fallas de hardware
TK-008009,Fallas de hardware,Fallas de hardware
TK-008010,Incidentes críticos de red,Incidentes críticos de red
TK-008011,Fallas de hardware,Fallas de hardware
TK-008012,Incidentes de seguridad,Incidentes de seguridad
TK-008013,Solicitudes rutinarias,Solicitudes rutinarias
TK-008014,Errores recurrentes de software/ERP,Errores recurrentes de software/ERP
TK-008015,Errores recurrentes de software/ERP,Errores recurrentes de software/ERP
TK-008016,Errores recurrentes de software/ERP,Errores recurrentes de software/ERP
TK-008017,Incidentes de seguridad,Solicitudes rutinarias
TK-008018,Solicitudes rutinarias,Solicitudes rutinarias
TK-008019,Errores recurrentes de software/ERP,Errores recurrentes de software/ERP
TK-008020,Fallas de hardware,Fallas de hardware
TK-008021,Solicitudes rutinarias,Solicitudes rutinarias
TK-008022,Fallas de hardware,Fallas de hardware
TK-008023,Solicitudes rutinarias,Solicitudes rutinarias
TK-008024,Casos crónicos,Casos crónicos
TK-008025,Fallas de hardware,Fallas de hardware
TK-008026,Errores recurrentes de software/ERP,Errores recurrentes de software/ERP
TK-008027,Errores recurrentes de software/ERP,Errores recurrentes de software/ERP
TK-008028,Fallas de hardware,Fallas de hardware
TK-008029,Solicitudes rutinarias,Solicitudes rutinarias
TK-008030,Incidentes de seguridad,Incidentes de seguridad
TK-008031,Errores recurrentes de software/ERP,Errores recurrentes de software/ERP
TK-008032,Errores recurrentes de software/ERP,Errores recurrentes de software/ERP
TK-008033,Errores recurrentes de software/ERP,Errores recurrentes de software/ERP
TK-008034,Solicitudes rutinarias,Solicitudes rutinarias
TK-008035,Solicitudes rutinarias,Solicitudes rutinarias
TK-008036,Solicitudes rutinarias,Solicitudes rutinarias
TK-008037,Solicitudes rutinarias,Solicitudes rutinarias
TK-008038,Solicitudes rutinarias,Fallas de hardware
TK-008039,Solicitudes rutinarias,Errores recurrentes de software/ERP
TK-008040,Incidentes críticos de red,Incidentes críticos de red
TK-008041,Incidentes de seguridad,Incidentes de seguridad
TK-008042,Incidentes de seguridad,Incidentes de seguridad
TK-008043,Solicitudes rutinarias,Solicitudes rutinarias
TK-008044,Solicitudes rutinarias,Solicitudes rutinarias
TK-008045,Fallas de hardware,Fallas de hardware
TK-008046,Incidentes críticos de red,Incidentes de seguridad
TK-008047,Fallas de hardware,Fallas de hardware
TK-008048,Solicitudes rutinarias,Solicitudes rutinarias
TK-008049,Incidentes de seguridad,Incidentes de seguridad
TK-008050,Fallas de hardware,Fallas de hardware
TK-008051,Errores recurrentes de software/ERP,Errores recurrentes de software/ERP
TK-008052,Fallas de hardware,Errores recurrentes de software/ERP
TK-008053,Solicitudes rutinarias,Solicitudes rutinarias
TK-008054,Solicitudes rutinarias,Solicitudes rutinarias
TK-008055,Solicitudes rutinarias,Solicitudes rutinarias
TK-008056,Incidentes críticos de red,Incidentes críticos de red
TK-008057,Incidentes de seguridad,Incidentes de seguridad
TK-008058,Solicitudes rutinarias,Solicitudes rutinarias
TK-008059,Errores recurrentes de software/ERP,Errores recurrentes de software/ERP
TK-008060,Incidentes críticos de red,Incidentes críticos de red
TK-008061,Fallas de hardware,Fallas de hardware
TK-008062,Solicitudes rutinarias,Solicitudes rutinarias
TK-008063,Errores recurrentes de software/ERP,Errores recurrentes de software/ERP
TK-008064,Solicitudes rutinarias,Solicitudes rutinarias
TK-008065,Errores recurrentes de software/ERP,Errores recurrentes de software/ERP
TK-008066,Errores recurrentes de software/ERP,Casos crónicos
TK-008067,Fallas de hardware,Fallas de hardware
TK-008068,Solicitudes rutinarias,Solicitudes rutinarias
TK-008069,Casos crónicos,Casos crónicos
TK-008070,Fallas de hardware,Fallas de hardware
TK-008071,Solicitudes rutinarias,Solicitudes rutinarias
TK-008072,Solicitudes rutinarias,Solicitudes rutinarias
TK-008073,Errores recurrentes de software/ERP,Solicitudes rutinarias
TK-008074,Solicitudes rutinarias,Solicitudes rutinarias
TK-008075,Solicitudes rutinarias,Solicitudes rutinarias
TK-008076,Fallas de hardware,Fallas de hardware
TK-008077,Fallas de hardware,Fallas de hardware
TK-008078,Solicitudes rutinarias,Solicitudes rutinarias
TK-008079,Incidentes críticos de red,Incidentes críticos de red
TK-008080,Casos crónicos,Casos crónicos
TK-008081,Incidentes críticos de red,Errores recurrentes de software/ERP
TK-008082,Solicitudes rutinarias,Solicitudes rutinarias
TK-008083,Incidentes de seguridad,Incidentes de seguridad
TK-008084,Casos crónicos,Casos crónicos
TK-008085,Solicitudes rutinarias,Solicitudes rutinarias
TK-008086,Incidentes de seguridad,Solicitudes rutinarias
TK-008087,Errores recurrentes de software/ERP,Errores recurrentes de software/ERP
TK-008088,Errores recurrentes de software/ERP,Errores recurrentes de software/ERP
TK-008089,Incidentes de seguridad,Incidentes críticos de red
TK-008090,Errores recurrentes de software/ERP,Errores recurrentes de software/ERP
TK-008091,Solicitudes rutinarias,Solicitudes rutinarias
TK-008092,Fallas de hardware,Fallas de hardware
TK-008093,Incidentes críticos de red,Incidentes críticos de red
TK-008094,Incidentes críticos de red,Incidentes críticos de red
TK-008095,Incidentes críticos de red,Incidentes críticos de red
TK-008096,Incidentes críticos de red,Incidentes críticos de red
TK-008097,Incidentes críticos de red,Incidentes críticos de red
TK-008098,Incidentes críticos de red,Incidentes críticos de red
TK-008099,Incidentes críticos de red,Incidentes críticos de red
TK-008100,Solicitudes rutinarias,Solicitudes rutinarias
TK-008101,Incidentes críticos de red,Incidentes críticos de red
TK-008102,Incidentes de seguridad,Incidentes de seguridad
TK-008103,Incidentes críticos de red,Errores recurrentes de software/ERP
TK-008104,Incidentes críticos de red,Incidentes críticos de red
TK-008105,Incidentes críticos de red,Incidentes críticos de red
TK-008106,Incidentes críticos de red,Errores recurrentes de software/ERP
TK-008107,Errores recurrentes de software/ERP,Errores recurrentes de software/ERP
TK-008108,Incidentes críticos de red,Incidentes críticos de red
TK-008109,Incidentes críticos de red,Incidentes críticos de red
TK-008110,Solicitudes rutinarias,Solicitudes rutinarias
TK-008111,Incidentes críticos de red,Incidentes críticos de red
TK-008112,Incidentes críticos de red,Incidentes críticos de red
TK-008113,Incidentes críticos de red,Incidentes críticos de red
TK-008114,Incidentes críticos de red,Incidentes críticos de red
TK-008115,Incidentes críticos de red,Incidentes críticos de red
TK-008116,Incidentes críticos de red,Incidentes críticos de red
TK-008117,Incidentes críticos de red,Incidentes críticos de red
TK-008118,Solicitudes rutinarias,Solicitudes rutinarias
TK-008119,Incidentes críticos de red,Incidentes críticos de red
TK-008120,Solicitudes rutinarias,Solicitudes rutinarias
TK-008121,Incidentes críticos de red,Incidentes críticos de red
TK-008122,Incidentes críticos de red,Incidentes de seguridad
TK-008123,Casos crónicos,Casos crónicos
TK-008124,Incidentes críticos de red,Incidentes críticos de red
TK-008125,Incidentes críticos de red,Incidentes críticos de red
TK-008126,Incidentes críticos de red,Incidentes críticos de red
TK-008127,Incidentes críticos de red,Incidentes críticos de red
TK-008128,Incidentes críticos de red,Incidentes críticos de red
TK-008129,Incidentes críticos de red,Incidentes críticos de red
TK-008130,Incidentes críticos de red,Errores recurrentes de software/ERP
TK-008131,Incidentes críticos de red,Incidentes críticos de red
TK-008132,Incidentes críticos de red,Errores recurrentes de software/ERP
TK-008133,Incidentes críticos de red,Incidentes críticos de red
TK-008134,Incidentes críticos de red,Errores recurrentes de software/ERP
TK-008135,Incidentes críticos de red,Incidentes críticos de red
TK-008136,Errores recurrentes de software/ERP,Casos crónicos
TK-008137,Incidentes críticos de red,Incidentes críticos de red
TK-008138,Incidentes críticos de red,Incidentes críticos de red
TK-008139,Incidentes críticos de red,Incidentes críticos de red
TK-008140,Incidentes críticos de red,Incidentes críticos de red
TK-008141,Incidentes críticos de red,Incidentes críticos de red
TK-008142,Incidentes críticos de red,Incidentes críticos de red
TK-008143,Incidentes críticos de red,Incidentes críticos de red
TK-008144,Incidentes críticos de red,Incidentes críticos de red
TK-008145,Incidentes críticos de red,Incidentes de seguridad
TK-008146,Incidentes críticos de red,Incidentes críticos de red
TK-008147,Incidentes críticos de red,Incidentes críticos de red
TK-008148,Incidentes críticos de red,Incidentes críticos de red
TK-008149,Incidentes críticos de red,Incidentes críticos de red
TK-008150,Incidentes críticos de red,Incidentes críticos de red
TK-008151,Incidentes críticos de red,Incidentes de seguridad
TK-008152,Incidentes críticos de red,Incidentes críticos de red
TK-008153,Incidentes críticos de red,Incidentes críticos de red
TK-008154,Solicitudes rutinarias,Solicitudes rutinarias
TK-008155,Incidentes críticos de red,Incidentes de seguridad
TK-008156,Incidentes críticos de red,Incidentes críticos de red
TK-008157,Incidentes críticos de red,Incidentes críticos de red
TK-008158,Incidentes críticos de red,Incidentes críticos de red
TK-008159,Solicitudes rutinarias,Solicitudes rutinarias
TK-008160,Incidentes críticos de red,Incidentes críticos de red
TK-008161,Incidentes críticos de red,Incidentes críticos de red
TK-008162,Incidentes críticos de red,Incidentes críticos de red
TK-008163,Solicitudes rutinarias,Solicitudes rutinarias
TK-008164,Incidentes críticos de red,Incidentes de seguridad
TK-008165,Incidentes críticos de red,Incidentes críticos de red
TK-008166,Errores recurrentes de software/ERP,Errores recurrentes de software/ERP
TK-008167,Incidentes de seguridad,Incidentes de seguridad
TK-008168,Solicitudes rutinarias,Solicitudes rutinarias
TK-008169,Fallas de hardware,Fallas de hardware
TK-008170,Errores recurrentes de software/ERP,Errores recurrentes de software/ERP
TK-008171,Solicitudes rutinarias,Solicitudes rutinarias
TK-008172,Errores recurrentes de software/ERP,Errores recurrentes de software/ERP
TK-008173,Incidentes de seguridad,Incidentes de seguridad
TK-008174,Incidentes de seguridad,Incidentes de seguridad
TK-008175,Errores recurrentes de software/ERP,Errores recurrentes de software/ERP
TK-008176,Fallas de hardware,Fallas de hardware
TK-008177,Solicitudes rutinarias,Solicitudes rutinarias
TK-008178,Solicitudes rutinarias,Solicitudes rutinarias
TK-008179,Fallas de hardware,Solicitudes rutinarias
TK-008180,Errores recurrentes de software/ERP,Errores recurrentes de software/ERP
TK-008181,Solicitudes rutinarias,Solicitudes rutinarias
TK-008182,Solicitudes rutinarias,Solicitudes rutinarias
TK-008183,Incidentes críticos de red,Incidentes de seguridad
TK-008184,Solicitudes rutinarias,Solicitudes rutinarias
TK-008185,Solicitudes rutinarias,Solicitudes rutinarias
TK-008186,Solicitudes rutinarias,Solicitudes rutinarias
TK-008187,Incidentes críticos de red,Incidentes críticos de red
TK-008188,Solicitudes rutinarias,Solicitudes rutinarias
TK-008189,Errores recurrentes de software/ERP,Errores recurrentes de software/ERP
TK-008190,Solicitudes rutinarias,Solicitudes rutinarias
TK-008191,Solicitudes rutinarias,Solicitudes rutinarias
TK-008192,Incidentes de seguridad,Incidentes de seguridad
TK-008193,Incidentes de seguridad,Incidentes de seguridad
TK-008194,Solicitudes rutinarias,Solicitudes rutinarias
TK-008195,Incidentes críticos de red,Incidentes críticos de red
TK-008196,Incidentes de seguridad,Incidentes de seguridad
TK-008197,Fallas de hardware,Fallas de hardware
TK-008198,Errores recurrentes de software/ERP,Errores recurrentes de software/ERP
TK-008199,Errores recurrentes de software/ERP,Errores recurrentes de software/ERP
TK-008200,Fallas de hardware,Solicitudes rutinarias
TK-008201,Solicitudes rutinarias,Solicitudes rutinarias
TK-008202,Solicitudes rutinarias,Solicitudes rutinarias
TK-008203,Incidentes críticos de red,Incidentes críticos de red
TK-008204,Fallas de hardware,Solicitudes rutinarias
TK-008205,Solicitudes rutinarias,Solicitudes rutinarias
TK-008206,Fallas de hardware,Fallas de hardware
TK-008207,Solicitudes rutinarias,Solicitudes rutinarias
TK-008208,Solicitudes rutinarias,Solicitudes rutinarias
TK-008209,Solicitudes rutinarias,Fallas de hardware
TK-008210,Fallas de hardware,Fallas de hardware
TK-008211,Incidentes de seguridad,Incidentes críticos de red
TK-008212,Incidentes de seguridad,Incidentes de seguridad
TK-008213,Errores recurrentes de software/ERP,Errores recurrentes de software/ERP
TK-008214,Solicitudes rutinarias,Solicitudes rutinarias
TK-008215,Solicitudes rutinarias,Solicitudes rutinarias
TK-008216,Casos crónicos,Casos crónicos
TK-008217,Solicitudes rutinarias,Solicitudes rutinarias
TK-008218,Solicitudes rutinarias,Solicitudes rutinarias
TK-008219,Errores recurrentes de software/ERP,Errores recurrentes de software/ERP
TK-008220,Solicitudes rutinarias,Solicitudes rutinarias
TK-008221,Fallas de hardware,Fallas de hardware
TK-008222,Errores recurrentes de software/ERP,Solicitudes rutinarias
TK-008223,Errores recurrentes de software/ERP,Errores recurrentes de software/ERP
TK-008224,Fallas de hardware,Fallas de hardware
TK-008225,Solicitudes rutinarias,Solicitudes rutinarias
TK-008226,Solicitudes rutinarias,Solicitudes rutinarias
TK-008227,Fallas de hardware,Fallas de hardware
TK-008228,Casos crónicos,Casos crónicos
TK-008229,Solicitudes rutinarias,Solicitudes rutinarias
TK-008230,Casos crónicos,Casos crónicos
TK-008231,Solicitudes rutinarias,Solicitudes rutinarias
TK-008232,Errores recurrentes de software/ERP,Casos crónicos
TK-008233,Solicitudes rutinarias,Solicitudes rutinarias
TK-008234,Errores recurrentes de software/ERP,Errores recurrentes de software/ERP
TK-008235,Solicitudes rutinarias,Solicitudes rutinarias
TK-008236,Solicitudes rutinarias,Solicitudes rutinarias
TK-008237,Solicitudes rutinarias,Solicitudes rutinarias
TK-008238,Solicitudes rutinarias,Errores recurrentes de software/ERP
TK-008239,Incidentes críticos de red,Incidentes críticos de red
TK-008240,Fallas de hardware,Solicitudes rutinarias
TK-008241,Solicitudes rutinarias,Solicitudes rutinarias
TK-008242,Errores recurrentes de software/ERP,Casos crónicos
TK-008243,Solicitudes rutinarias,Solicitudes rutinarias
TK-008244,Solicitudes rutinarias,Solicitudes rutinarias
TK-008245,Solicitudes rutinarias,Solicitudes rutinarias
TK-008246,Solicitudes rutinarias,Solicitudes rutinarias
TK-008247,Errores recurrentes de software/ERP,Errores recurrentes de software/ERP
TK-008248,Solicitudes rutinarias,Solicitudes rutinarias
TK-008249,Fallas de hardware,Fallas de hardware
TK-008250,Fallas de hardware,Fallas de hardware
TK-008251,Solicitudes rutinarias,Errores recurrentes de software/ERP
TK-008252,Solicitudes rutinarias,Solicitudes rutinarias
TK-008253,Solicitudes rutinarias,Fallas de hardware
TK-008254,Solicitudes rutinarias,Solicitudes rutinarias
TK-008255,Solicitudes rutinarias,Fallas de hardware
TK-008256,Solicitudes rutinarias,Solicitudes rutinarias
TK-008257,Solicitudes rutinarias,Solicitudes rutinarias
TK-008258,Solicitudes rutinarias,Solicitudes rutinarias
TK-008259,Solicitudes rutinarias,Solicitudes rutinarias
TK-008260,Solicitudes rutinarias,Solicitudes rutinarias
TK-008261,Solicitudes rutinarias,Solicitudes rutinarias
TK-008262,Errores recurrentes de software/ERP,Errores recurrentes de software/ERP
TK-008263,Solicitudes rutinarias,Solicitudes rutinarias
TK-008264,Errores recurrentes de software/ERP,Errores recurrentes de software/ERP
TK-008265,Solicitudes rutinarias,Solicitudes rutinarias
TK-008266,Fallas de hardware,Fallas de hardware
TK-008267,Solicitudes rutinarias,Solicitudes rutinarias
TK-008268,Incidentes críticos de red,Incidentes críticos de red
TK-008269,Errores recurrentes de software/ERP,Errores recurrentes de software/ERP
TK-008270,Incidentes de seguridad,Incidentes críticos de red
TK-008271,Incidentes de seguridad,Incidentes de seguridad
TK-008272,Solicitudes rutinarias,Solicitudes rutinarias
TK-008273,Casos crónicos,Casos crónicos
TK-008274,Errores recurrentes de software/ERP,Errores recurrentes de software/ERP
TK-008275,Solicitudes rutinarias,Solicitudes rutinarias
TK-008276,Solicitudes rutinarias,Solicitudes rutinarias
TK-008277,Solicitudes rutinarias,Solicitudes rutinarias
TK-008278,Solicitudes rutinarias,Solicitudes rutinarias
TK-008279,Solicitudes rutinarias,Errores recurrentes de software/ERP
TK-008280,Solicitudes rutinarias,Solicitudes rutinarias
TK-008281,Solicitudes rutinarias,Solicitudes rutinarias
TK-008282,Solicitudes rutinarias,Solicitudes rutinarias
TK-008283,Fallas de hardware,Fallas de hardware
TK-008284,Errores recurrentes de software/ERP,Casos crónicos
TK-008285,Solicitudes rutinarias,Solicitudes rutinarias
TK-008286,Errores recurrentes de software/ERP,Errores recurrentes de software/ERP
TK-008287,Solicitudes rutinarias,Solicitudes rutinarias
TK-008288,Solicitudes rutinarias,Solicitudes rutinarias
TK-008289,Solicitudes rutinarias,Solicitudes rutinarias
TK-008290,Solicitudes rutinarias,Solicitudes rutinarias
TK-008291,Fallas de hardware,Fallas de hardware
TK-008292,Errores recurrentes de software/ERP,Errores recurrentes de software/ERP
TK-008293,Casos crónicos,Casos crónicos
TK-008294,Solicitudes rutinarias,Solicitudes rutinarias
TK-008295,Solicitudes rutinarias,Solicitudes rutinarias
TK-008296,Solicitudes rutinarias,Solicitudes rutinarias
TK-008297,Fallas de hardware,Fallas de hardware
TK-008298,Solicitudes rutinarias,Solicitudes rutinarias
TK-008299,Solicitudes rutinarias,Solicitudes rutinarias
TK-008300,Solicitudes rutinarias,Solicitudes rutinarias
TK-008301,Errores recurrentes de software/ERP,Errores recurrentes de software/ERP
TK-008302,Errores recurrentes de software/ERP,Errores recurrentes de software/ERP
TK-008303,Solicitudes rutinarias,Fallas de hardware
TK-008304,Solicitudes rutinarias,Solicitudes rutinarias
TK-008305,Fallas de hardware,Fallas de hardware
TK-008306,Solicitudes rutinarias,Solicitudes rutinarias
TK-008307,Solicitudes rutinarias,Solicitudes rutinarias
TK-008308,Solicitudes rutinarias,Solicitudes rutinarias
TK-008309,Errores recurrentes de software/ERP,Errores recurrentes de software/ERP
TK-008310,Solicitudes rutinarias,Solicitudes rutinarias
TK-008311,Incidentes de seguridad,Incidentes de seguridad
TK-008312,Solicitudes rutinarias,Solicitudes rutinarias
TK-008313,Errores recurrentes de software/ERP,Errores recurrentes de software/ERP
TK-008314,Solicitudes rutinarias,Solicitudes rutinarias
TK-008315,Solicitudes rutinarias,Solicitudes rutinarias
TK-008316,Errores recurrentes de software/ERP,Errores recurrentes de software/ERP
TK-008317,Errores recurrentes de software/ERP,Errores recurrentes de software/ERP
TK-008318,Fallas de hardware,Fallas de hardware
TK-008319,Errores recurrentes de software/ERP,Errores recurrentes de software/ERP
TK-008320,Errores recurrentes de software/ERP,Errores recurrentes de software/ERP
TK-008321,Solicitudes rutinarias,Solicitudes rutinarias
TK-008322,Solicitudes rutinarias,Solicitudes rutinarias
TK-008323,Fallas de hardware,Fallas de hardware
TK-008324,Errores recurrentes de software/ERP,Errores recurrentes de software/ERP
TK-008325,Errores recurrentes de software/ERP,Errores recurrentes de software/ERP
TK-008326,Errores recurrentes de software/ERP,Errores recurrentes de software/ERP
TK-008327,Errores recurrentes de software/ERP,Errores recurrentes de software/ERP
TK-008328,Incidentes de seguridad,Incidentes de seguridad
TK-008329,Solicitudes rutinarias,Solicitudes rutinarias
TK-008330,Errores recurrentes de software/ERP,Errores recurrentes de software/ERP
TK-008331,Solicitudes rutinarias,Solicitudes rutinarias
TK-008332,Solicitudes rutinarias,Solicitudes rutinarias
TK-008333,Fallas de hardware,Fallas de hardware
TK-008334,Fallas de hardware,Fallas de hardware
TK-008335,Solicitudes rutinarias,Solicitudes rutinarias
TK-008336,Solicitudes rutinarias,Solicitudes rutinarias
TK-008337,Solicitudes rutinarias,Fallas de hardware
TK-008338,Solicitudes rutinarias,Solicitudes rutinarias
TK-008339,Fallas de hardware,Fallas de hardware
TK-008340,Solicitudes rutinarias,Solicitudes rutinarias
TK-008341,Solicitudes rutinarias,Solicitudes rutinarias
TK-008342,Errores recurrentes de software/ERP,Errores recurrentes de software/ERP
TK-008343,Solicitudes rutinarias,Solicitudes rutinarias
TK-008344,Solicitudes rutinarias,Solicitudes rutinarias
TK-008345,Solicitudes rutinarias,Solicitudes rutinarias
TK-008346,Solicitudes rutinarias,Solicitudes rutinarias
TK-008347,Solicitudes rutinarias,Fallas de hardware
TK-008348,Solicitudes rutinarias,Solicitudes rutinarias
TK-008349,Solicitudes rutinarias,Solicitudes rutinarias
TK-008350,Errores recurrentes de software/ERP,Errores recurrentes de software/ERP
TK-008351,Solicitudes rutinarias,Solicitudes rutinarias
TK-008352,Errores recurrentes de software/ERP,Errores recurrentes de software/ERP
TK-008353,Solicitudes rutinarias,Solicitudes rutinarias
TK-008354,Solicitudes rutinarias,Solicitudes rutinarias
TK-008355,Incidentes críticos de red,Incidentes críticos de red
TK-008356,Solicitudes rutinarias,Solicitudes rutinarias
TK-008357,Solicitudes rutinarias,Solicitudes rutinarias
TK-008358,Solicitudes rutinarias,Solicitudes rutinarias
TK-008359,Solicitudes rutinarias,Solicitudes rutinarias
TK-008360,Solicitudes rutinarias,Fallas de hardware
TK-008361,Solicitudes rutinarias,Solicitudes rutinarias
TK-008362,Incidentes de seguridad,Incidentes de seguridad
TK-008363,Errores recurrentes de software/ERP,Solicitudes rutinarias
TK-008364,Solicitudes rutinarias,Solicitudes rutinarias
TK-008365,Solicitudes rutinarias,Solicitudes rutinarias
TK-008366,Errores recurrentes de software/ERP,Errores recurrentes de software/ERP
TK-008367,Solicitudes rutinarias,Fallas de hardware
TK-008368,Solicitudes rutinarias,Solicitudes rutinarias
TK-008369,Solicitudes rutinarias,Solicitudes rutinarias
TK-008370,Solicitudes rutinarias,Solicitudes rutinarias
TK-008371,Errores recurrentes de software/ERP,Errores recurrentes de software/ERP
TK-008372,Solicitudes rutinarias,Solicitudes rutinarias
TK-008373,Errores recurrentes de software/ERP,Errores recurrentes de software/ERP
TK-008374,Errores recurrentes de software/ERP,Errores recurrentes de software/ERP
TK-008375,Errores recurrentes de software/ERP,Errores recurrentes de software/ERP
TK-008376,Fallas de hardware,Solicitudes rutinarias
TK-008377,Solicitudes rutinarias,Errores recurrentes de software/ERP
TK-008378,Solicitudes rutinarias,Solicitudes rutinarias
TK-008379,Solicitudes rutinarias,Solicitudes rutinarias
TK-008380,Solicitudes rutinarias,Solicitudes rutinarias
TK-008381,Solicitudes rutinarias,Solicitudes rutinarias
TK-008382,Solicitudes rutinarias,Fallas de hardware
TK-008383,Errores recurrentes de software/ERP,Errores recurrentes de software/ERP
TK-008384,Solicitudes rutinarias,Solicitudes rutinarias
TK-008385,Solicitudes rutinarias,Solicitudes rutinarias
TK-008386,Solicitudes rutinarias,Solicitudes rutinarias
TK-008387,Solicitudes rutinarias,Solicitudes rutinarias
TK-008388,Incidentes críticos de red,Incidentes críticos de red
TK-008389,Solicitudes rutinarias,Solicitudes rutinarias
TK-008390,Solicitudes rutinarias,Solicitudes rutinarias
TK-008391,Solicitudes rutinarias,Solicitudes rutinarias
TK-008392,Errores recurrentes de software/ERP,Errores recurrentes de software/ERP
TK-008393,Errores recurrentes de software/ERP,Errores recurrentes de software/ERP
TK-008394,Solicitudes rutinarias,Solicitudes rutinarias
TK-008395,Solicitudes rutinarias,Solicitudes rutinarias
TK-008396,Solicitudes rutinarias,Solicitudes rutinarias
TK-008397,Fallas de hardware,Solicitudes rutinarias
TK-008398,Solicitudes rutinarias,Solicitudes rutinarias
TK-008399,Fallas de hardware,Fallas de hardware
TK-008400,Solicitudes rutinarias,Solicitudes rutinarias
TK-008401,Fallas de hardware,Fallas de hardware
TK-008402,Solicitudes rutinarias,Solicitudes rutinarias
TK-008403,Incidentes de seguridad,Incidentes de seguridad
TK-008404,Fallas de hardware,Fallas de hardware
TK-008405,Solicitudes rutinarias,Solicitudes rutinarias
TK-008406,Errores recurrentes de software/ERP,Errores recurrentes de software/ERP
TK-008407,Solicitudes rutinarias,Solicitudes rutinarias
TK-008408,Solicitudes rutinarias,Errores recurrentes de software/ERP
TK-008409,Solicitudes rutinarias,Solicitudes rutinarias
TK-008410,Solicitudes rutinarias,Solicitudes rutinarias
TK-008411,Fallas de hardware,Fallas de hardware
TK-008412,Casos crónicos,Casos crónicos
TK-008413,Incidentes de seguridad,Incidentes de seguridad
TK-008414,Solicitudes rutinarias,Solicitudes rutinarias
TK-008415,Solicitudes rutinarias,Solicitudes rutinarias
TK-008416,Solicitudes rutinarias,Solicitudes rutinarias
TK-008417,Errores recurrentes de software/ERP,Errores recurrentes de software/ERP
TK-008418,Fallas de hardware,Fallas de hardware
TK-008419,Solicitudes rutinarias,Solicitudes rutinarias
TK-008420,Solicitudes rutinarias,Fallas de hardware
TK-008421,Casos crónicos,Casos crónicos
TK-008422,Incidentes críticos de red,Incidentes críticos de red
TK-008423,Solicitudes rutinarias,Solicitudes rutinarias
TK-008424,Incidentes críticos de red,Incidentes críticos de red
TK-008425,Errores recurrentes de software/ERP,Errores recurrentes de software/ERP
TK-008426,Solicitudes rutinarias,Solicitudes rutinarias
TK-008427,Solicitudes rutinarias,Solicitudes rutinarias
TK-008428,Solicitudes rutinarias,Solicitudes rutinarias
TK-008429,Solicitudes rutinarias,Solicitudes rutinarias
TK-008430,Solicitudes rutinarias,Solicitudes rutinarias
TK-008431,Solicitudes rutinarias,Solicitudes rutinarias
TK-008432,Fallas de hardware,Fallas de hardware
TK-008433,Solicitudes rutinarias,Solicitudes rutinarias
TK-008434,Fallas de hardware,Fallas de hardware
TK-008435,Incidentes de seguridad,Incidentes de seguridad
TK-008436,Fallas de hardware,Fallas de hardware
TK-008437,Solicitudes rutinarias,Solicitudes rutinarias
TK-008438,Solicitudes rutinarias,Solicitudes rutinarias
TK-008439,Errores recurrentes de software/ERP,Errores recurrentes de software/ERP
TK-008440,Solicitudes rutinarias,Solicitudes rutinarias
TK-008441,Fallas de hardware,Fallas de hardware
TK-008442,Casos crónicos,Casos crónicos
TK-008443,Errores recurrentes de software/ERP,Errores recurrentes de software/ERP
TK-008444,Fallas de hardware,Fallas de hardware
TK-008445,Solicitudes rutinarias,Solicitudes rutinarias
TK-008446,Solicitudes rutinarias,Solicitudes rutinarias
TK-008447,Errores recurrentes de software/ERP,Errores recurrentes de software/ERP
TK-008448,Fallas de hardware,Fallas de hardware
TK-008449,Incidentes de seguridad,Incidentes de seguridad
TK-008450,Fallas de hardware,Fallas de hardware
TK-008451,Errores recurrentes de software/ERP,Errores recurrentes de software/ERP
TK-008452,Solicitudes rutinarias,Solicitudes rutinarias
TK-008453,Solicitudes rutinarias,Errores recurrentes de software/ERP
TK-008454,Solicitudes rutinarias,Errores recurrentes de software/ERP
TK-008455,Errores recurrentes de software/ERP,Errores recurrentes de software/ERP
TK-008456,Fallas de hardware,Solicitudes rutinarias
TK-008457,Solicitudes rutinarias,Solicitudes rutinarias
TK-008458,Incidentes de seguridad,Solicitudes rutinarias
TK-008459,Solicitudes rutinarias,Solicitudes rutinarias
TK-008460,Solicitudes rutinarias,Solicitudes rutinarias
TK-008461,Errores recurrentes de software/ERP,Errores recurrentes de software/ERP
TK-008462,Incidentes de seguridad,Incidentes de seguridad
TK-008463,Solicitudes rutinarias,Fallas de hardware
TK-008464,Errores recurrentes de software/ERP,Errores recurrentes de software/ERP
TK-008465,Casos crónicos,Casos crónicos
TK-008466,Fallas de hardware,Fallas de hardware
TK-008467,Solicitudes rutinarias,Solicitudes rutinarias
TK-008468,Errores recurrentes de software/ERP,Errores recurrentes de software/ERP
TK-008469,Errores recurrentes de software/ERP,Errores recurrentes de software/ERP
TK-008470,Errores recurrentes de software/ERP,Errores recurrentes de software/ERP
TK-008471,Incidentes críticos de red,Incidentes críticos de red
TK-008472,Solicitudes rutinarias,Solicitudes rutinarias
TK-008473,Fallas de hardware,Fallas de hardware
TK-008474,Solicitudes rutinarias,Solicitudes rutinarias
TK-008475,Solicitudes rutinarias,Solicitudes rutinarias
TK-008476,Solicitudes rutinarias,Solicitudes rutinarias
TK-008477,Solicitudes rutinarias,Solicitudes rutinarias
TK-008478,Errores recurrentes de software/ERP,Errores recurrentes de software/ERP
TK-008479,Solicitudes rutinarias,Solicitudes rutinarias
TK-008480,Solicitudes rutinarias,Solicitudes rutinarias
TK-008481,Fallas de hardware,Solicitudes rutinarias
TK-008482,Errores recurrentes de software/ERP,Errores recurrentes de software/ERP
TK-008483,Solicitudes rutinarias,Solicitudes rutinarias
TK-008484,Incidentes críticos de red,Incidentes de seguridad
TK-008485,Solicitudes rutinarias,Solicitudes rutinarias
TK-008486,Errores recurrentes de software/ERP,Errores recurrentes de software/ERP
TK-008487,Incidentes de seguridad,Incidentes de seguridad
TK-008488,Fallas de hardware,Fallas de hardware
TK-008489,Fallas de hardware,Fallas de hardware
TK-008490,Errores recurrentes de software/ERP,Errores recurrentes de software/ERP
TK-008491,Fallas de hardware,Solicitudes rutinarias
TK-008492,Solicitudes rutinarias,Solicitudes rutinarias
TK-008493,Solicitudes rutinarias,Solicitudes rutinarias
TK-008494,Solicitudes rutinarias,Solicitudes rutinarias
TK-008495,Fallas de hardware,Fallas de hardware
TK-008496,Solicitudes rutinarias,Solicitudes rutinarias
TK-008497,Solicitudes rutinarias,Solicitudes rutinarias
TK-008498,Fallas de hardware,Fallas de hardware
TK-008499,Errores recurrentes de software/ERP,Errores recurrentes de software/ERP
TK-008500,Fallas de hardware,Fallas de hardware
TK-008501,Fallas de hardware,Fallas de hardware
TK-008502,Solicitudes rutinarias,Solicitudes rutinarias
TK-008503,Solicitudes rutinarias,Solicitudes rutinarias
TK-008504,Casos crónicos,Incidentes críticos de red
TK-008505,Fallas de hardware,Fallas de hardware
TK-008506,Solicitudes rutinarias,Solicitudes rutinarias
TK-008507,Solicitudes rutinarias,Solicitudes rutinarias
TK-008508,Incidentes críticos de red,Incidentes críticos de red
TK-008509,Solicitudes rutinarias,Solicitudes rutinarias
TK-008510,Incidentes de seguridad,Incidentes de seguridad
TK-008511,Errores recurrentes de software/ERP,Errores recurrentes de software/ERP
TK-008512,Incidentes críticos de red,Incidentes críticos de red
TK-008513,Errores recurrentes de software/ERP,Errores recurrentes de software/ERP
TK-008514,Solicitudes rutinarias,Solicitudes rutinarias
TK-008515,Errores recurrentes de software/ERP,Errores recurrentes de software/ERP
TK-008516,Solicitudes rutinarias,Solicitudes rutinarias
TK-008517,Solicitudes rutinarias,Solicitudes rutinarias
TK-008518,Solicitudes rutinarias,Errores recurrentes de software/ERP
TK-008519,Incidentes críticos de red,Incidentes críticos de red
TK-008520,Solicitudes rutinarias,Solicitudes rutinarias
TK-008521,Solicitudes rutinarias,Solicitudes rutinarias
TK-008522,Errores recurrentes de software/ERP,Errores recurrentes de software/ERP
TK-008523,Fallas de hardware,Fallas de hardware
TK-008524,Incidentes de seguridad,Incidentes de seguridad
TK-008525,Errores recurrentes de software/ERP,Errores recurrentes de software/ERP
TK-008526,Solicitudes rutinarias,Errores recurrentes de software/ERP
TK-008527,Solicitudes rutinarias,Errores recurrentes de software/ERP
TK-008528,Fallas de hardware,Fallas de hardware
TK-008529,Solicitudes rutinarias,Solicitudes rutinarias
TK-008530,Solicitudes rutinarias,Fallas de hardware
TK-008531,Solicitudes rutinarias,Errores recurrentes de software/ERP
TK-008532,Solicitudes rutinarias,Solicitudes rutinarias
TK-008533,Solicitudes rutinarias,Solicitudes rutinarias
TK-008534,Errores recurrentes de software/ERP,Errores recurrentes de software/ERP
TK-008535,Solicitudes rutinarias,Solicitudes rutinarias
TK-008536,Solicitudes rutinarias,Solicitudes rutinarias
TK-008537,Solicitudes rutinarias,Fallas de hardware
TK-008538,Incidentes de seguridad,Incidentes de seguridad
TK-008539,Solicitudes rutinarias,Solicitudes rutinarias
TK-008540,Solicitudes rutinarias,Fallas de hardware
TK-008541,Solicitudes rutinarias,Solicitudes rutinarias
TK-008542,Fallas de hardware,Errores recurrentes de software/ERP
TK-008543,Solicitudes rutinarias,Solicitudes rutinarias
TK-008544,Fallas de hardware,Fallas de hardware
TK-008545,Solicitudes rutinarias,Solicitudes rutinarias
TK-008546,Errores recurrentes de software/ERP,Errores recurrentes de software/ERP
TK-008547,Fallas de hardware,Fallas de hardware
TK-008548,Fallas de hardware,Fallas de hardware
TK-008549,Incidentes de seguridad,Incidentes de seguridad
TK-008550,Solicitudes rutinarias,Solicitudes rutinarias
TK-008551,Solicitudes rutinarias,Solicitudes rutinarias
TK-008552,Incidentes de seguridad,Incidentes de seguridad
TK-008553,Fallas de hardware,Fallas de hardware
TK-008554,Solicitudes rutinarias,Solicitudes rutinarias
TK-008555,Solicitudes rutinarias,Solicitudes rutinarias
TK-008556,Solicitudes rutinarias,Solicitudes rutinarias
TK-008557,Solicitudes rutinarias,Solicitudes rutinarias
TK-008558,Solicitudes rutinarias,Solicitudes rutinarias
TK-008559,Incidentes de seguridad,Incidentes de seguridad
TK-008560,Fallas de hardware,Fallas de hardware
TK-008561,Solicitudes rutinarias,Solicitudes rutinarias
TK-008562,Errores recurrentes de software/ERP,Errores recurrentes de software/ERP
TK-008563,Fallas de hardware,Fallas de hardware
TK-008564,Solicitudes rutinarias,Solicitudes rutinarias
TK-008565,Fallas de hardware,Fallas de hardware
TK-008566,Fallas de hardware,Fallas de hardware
TK-008567,Solicitudes rutinarias,Solicitudes rutinarias
TK-008568,Solicitudes rutinarias,Solicitudes rutinarias
TK-008569,Incidentes críticos de red,Incidentes críticos de red
TK-008570,Solicitudes rutinarias,Solicitudes rutinarias
TK-008571,Fallas de hardware,Fallas de hardware
TK-008572,Errores recurrentes de software/ERP,Casos crónicos
TK-008573,Solicitudes rutinarias,Solicitudes rutinarias
TK-008574,Errores recurrentes de software/ERP,Casos crónicos
TK-008575,Fallas de hardware,Fallas de hardware
TK-008576,Solicitudes rutinarias,Solicitudes rutinarias
TK-008577,Solicitudes rutinarias,Solicitudes rutinarias
TK-008578,Errores recurrentes de software/ERP,Errores recurrentes de software/ERP
TK-008579,Incidentes de seguridad,Incidentes de seguridad
TK-008580,Solicitudes rutinarias,Solicitudes rutinarias
TK-008581,Fallas de hardware,Fallas de hardware
TK-008582,Solicitudes rutinarias,Solicitudes rutinarias
TK-008583,Fallas de hardware,Solicitudes rutinarias
TK-008584,Solicitudes rutinarias,Solicitudes rutinarias
TK-008585,Errores recurrentes de software/ERP,Errores recurrentes de software/ERP
TK-008586,Fallas de hardware,Fallas de hardware
TK-008587,Solicitudes rutinarias,Solicitudes rutinarias
TK-008588,Solicitudes rutinarias,Solicitudes rutinarias
TK-008589,Incidentes de seguridad,Solicitudes rutinarias
TK-008590,Solicitudes rutinarias,Solicitudes rutinarias
TK-008591,Solicitudes rutinarias,Solicitudes rutinarias
TK-008592,Casos crónicos,Casos crónicos
TK-008593,Errores recurrentes de software/ERP,Errores recurrentes de software/ERP
TK-008594,Solicitudes rutinarias,Solicitudes rutinarias
TK-008595,Solicitudes rutinarias,Solicitudes rutinarias
TK-008596,Errores recurrentes de software/ERP,Errores recurrentes de software/ERP
TK-008597,Solicitudes rutinarias,Solicitudes rutinarias
TK-008598,Solicitudes rutinarias,Solicitudes rutinarias
TK-008599,Errores recurrentes de software/ERP,Solicitudes rutinarias
TK-008600,Incidentes de seguridad,Solicitudes rutinarias
TK-008601,Fallas de hardware,Fallas de hardware
TK-008602,Solicitudes rutinarias,Solicitudes rutinarias
TK-008603,Solicitudes rutinarias,Solicitudes rutinarias
TK-008604,Solicitudes rutinarias,Solicitudes rutinarias
TK-008605,Fallas de hardware,Fallas de hardware
TK-008606,Fallas de hardware,Fallas de hardware
TK-008607,Incidentes de seguridad,Incidentes de seguridad
TK-008608,Solicitudes rutinarias,Solicitudes rutinarias
TK-008609,Solicitudes rutinarias,Solicitudes rutinarias
TK-008610,Solicitudes rutinarias,Solicitudes rutinarias
TK-008611,Solicitudes rutinarias,Solicitudes rutinarias
TK-008612,Errores recurrentes de software/ERP,Errores recurrentes de software/ERP
TK-008613,Solicitudes rutinarias,Solicitudes rutinarias
TK-008614,Fallas de hardware,Fallas de hardware
TK-008615,Solicitudes rutinarias,Solicitudes rutinarias
TK-008616,Fallas de hardware,Fallas de hardware
TK-008617,Solicitudes rutinarias,Solicitudes rutinarias
TK-008618,Fallas de hardware,Fallas de hardware
TK-008619,Fallas de hardware,Fallas de hardware
TK-008620,Solicitudes rutinarias,Solicitudes rutinarias
TK-008621,Solicitudes rutinarias,Solicitudes rutinarias
TK-008622,Casos crónicos,Casos crónicos
TK-008623,Casos crónicos,Casos crónicos
TK-008624,Incidentes críticos de red,Incidentes críticos de red
TK-008625,Incidentes críticos de red,Incidentes críticos de red
TK-008626,Fallas de hardware,Fallas de hardware
TK-008627,Incidentes de seguridad,Solicitudes rutinarias
TK-008628,Fallas de hardware,Fallas de hardware
TK-008629,Solicitudes rutinarias,Solicitudes rutinarias
TK-008630,Solicitudes rutinarias,Fallas de hardware
TK-008631,Solicitudes rutinarias,Solicitudes rutinarias
TK-008632,Solicitudes rutinarias,Solicitudes rutinarias
TK-008633,Solicitudes rutinarias,Solicitudes rutinarias
TK-008634,Solicitudes rutinarias,Solicitudes rutinarias
TK-008635,Solicitudes rutinarias,Solicitudes rutinarias
TK-008636,Solicitudes rutinarias,Solicitudes rutinarias
TK-008637,Incidentes críticos de red,Incidentes críticos de red
TK-008638,Fallas de hardware,Fallas de hardware
TK-008639,Solicitudes rutinarias,Fallas de hardware
TK-008640,Solicitudes rutinarias,Solicitudes rutinarias
TK-008641,Incidentes de seguridad,Incidentes de seguridad
TK-008642,Errores recurrentes de software/ERP,Errores recurrentes de software/ERP
TK-008643,Solicitudes rutinarias,Fallas de hardware
TK-008644,Solicitudes rutinarias,Solicitudes rutinarias
TK-008645,Errores recurrentes de software/ERP,Errores recurrentes de software/ERP
TK-008646,Solicitudes rutinarias,Solicitudes rutinarias
TK-008647,Incidentes críticos de red,Incidentes críticos de red
TK-008648,Fallas de hardware,Fallas de hardware
TK-008649,Solicitudes rutinarias,Solicitudes rutinarias
TK-008650,Solicitudes rutinarias,Solicitudes rutinarias
TK-008651,Solicitudes rutinarias,Solicitudes rutinarias
TK-008652,Solicitudes rutinarias,Fallas de hardware
TK-008653,Fallas de hardware,Fallas de hardware
TK-008654,Solicitudes rutinarias,Solicitudes rutinarias
TK-008655,Fallas de hardware,Fallas de hardware
TK-008656,Solicitudes rutinarias,Solicitudes rutinarias
TK-008657,Fallas de hardware,Fallas de hardware
TK-008658,Fallas de hardware,Errores recurrentes de software/ERP
TK-008659,Fallas de hardware,Fallas de hardware
TK-008660,Solicitudes rutinarias,Solicitudes rutinarias
TK-008661,Solicitudes rutinarias,Solicitudes rutinarias
TK-008662,Solicitudes rutinarias,Solicitudes rutinarias
TK-008663,Errores recurrentes de software/ERP,Errores recurrentes de software/ERP
TK-008664,Solicitudes rutinarias,Solicitudes rutinarias
TK-008665,Solicitudes rutinarias,Solicitudes rutinarias
TK-008666,Fallas de hardware,Fallas de hardware
TK-008667,Solicitudes rutinarias,Solicitudes rutinarias
TK-008668,Solicitudes rutinarias,Solicitudes rutinarias
TK-008669,Fallas de hardware,Fallas de hardware
TK-008670,Fallas de hardware,Fallas de hardware
TK-008671,Solicitudes rutinarias,Solicitudes rutinarias
TK-008672,Solicitudes rutinarias,Solicitudes rutinarias
TK-008673,Errores recurrentes de software/ERP,Errores recurrentes de software/ERP
TK-008674,Errores recurrentes de software/ERP,Casos crónicos
TK-008675,Solicitudes rutinarias,Solicitudes rutinarias
TK-008676,Solicitudes rutinarias,Solicitudes rutinarias
TK-008677,Solicitudes rutinarias,Solicitudes rutinarias
TK-008678,Solicitudes rutinarias,Solicitudes rutinarias
TK-008679,Solicitudes rutinarias,Solicitudes rutinarias
TK-008680,Incidentes de seguridad,Incidentes de seguridad
TK-008681,Errores recurrentes de software/ERP,Errores recurrentes de software/ERP
TK-008682,Solicitudes rutinarias,Solicitudes rutinarias
TK-008683,Errores recurrentes de software/ERP,Errores recurrentes de software/ERP
TK-008684,Fallas de hardware,Fallas de hardware
TK-008685,Solicitudes rutinarias,Solicitudes rutinarias
TK-008686,Solicitudes rutinarias,Solicitudes rutinarias
TK-008687,Solicitudes rutinarias,Errores recurrentes de software/ERP
TK-008688,Fallas de hardware,Fallas de hardware
TK-008689,Casos crónicos,Casos crónicos
TK-008690,Errores recurrentes de software/ERP,Errores recurrentes de software/ERP
TK-008691,Fallas de hardware,Fallas de hardware
TK-008692,Solicitudes rutinarias,Solicitudes rutinarias
TK-008693,Casos crónicos,Errores recurrentes de software/ERP
TK-008694,Errores recurrentes de software/ERP,Errores recurrentes de software/ERP
TK-008695,Errores recurrentes de software/ERP,Errores recurrentes de software/ERP
TK-008696,Solicitudes rutinarias,Solicitudes rutinarias
TK-008697,Solicitudes rutinarias,Solicitudes rutinarias
TK-008698,Incidentes de seguridad,Incidentes de seguridad
TK-008699,Errores recurrentes de software/ERP,Errores recurrentes de software/ERP
TK-008700,Errores recurrentes de software/ERP,Solicitudes rutinarias
TK-008701,Solicitudes rutinarias,Solicitudes rutinarias
TK-008702,Errores recurrentes de software/ERP,Errores recurrentes de software/ERP
TK-008703,Solicitudes rutinarias,Solicitudes rutinarias
TK-008704,Solicitudes rutinarias,Solicitudes rutinarias
TK-008705,Solicitudes rutinarias,Solicitudes rutinarias
TK-008706,Incidentes de seguridad,Incidentes de seguridad
TK-008707,Errores recurrentes de software/ERP,Errores recurrentes de software/ERP
TK-008708,Errores recurrentes de software/ERP,Casos crónicos
TK-008709,Incidentes de seguridad,Incidentes de seguridad
TK-008710,Fallas de hardware,Errores recurrentes de software/ERP
TK-008711,Errores recurrentes de software/ERP,Errores recurrentes de software/ERP
TK-008712,Fallas de hardware,Fallas de hardware
TK-008713,Errores recurrentes de software/ERP,Errores recurrentes de software/ERP
TK-008714,Solicitudes rutinarias,Solicitudes rutinarias
TK-008715,Fallas de hardware,Fallas de hardware
TK-008716,Solicitudes rutinarias,Solicitudes rutinarias
TK-008717,Solicitudes rutinarias,Solicitudes rutinarias
TK-008718,Fallas de hardware,Fallas de hardware
TK-008719,Errores recurrentes de software/ERP,Errores recurrentes de software/ERP
TK-008720,Solicitudes rutinarias,Solicitudes rutinarias
TK-008721,Solicitudes rutinarias,Solicitudes rutinarias
TK-008722,Solicitudes rutinarias,Solicitudes rutinarias
TK-008723,Incidentes de seguridad,Solicitudes rutinarias
TK-008724,Solicitudes rutinarias,Solicitudes rutinarias
TK-008725,Fallas de hardware,Fallas de hardware
TK-008726,Fallas de hardware,Solicitudes rutinarias
TK-008727,Errores recurrentes de software/ERP,Errores recurrentes de software/ERP
TK-008728,Solicitudes rutinarias,Solicitudes rutinarias
TK-008729,Solicitudes rutinarias,Solicitudes rutinarias
TK-008730,Solicitudes rutinarias,Fallas de hardware
TK-008731,Solicitudes rutinarias,Solicitudes rutinarias
TK-008732,Solicitudes rutinarias,Solicitudes rutinarias
TK-008733,Solicitudes rutinarias,Solicitudes rutinarias
TK-008734,Casos crónicos,Casos crónicos
TK-008735,Errores recurrentes de software/ERP,Errores recurrentes de software/ERP
TK-008736,Errores recurrentes de software/ERP,Errores recurrentes de software/ERP
TK-008737,Solicitudes rutinarias,Solicitudes rutinarias
TK-008738,Solicitudes rutinarias,Solicitudes rutinarias
TK-008739,Solicitudes rutinarias,Solicitudes rutinarias
TK-008740,Solicitudes rutinarias,Solicitudes rutinarias
TK-008741,Fallas de hardware,Fallas de hardware
TK-008742,Solicitudes rutinarias,Solicitudes rutinarias
TK-008743,Incidentes críticos de red,Incidentes críticos de red
TK-008744,Incidentes de seguridad,Incidentes de seguridad
TK-008745,Solicitudes rutinarias,Solicitudes rutinarias
TK-008746,Solicitudes rutinarias,Solicitudes rutinarias
TK-008747,Incidentes de seguridad,Incidentes de seguridad
TK-008748,Fallas de hardware,Fallas de hardware
TK-008749,Solicitudes rutinarias,Solicitudes rutinarias
TK-008750,Incidentes de seguridad,Incidentes de seguridad
TK-008751,Casos crónicos,Casos crónicos
TK-008752,Errores recurrentes de software/ERP,Errores recurrentes de software/ERP
TK-008753,Solicitudes rutinarias,Solicitudes rutinarias
TK-008754,Errores recurrentes de software/ERP,Errores recurrentes de software/ERP
TK-008755,Solicitudes rutinarias,Errores recurrentes de software/ERP
TK-008756,Solicitudes rutinarias,Solicitudes rutinarias
TK-008757,Solicitudes rutinarias,Fallas de hardware
TK-008758,Errores recurrentes de software/ERP,Errores recurrentes de software/ERP
TK-008759,Solicitudes rutinarias,Solicitudes rutinarias
TK-008760,Solicitudes rutinarias,Solicitudes rutinarias
TK-008761,Fallas de hardware,Solicitudes rutinarias
TK-008762,Solicitudes rutinarias,Solicitudes rutinarias
TK-008763,Solicitudes rutinarias,Solicitudes rutinarias
TK-008764,Fallas de hardware,Fallas de hardware
TK-008765,Fallas de hardware,Fallas de hardware
TK-008766,Solicitudes rutinarias,Solicitudes rutinarias
TK-008767,Solicitudes rutinarias,Solicitudes rutinarias
TK-008768,Solicitudes rutinarias,Errores recurrentes de software/ERP
TK-008769,Casos crónicos,Errores recurrentes de software/ERP
TK-008770,Solicitudes rutinarias,Solicitudes rutinarias
TK-008771,Errores recurrentes de software/ERP,Solicitudes rutinarias
TK-008772,Solicitudes rutinarias,Solicitudes rutinarias
TK-008773,Errores recurrentes de software/ERP,Solicitudes rutinarias
TK-008774,Fallas de hardware,Fallas de hardware
TK-008775,Solicitudes rutinarias,Solicitudes rutinarias
TK-008776,Errores recurrentes de software/ERP,Errores recurrentes de software/ERP
TK-008777,Solicitudes rutinarias,Solicitudes rutinarias
TK-008778,Fallas de hardware,Fallas de hardware
TK-008779,Fallas de hardware,Fallas de hardware
TK-008780,Solicitudes rutinarias,Solicitudes rutinarias
TK-008781,Solicitudes rutinarias,Solicitudes rutinarias
TK-008782,Errores recurrentes de software/ERP,Errores recurrentes de software/ERP
TK-008783,Incidentes críticos de red,Incidentes críticos de red
TK-008784,Solicitudes rutinarias,Solicitudes rutinarias
TK-008785,Fallas de hardware,Fallas de hardware
TK-008786,Fallas de hardware,Fallas de hardware
TK-008787,Solicitudes rutinarias,Solicitudes rutinarias
TK-008788,Errores recurrentes de software/ERP,Errores recurrentes de software/ERP
TK-008789,Fallas de hardware,Fallas de hardware
TK-008790,Casos crónicos,Casos crónicos
TK-008791,Incidentes de seguridad,Incidentes de seguridad
TK-008792,Solicitudes rutinarias,Solicitudes rutinarias
TK-008793,Solicitudes rutinarias,Solicitudes rutinarias
TK-008794,Errores recurrentes de software/ERP,Errores recurrentes de software/ERP
TK-008795,Incidentes de seguridad,Incidentes de seguridad
TK-008796,Solicitudes rutinarias,Solicitudes rutinarias
TK-008797,Solicitudes rutinarias,Solicitudes rutinarias
TK-008798,Solicitudes rutinarias,Solicitudes rutinarias
TK-008799,Fallas de hardware,Fallas de hardware
TK-008800,Solicitudes rutinarias,Errores recurrentes de software/ERP
TK-008801,Solicitudes rutinarias,Solicitudes rutinarias
TK-008802,Solicitudes rutinarias,Solicitudes rutinarias
TK-008803,Solicitudes rutinarias,Solicitudes rutinarias
TK-008804,Fallas de hardware,Fallas de hardware
TK-008805,Fallas de hardware,Fallas de hardware
TK-008806,Solicitudes rutinarias,Solicitudes rutinarias
TK-008807,Errores recurrentes de software/ERP,Errores recurrentes de software/ERP
TK-008808,Solicitudes rutinarias,Solicitudes rutinarias
TK-008809,Errores recurrentes de software/ERP,Errores recurrentes de software/ERP
TK-008810,Errores recurrentes de software/ERP,Errores recurrentes de software/ERP
TK-008811,Incidentes de seguridad,Incidentes de seguridad
TK-008812,Errores recurrentes de software/ERP,Casos crónicos
TK-008813,Solicitudes rutinarias,Errores recurrentes de software/ERP
TK-008814,Solicitudes rutinarias,Solicitudes rutinarias
TK-008815,Casos crónicos,Casos crónicos
TK-008816,Solicitudes rutinarias,Solicitudes rutinarias
TK-008817,Incidentes de seguridad,Incidentes de seguridad
TK-008818,Fallas de hardware,Fallas de hardware
TK-008819,Solicitudes rutinarias,Solicitudes rutinarias
TK-008820,Solicitudes rutinarias,Solicitudes rutinarias
TK-008821,Errores recurrentes de software/ERP,Errores recurrentes de software/ERP
TK-008822,Solicitudes rutinarias,Solicitudes rutinarias
TK-008823,Incidentes críticos de red,Incidentes críticos de red
TK-008824,Solicitudes rutinarias,Solicitudes rutinarias
TK-008825,Errores recurrentes de software/ERP,Errores recurrentes de software/ERP
TK-008826,Incidentes críticos de red,Incidentes críticos de red
TK-008827,Solicitudes rutinarias,Solicitudes rutinarias
TK-008828,Solicitudes rutinarias,Solicitudes rutinarias
TK-008829,Solicitudes rutinarias,Solicitudes rutinarias
TK-008830,Solicitudes rutinarias,Solicitudes rutinarias
TK-008831,Solicitudes rutinarias,Solicitudes rutinarias
TK-008832,Errores recurrentes de software/ERP,Errores recurrentes de software/ERP
TK-008833,Incidentes críticos de red,Incidentes críticos de red
TK-008834,Solicitudes rutinarias,Solicitudes rutinarias
TK-008835,Solicitudes rutinarias,Solicitudes rutinarias
TK-008836,Solicitudes rutinarias,Solicitudes rutinarias
TK-008837,Incidentes de seguridad,Incidentes de seguridad
TK-008838,Fallas de hardware,Fallas de hardware
TK-008839,Solicitudes rutinarias,Solicitudes rutinarias
TK-008840,Fallas de hardware,Fallas de hardware
TK-008841,Errores recurrentes de software/ERP,Errores recurrentes de software/ERP
TK-008842,Fallas de hardware,Fallas de hardware
TK-008843,Solicitudes rutinarias,Solicitudes rutinarias
TK-008844,Errores recurrentes de software/ERP,Errores recurrentes de software/ERP
TK-008845,Solicitudes rutinarias,Solicitudes rutinarias
TK-008846,Errores recurrentes de software/ERP,Errores recurrentes de software/ERP
TK-008847,Errores recurrentes de software/ERP,Solicitudes rutinarias
TK-008848,Solicitudes rutinarias,Fallas de hardware
TK-008849,Solicitudes rutinarias,Solicitudes rutinarias
TK-008850,Fallas de hardware,Fallas de hardware
TK-008851,Errores recurrentes de software/ERP,Errores recurrentes de software/ERP
TK-008852,Solicitudes rutinarias,Solicitudes rutinarias
TK-008853,Solicitudes rutinarias,Solicitudes rutinarias
TK-008854,Solicitudes rutinarias,Solicitudes rutinarias
TK-008855,Solicitudes rutinarias,Solicitudes rutinarias
TK-008856,Solicitudes rutinarias,Solicitudes rutinarias
TK-008857,Fallas de hardware,Fallas de hardware
TK-008858,Solicitudes rutinarias,Solicitudes rutinarias
TK-008859,Solicitudes rutinarias,Solicitudes rutinarias
TK-008860,Solicitudes rutinarias,Solicitudes rutinarias
TK-008861,Fallas de hardware,Fallas de hardware
TK-008862,Solicitudes rutinarias,Solicitudes rutinarias
TK-008863,Solicitudes rutinarias,Solicitudes rutinarias
TK-008864,Solicitudes rutinarias,Solicitudes rutinarias
TK-008865,Fallas de hardware,Fallas de hardware
TK-008866,Errores recurrentes de software/ERP,Errores recurrentes de software/ERP
TK-008867,Incidentes críticos de red,Incidentes críticos de red
TK-008868,Solicitudes rutinarias,Solicitudes rutinarias
TK-008869,Incidentes críticos de red,Incidentes críticos de red
TK-008870,Fallas de hardware,Fallas de hardware
TK-008871,Solicitudes rutinarias,Solicitudes rutinarias
TK-008872,Solicitudes rutinarias,Fallas de hardware
TK-008873,Solicitudes rutinarias,Solicitudes rutinarias
TK-008874,Fallas de hardware,Fallas de hardware
TK-008875,Errores recurrentes de software/ERP,Errores recurrentes de software/ERP
TK-008876,Fallas de hardware,Fallas de hardware
TK-008877,Solicitudes rutinarias,Solicitudes rutinarias
TK-008878,Errores recurrentes de software/ERP,Errores recurrentes de software/ERP
TK-008879,Solicitudes rutinarias,Solicitudes rutinarias
TK-008880,Solicitudes rutinarias,Solicitudes rutinarias
TK-008881,Solicitudes rutinarias,Solicitudes rutinarias
TK-008882,Incidentes críticos de red,Incidentes críticos de red
TK-008883,Solicitudes rutinarias,Solicitudes rutinarias
TK-008884,Errores recurrentes de software/ERP,Errores recurrentes de software/ERP
TK-008885,Solicitudes rutinarias,Solicitudes rutinarias
TK-008886,Errores recurrentes de software/ERP,Errores recurrentes de software/ERP
TK-008887,Solicitudes rutinarias,Fallas de hardware
TK-008888,Errores recurrentes de software/ERP,Errores recurrentes de software/ERP
TK-008889,Solicitudes rutinarias,Solicitudes rutinarias
TK-008890,Fallas de hardware,Fallas de hardware
TK-008891,Fallas de hardware,Fallas de hardware
TK-008892,Errores recurrentes de software/ERP,Errores recurrentes de software/ERP
TK-008893,Solicitudes rutinarias,Solicitudes rutinarias
TK-008894,Errores recurrentes de software/ERP,Errores recurrentes de software/ERP
TK-008895,Solicitudes rutinarias,Solicitudes rutinarias
TK-008896,Fallas de hardware,Fallas de hardware
TK-008897,Incidentes críticos de red,Incidentes críticos de red
TK-008898,Solicitudes rutinarias,Solicitudes rutinarias
TK-008899,Errores recurrentes de software/ERP,Errores recurrentes de software/ERP
TK-008900,Casos crónicos,Casos crónicos
TK-008901,Solicitudes rutinarias,Solicitudes rutinarias
TK-008902,Incidentes de seguridad,Incidentes de seguridad
TK-008903,Solicitudes rutinarias,Solicitudes rutinarias
TK-008904,Solicitudes rutinarias,Solicitudes rutinarias
TK-008905,Solicitudes rutinarias,Solicitudes rutinarias
TK-008906,Solicitudes rutinarias,Solicitudes rutinarias
TK-008907,Casos crónicos,Incidentes críticos de red
TK-008908,Solicitudes rutinarias,Solicitudes rutinarias
TK-008909,Incidentes críticos de red,Incidentes de seguridad
TK-008910,Solicitudes rutinarias,Solicitudes rutinarias
TK-008911,Incidentes de seguridad,Incidentes de seguridad
TK-008912,Incidentes de seguridad,Incidentes de seguridad
TK-008913,Fallas de hardware,Fallas de hardware
TK-008914,Errores recurrentes de software/ERP,Errores recurrentes de software/ERP
TK-008915,Solicitudes rutinarias,Solicitudes rutinarias
TK-008916,Errores recurrentes de software/ERP,Errores recurrentes de software/ERP
TK-008917,Solicitudes rutinarias,Solicitudes rutinarias
TK-008918,Errores recurrentes de software/ERP,Errores recurrentes de software/ERP
TK-008919,Fallas de hardware,Fallas de hardware
TK-008920,Fallas de hardware,Fallas de hardware
TK-008921,Solicitudes rutinarias,Solicitudes rutinarias
TK-008922,Errores recurrentes de software/ERP,Errores recurrentes de software/ERP
TK-008923,Solicitudes rutinarias,Solicitudes rutinarias
TK-008924,Solicitudes rutinarias,Fallas de hardware
TK-008925,Fallas de hardware,Solicitudes rutinarias
TK-008926,Solicitudes rutinarias,Solicitudes rutinarias
TK-008927,Incidentes críticos de red,Incidentes críticos de red
TK-008928,Fallas de hardware,Fallas de hardware
TK-008929,Errores recurrentes de software/ERP,Errores recurrentes de software/ERP
TK-008930,Fallas de hardware,Fallas de hardware
TK-008931,Solicitudes rutinarias,Solicitudes rutinarias
TK-008932,Fallas de hardware,Fallas de hardware
TK-008933,Solicitudes rutinarias,Errores recurrentes de software/ERP
TK-008934,Errores recurrentes de software/ERP,Errores recurrentes de software/ERP
TK-008935,Incidentes críticos de red,Incidentes críticos de red
TK-008936,Incidentes críticos de red,Errores recurrentes de software/ERP
TK-008937,Solicitudes rutinarias,Solicitudes rutinarias
TK-008938,Solicitudes rutinarias,Solicitudes rutinarias
TK-008939,Fallas de hardware,Solicitudes rutinarias
TK-008940,Solicitudes rutinarias,Solicitudes rutinarias
TK-008941,Errores recurrentes de software/ERP,Errores recurrentes de software/ERP
TK-008942,Incidentes críticos de red,Incidentes críticos de red
TK-008943,Fallas de hardware,Fallas de hardware
TK-008944,Solicitudes rutinarias,Solicitudes rutinarias
TK-008945,Incidentes de seguridad,Incidentes de seguridad
TK-008946,Solicitudes rutinarias,Solicitudes rutinarias
TK-008947,Fallas de hardware,Fallas de hardware
TK-008948,Errores recurrentes de software/ERP,Errores recurrentes de software/ERP
TK-008949,Solicitudes rutinarias,Errores recurrentes de software/ERP
TK-008950,Errores recurrentes de software/ERP,Errores recurrentes de software/ERP
TK-008951,Fallas de hardware,Fallas de hardware
TK-008952,Solicitudes rutinarias,Solicitudes rutinarias
TK-008953,Incidentes de seguridad,Incidentes de seguridad
TK-008954,Solicitudes rutinarias,Solicitudes rutinarias
TK-008955,Solicitudes rutinarias,Solicitudes rutinarias
TK-008956,Solicitudes rutinarias,Solicitudes rutinarias
TK-008957,Errores recurrentes de software/ERP,Errores recurrentes de software/ERP
TK-008958,Solicitudes rutinarias,Solicitudes rutinarias
TK-008959,Incidentes de seguridad,Incidentes de seguridad
TK-008960,Incidentes críticos de red,Incidentes críticos de red
TK-008961,Solicitudes rutinarias,Solicitudes rutinarias
TK-008962,Incidentes críticos de red,Incidentes críticos de red
TK-008963,Solicitudes rutinarias,Solicitudes rutinarias
TK-008964,Fallas de hardware,Fallas de hardware
TK-008965,Solicitudes rutinarias,Solicitudes rutinarias
TK-008966,Solicitudes rutinarias,Solicitudes rutinarias
TK-008967,Solicitudes rutinarias,Solicitudes rutinarias
TK-008968,Fallas de hardware,Fallas de hardware
TK-008969,Solicitudes rutinarias,Solicitudes rutinarias
TK-008970,Errores recurrentes de software/ERP,Errores recurrentes de software/ERP
TK-008971,Errores recurrentes de software/ERP,Errores recurrentes de software/ERP
TK-008972,Solicitudes rutinarias,Solicitudes rutinarias
TK-008973,Errores recurrentes de software/ERP,Errores recurrentes de software/ERP
TK-008974,Fallas de hardware,Errores recurrentes de software/ERP
TK-008975,Solicitudes rutinarias,Solicitudes rutinarias
TK-008976,Solicitudes rutinarias,Solicitudes rutinarias
TK-008977,Errores recurrentes de software/ERP,Errores recurrentes de software/ERP
TK-008978,Solicitudes rutinarias,Solicitudes rutinarias
TK-008979,Errores recurrentes de software/ERP,Errores recurrentes de software/ERP
TK-008980,Solicitudes rutinarias,Errores recurrentes de software/ERP
TK-008981,Fallas de hardware,Fallas de hardware
TK-008982,Casos crónicos,Casos crónicos
TK-008983,Errores recurrentes de software/ERP,Errores recurrentes de software/ERP
TK-008984,Solicitudes rutinarias,Solicitudes rutinarias
TK-008985,Solicitudes rutinarias,Solicitudes rutinarias
TK-008986,Fallas de hardware,Fallas de hardware
TK-008987,Incidentes críticos de red,Incidentes críticos de red
TK-008988,Fallas de hardware,Fallas de hardware
TK-008989,Solicitudes rutinarias,Solicitudes rutinarias
TK-008990,Solicitudes rutinarias,Solicitudes rutinarias
TK-008991,Solicitudes rutinarias,Solicitudes rutinarias
TK-008992,Solicitudes rutinarias,Solicitudes rutinarias
TK-008993,Casos crónicos,Casos crónicos
TK-008994,Solicitudes rutinarias,Solicitudes rutinarias
TK-008995,Fallas de hardware,Fallas de hardware
TK-008996,Errores recurrentes de software/ERP,Errores recurrentes de software/ERP
TK-008997,Incidentes de seguridad,Incidentes de seguridad
TK-008998,Fallas de hardware,Fallas de hardware
TK-008999,Fallas de hardware,Fallas de hardware
TK-009000,Casos crónicos,Casos crónicos
TK-009001,Fallas de hardware,Errores recurrentes de software/ERP
TK-009002,Solicitudes rutinarias,Errores recurrentes de software/ERP
TK-009003,Solicitudes rutinarias,Solicitudes rutinarias
TK-009004,Solicitudes rutinarias,Solicitudes rutinarias
TK-009005,Solicitudes rutinarias,Errores recurrentes de software/ERP
TK-009006,Solicitudes rutinarias,Solicitudes rutinarias
TK-009007,Fallas de hardware,Fallas de hardware
TK-009008,Solicitudes rutinarias,Errores recurrentes de software/ERP
TK-009009,Solicitudes rutinarias,Fallas de hardware
TK-009010,Solicitudes rutinarias,Solicitudes rutinarias
TK-009011,Errores recurrentes de software/ERP,Errores recurrentes de software/ERP
TK-009012,Solicitudes rutinarias,Solicitudes rutinarias
TK-009013,Solicitudes rutinarias,Solicitudes rutinarias
TK-009014,Errores recurrentes de software/ERP,Errores recurrentes de software/ERP
TK-009015,Solicitudes rutinarias,Solicitudes rutinarias
TK-009016,Fallas de hardware,Fallas de hardware
TK-009017,Fallas de hardware,Solicitudes rutinarias
TK-009018,Fallas de hardware,Fallas de hardware
TK-009019,Solicitudes rutinarias,Solicitudes rutinarias
TK-009020,Incidentes críticos de red,Incidentes críticos de red
TK-009021,Errores recurrentes de software/ERP,Solicitudes rutinarias
TK-009022,Solicitudes rutinarias,Solicitudes rutinarias
TK-009023,Solicitudes rutinarias,Solicitudes rutinarias
TK-009024,Solicitudes rutinarias,Solicitudes rutinarias
TK-009025,Errores recurrentes de software/ERP,Solicitudes rutinarias
TK-009026,Incidentes de seguridad,Incidentes de seguridad
TK-009027,Incidentes de seguridad,Incidentes críticos de red
TK-009028,Solicitudes rutinarias,Solicitudes rutinarias
TK-009029,Solicitudes rutinarias,Solicitudes rutinarias
TK-009030,Errores recurrentes de software/ERP,Errores recurrentes de software/ERP
TK-009031,Solicitudes rutinarias,Fallas de hardware
TK-009032,Solicitudes rutinarias,Solicitudes rutinarias
TK-009033,Solicitudes rutinarias,Fallas de hardware
TK-009034,Solicitudes rutinarias,Fallas de hardware
TK-009035,Fallas de hardware,Fallas de hardware
TK-009036,Solicitudes rutinarias,Solicitudes rutinarias
TK-009037,Fallas de hardware,Fallas de hardware
TK-009038,Fallas de hardware,Fallas de hardware
TK-009039,Errores recurrentes de software/ERP,Errores recurrentes de software/ERP
TK-009040,Solicitudes rutinarias,Solicitudes rutinarias
TK-009041,Incidentes de seguridad,Incidentes de seguridad
TK-009042,Solicitudes rutinarias,Solicitudes rutinarias
TK-009043,Solicitudes rutinarias,Solicitudes rutinarias
TK-009044,Solicitudes rutinarias,Solicitudes rutinarias
TK-009045,Fallas de hardware,Errores recurrentes de software/ERP
TK-009046,Solicitudes rutinarias,Solicitudes rutinarias
TK-009047,Solicitudes rutinarias,Solicitudes rutinarias
TK-009048,Solicitudes rutinarias,Solicitudes rutinarias
TK-009049,Solicitudes rutinarias,Solicitudes rutinarias
TK-009050,Fallas de hardware,Fallas de hardware
TK-009051,Solicitudes rutinarias,Solicitudes rutinarias
TK-009052,Errores recurrentes de software/ERP,Solicitudes rutinarias
TK-009053,Solicitudes rutinarias,Solicitudes rutinarias
TK-009054,Incidentes de seguridad,Incidentes de seguridad
TK-009055,Errores recurrentes de software/ERP,Errores recurrentes de software/ERP
TK-009056,Solicitudes rutinarias,Solicitudes rutinarias
TK-009057,Solicitudes rutinarias,Solicitudes rutinarias
TK-009058,Incidentes de seguridad,Incidentes de seguridad
TK-009059,Solicitudes rutinarias,Solicitudes rutinarias
TK-009060,Errores recurrentes de software/ERP,Errores recurrentes de software/ERP
TK-009061,Solicitudes rutinarias,Solicitudes rutinarias
TK-009062,Errores recurrentes de software/ERP,Errores recurrentes de software/ERP
TK-009063,Incidentes de seguridad,Incidentes de seguridad
TK-009064,Solicitudes rutinarias,Solicitudes rutinarias
TK-009065,Errores recurrentes de software/ERP,Casos crónicos
TK-009066,Solicitudes rutinarias,Solicitudes rutinarias
TK-009067,Incidentes de seguridad,Incidentes de seguridad
TK-009068,Errores recurrentes de software/ERP,Errores recurrentes de software/ERP
TK-009069,Solicitudes rutinarias,Solicitudes rutinarias
TK-009070,Incidentes críticos de red,Incidentes críticos de red
TK-009071,Solicitudes rutinarias,Solicitudes rutinarias
TK-009072,Errores recurrentes de software/ERP,Errores recurrentes de software/ERP
TK-009073,Solicitudes rutinarias,Solicitudes rutinarias
TK-009074,Solicitudes rutinarias,Solicitudes rutinarias
TK-009075,Solicitudes rutinarias,Solicitudes rutinarias
TK-009076,Fallas de hardware,Fallas de hardware
TK-009077,Solicitudes rutinarias,Solicitudes rutinarias
TK-009078,Solicitudes rutinarias,Fallas de hardware
TK-009079,Solicitudes rutinarias,Solicitudes rutinarias
TK-009080,Incidentes de seguridad,Incidentes de seguridad
TK-009081,Solicitudes rutinarias,Solicitudes rutinarias
TK-009082,Incidentes de seguridad,Incidentes de seguridad
TK-009083,Incidentes críticos de red,Incidentes críticos de red
TK-009084,Solicitudes rutinarias,Solicitudes rutinarias
TK-009085,Solicitudes rutinarias,Solicitudes rutinarias
TK-009086,Solicitudes rutinarias,Solicitudes rutinarias
TK-009087,Solicitudes rutinarias,Solicitudes rutinarias
TK-009088,Incidentes críticos de red,Incidentes críticos de red
TK-009089,Fallas de hardware,Fallas de hardware
TK-009090,Incidentes de seguridad,Incidentes de seguridad
TK-009091,Fallas de hardware,Fallas de hardware
TK-009092,Fallas de hardware,Fallas de hardware
TK-009093,Errores recurrentes de software/ERP,Errores recurrentes de software/ERP
TK-009094,Solicitudes rutinarias,Solicitudes rutinarias
TK-009095,Incidentes de seguridad,Incidentes de seguridad
TK-009096,Solicitudes rutinarias,Solicitudes rutinarias
TK-009097,Incidentes críticos de red,Incidentes críticos de red
TK-009098,Solicitudes rutinarias,Solicitudes rutinarias
TK-009099,Fallas de hardware,Fallas de hardware
TK-009100,Errores recurrentes de software/ERP,Errores recurrentes de software/ERP
TK-009101,Solicitudes rutinarias,Solicitudes rutinarias
TK-009102,Errores recurrentes de software/ERP,Errores recurrentes de software/ERP
TK-009103,Fallas de hardware,Fallas de hardware
TK-009104,Incidentes críticos de red,Incidentes críticos de red
TK-009105,Solicitudes rutinarias,Solicitudes rutinarias
TK-009106,Errores recurrentes de software/ERP,Errores recurrentes de software/ERP
TK-009107,Errores recurrentes de software/ERP,Errores recurrentes de software/ERP
TK-009108,Solicitudes rutinarias,Solicitudes rutinarias
TK-009109,Solicitudes rutinarias,Solicitudes rutinarias
TK-009110,Solicitudes rutinarias,Solicitudes rutinarias
TK-009111,Errores recurrentes de software/ERP,Errores recurrentes de software/ERP
TK-009112,Solicitudes rutinarias,Solicitudes rutinarias
TK-009113,Solicitudes rutinarias,Solicitudes rutinarias
TK-009114,Solicitudes rutinarias,Solicitudes rutinarias
TK-009115,Fallas de hardware,Fallas de hardware
TK-009116,Solicitudes rutinarias,Solicitudes rutinarias
TK-009117,Solicitudes rutinarias,Fallas de hardware
TK-009118,Solicitudes rutinarias,Solicitudes rutinarias
TK-009119,Solicitudes rutinarias,Solicitudes rutinarias
TK-009120,Solicitudes rutinarias,Solicitudes rutinarias
TK-009121,Errores recurrentes de software/ERP,Casos crónicos
TK-009122,Errores recurrentes de software/ERP,Errores recurrentes de software/ERP
TK-009123,Errores recurrentes de software/ERP,Errores recurrentes de software/ERP
TK-009124,Fallas de hardware,Fallas de hardware
TK-009125,Errores recurrentes de software/ERP,Errores recurrentes de software/ERP
TK-009126,Errores recurrentes de software/ERP,Errores recurrentes de software/ERP
TK-009127,Fallas de hardware,Fallas de hardware
TK-009128,Errores recurrentes de software/ERP,Errores recurrentes de software/ERP
TK-009129,Solicitudes rutinarias,Solicitudes rutinarias
TK-009130,Solicitudes rutinarias,Solicitudes rutinarias
TK-009131,Incidentes críticos de red,Incidentes críticos de red
TK-009132,Solicitudes rutinarias,Solicitudes rutinarias
TK-009133,Errores recurrentes de software/ERP,Errores recurrentes de software/ERP
TK-009134,Incidentes críticos de red,Errores recurrentes de software/ERP
TK-009135,Errores recurrentes de software/ERP,Errores recurrentes de software/ERP
TK-009136,Fallas de hardware,Fallas de hardware
TK-009137,Incidentes de seguridad,Incidentes de seguridad
TK-009138,Errores recurrentes de software/ERP,Errores recurrentes de software/ERP
TK-009139,Fallas de hardware,Fallas de hardware
TK-009140,Casos crónicos,Casos crónicos
TK-009141,Solicitudes rutinarias,Solicitudes rutinarias
TK-009142,Incidentes de seguridad,Incidentes de seguridad
TK-009143,Solicitudes rutinarias,Solicitudes rutinarias
TK-009144,Solicitudes rutinarias,Solicitudes rutinarias
TK-009145,Solicitudes rutinarias,Solicitudes rutinarias
TK-009146,Solicitudes rutinarias,Solicitudes rutinarias
TK-009147,Solicitudes rutinarias,Solicitudes rutinarias
TK-009148,Solicitudes rutinarias,Fallas de hardware
TK-009149,Incidentes críticos de red,Incidentes críticos de red
TK-009150,Fallas de hardware,Solicitudes rutinarias
TK-009151,Fallas de hardware,Fallas de hardware
TK-009152,Solicitudes rutinarias,Errores recurrentes de software/ERP
TK-009153,Solicitudes rutinarias,Solicitudes rutinarias
TK-009154,Solicitudes rutinarias,Solicitudes rutinarias
TK-009155,Errores recurrentes de software/ERP,Errores recurrentes de software/ERP
TK-009156,Fallas de hardware,Fallas de hardware
TK-009157,Solicitudes rutinarias,Solicitudes rutinarias
TK-009158,Solicitudes rutinarias,Errores recurrentes de software/ERP
TK-009159,Errores recurrentes de software/ERP,Errores recurrentes de software/ERP
TK-009160,Fallas de hardware,Fallas de hardware
TK-009161,Solicitudes rutinarias,Errores recurrentes de software/ERP
TK-009162,Fallas de hardware,Fallas de hardware
TK-009163,Solicitudes rutinarias,Solicitudes rutinarias
TK-009164,Solicitudes rutinarias,Solicitudes rutinarias
TK-009165,Solicitudes rutinarias,Solicitudes rutinarias
TK-009166,Solicitudes rutinarias,Solicitudes rutinarias
TK-009167,Solicitudes rutinarias,Solicitudes rutinarias
TK-009168,Solicitudes rutinarias,Solicitudes rutinarias
TK-009169,Fallas de hardware,Fallas de hardware
TK-009170,Fallas de hardware,Fallas de hardware
TK-009171,Solicitudes rutinarias,Solicitudes rutinarias
TK-009172,Casos crónicos,Casos crónicos
TK-009173,Incidentes críticos de red,Incidentes críticos de red
TK-009174,Errores recurrentes de software/ERP,Errores recurrentes de software/ERP
TK-009175,Fallas de hardware,Solicitudes rutinarias
TK-009176,Fallas de hardware,Fallas de hardware
TK-009177,Incidentes críticos de red,Incidentes críticos de red
TK-009178,Solicitudes rutinarias,Solicitudes rutinarias
TK-009179,Incidentes de seguridad,Incidentes de seguridad
TK-009180,Fallas de hardware,Fallas de hardware
TK-009181,Solicitudes rutinarias,Solicitudes rutinarias
TK-009182,Solicitudes rutinarias,Errores recurrentes de software/ERP
TK-009183,Solicitudes rutinarias,Solicitudes rutinarias
TK-009184,Fallas de hardware,Solicitudes rutinarias
TK-009185,Solicitudes rutinarias,Solicitudes rutinarias
TK-009186,Solicitudes rutinarias,Solicitudes rutinarias
TK-009187,Solicitudes rutinarias,Solicitudes rutinarias
TK-009188,Incidentes críticos de red,Incidentes críticos de red
TK-009189,Solicitudes rutinarias,Solicitudes rutinarias
TK-009190,Solicitudes rutinarias,Solicitudes rutinarias
TK-009191,Incidentes críticos de red,Incidentes críticos de red
TK-009192,Errores recurrentes de software/ERP,Errores recurrentes de software/ERP
TK-009193,Errores recurrentes de software/ERP,Casos crónicos
TK-009194,Errores recurrentes de software/ERP,Errores recurrentes de software/ERP
TK-009195,Errores recurrentes de software/ERP,Solicitudes rutinarias
TK-009196,Incidentes críticos de red,Incidentes críticos de red
TK-009197,Incidentes críticos de red,Incidentes de seguridad
TK-009198,Solicitudes rutinarias,Solicitudes rutinarias
TK-009199,Solicitudes rutinarias,Solicitudes rutinarias
TK-009200,Solicitudes rutinarias,Solicitudes rutinarias
TK-009201,Fallas de hardware,Fallas de hardware
TK-009202,Casos crónicos,Casos crónicos
TK-009203,Solicitudes rutinarias,Solicitudes rutinarias
TK-009204,Solicitudes rutinarias,Solicitudes rutinarias
TK-009205,Solicitudes rutinarias,Solicitudes rutinarias
TK-009206,Solicitudes rutinarias,Solicitudes rutinarias
TK-009207,Errores recurrentes de software/ERP,Errores recurrentes de software/ERP
TK-009208,Solicitudes rutinarias,Solicitudes rutinarias
TK-009209,Fallas de hardware,Fallas de hardware
TK-009210,Solicitudes rutinarias,Solicitudes rutinarias
TK-009211,Solicitudes rutinarias,Solicitudes rutinarias
TK-009212,Incidentes de seguridad,Incidentes críticos de red
TK-009213,Errores recurrentes de software/ERP,Errores recurrentes de software/ERP
TK-009214,Errores recurrentes de software/ERP,Errores recurrentes de software/ERP
TK-009215,Fallas de hardware,Fallas de hardware
TK-009216,Solicitudes rutinarias,Solicitudes rutinarias
TK-009217,Fallas de hardware,Fallas de hardware
TK-009218,Casos crónicos,Casos crónicos
TK-009219,Fallas de hardware,Fallas de hardware
TK-009220,Casos crónicos,Casos crónicos
TK-009221,Solicitudes rutinarias,Solicitudes rutinarias
TK-009222,Solicitudes rutinarias,Solicitudes rutinarias
TK-009223,Incidentes críticos de red,Incidentes críticos de red
TK-009224,Fallas de hardware,Fallas de hardware
TK-009225,Solicitudes rutinarias,Solicitudes rutinarias
TK-009226,Solicitudes rutinarias,Solicitudes rutinarias
TK-009227,Solicitudes rutinarias,Solicitudes rutinarias
TK-009228,Errores recurrentes de software/ERP,Errores recurrentes de software/ERP
TK-009229,Errores recurrentes de software/ERP,Errores recurrentes de software/ERP
TK-009230,Solicitudes rutinarias,Solicitudes rutinarias
TK-009231,Incidentes críticos de red,Incidentes críticos de red
TK-009232,Errores recurrentes de software/ERP,Errores recurrentes de software/ERP
TK-009233,Fallas de hardware,Fallas de hardware
TK-009234,Solicitudes rutinarias,Solicitudes rutinarias
TK-009235,Incidentes de seguridad,Incidentes de seguridad
TK-009236,Solicitudes rutinarias,Solicitudes rutinarias
TK-009237,Fallas de hardware,Solicitudes rutinarias
TK-009238,Solicitudes rutinarias,Solicitudes rutinarias
TK-009239,Solicitudes rutinarias,Solicitudes rutinarias
TK-009240,Errores recurrentes de software/ERP,Errores recurrentes de software/ERP
TK-009241,Solicitudes rutinarias,Solicitudes rutinarias
TK-009242,Solicitudes rutinarias,Errores recurrentes de software/ERP
TK-009243,Errores recurrentes de software/ERP,Solicitudes rutinarias
TK-009244,Solicitudes rutinarias,Solicitudes rutinarias
TK-009245,Casos crónicos,Casos crónicos
TK-009246,Fallas de hardware,Fallas de hardware
TK-009247,Incidentes críticos de red,Incidentes críticos de red
TK-009248,Solicitudes rutinarias,Solicitudes rutinarias
TK-009249,Incidentes críticos de red,Incidentes críticos de red
TK-009250,Solicitudes rutinarias,Solicitudes rutinarias
TK-009251,Fallas de hardware,Fallas de hardware
TK-009252,Errores recurrentes de software/ERP,Errores recurrentes de software/ERP
TK-009253,Solicitudes rutinarias,Solicitudes rutinarias
TK-009254,Errores recurrentes de software/ERP,Errores recurrentes de software/ERP
TK-009255,Solicitudes rutinarias,Solicitudes rutinarias
TK-009256,Solicitudes rutinarias,Solicitudes rutinarias
TK-009257,Errores recurrentes de software/ERP,Errores recurrentes de software/ERP
TK-009258,Solicitudes rutinarias,Solicitudes rutinarias
TK-009259,Solicitudes rutinarias,Solicitudes rutinarias
TK-009260,Casos crónicos,Casos crónicos
TK-009261,Fallas de hardware,Fallas de hardware
TK-009262,Fallas de hardware,Solicitudes rutinarias
TK-009263,Solicitudes rutinarias,Solicitudes rutinarias
TK-009264,Errores recurrentes de software/ERP,Errores recurrentes de software/ERP
TK-009265,Incidentes de seguridad,Incidentes de seguridad
TK-009266,Incidentes de seguridad,Incidentes críticos de red
TK-009267,Solicitudes rutinarias,Solicitudes rutinarias
TK-009268,Fallas de hardware,Fallas de hardware
TK-009269,Errores recurrentes de software/ERP,Errores recurrentes de software/ERP
TK-009270,Fallas de hardware,Solicitudes rutinarias
TK-009271,Solicitudes rutinarias,Solicitudes rutinarias
TK-009272,Solicitudes rutinarias,Solicitudes rutinarias
TK-009273,Solicitudes rutinarias,Solicitudes rutinarias
TK-009274,Solicitudes rutinarias,Solicitudes rutinarias
TK-009275,Errores recurrentes de software/ERP,Errores recurrentes de software/ERP
TK-009276,Fallas de hardware,Errores recurrentes de software/ERP
TK-009277,Incidentes críticos de red,Incidentes críticos de red
TK-009278,Solicitudes rutinarias,Solicitudes rutinarias
TK-009279,Errores recurrentes de software/ERP,Errores recurrentes de software/ERP
TK-009280,Solicitudes rutinarias,Solicitudes rutinarias
TK-009281,Fallas de hardware,Fallas de hardware
TK-009282,Errores recurrentes de software/ERP,Errores recurrentes de software/ERP
TK-009283,Solicitudes rutinarias,Solicitudes rutinarias
TK-009284,Fallas de hardware,Fallas de hardware
TK-009285,Incidentes de seguridad,Incidentes de seguridad
TK-009286,Solicitudes rutinarias,Solicitudes rutinarias
TK-009287,Solicitudes rutinarias,Solicitudes rutinarias
TK-009288,Incidentes de seguridad,Incidentes de seguridad
TK-009289,Fallas de hardware,Fallas de hardware
TK-009290,Solicitudes rutinarias,Solicitudes rutinarias
TK-009291,Solicitudes rutinarias,Solicitudes rutinarias
TK-009292,Fallas de hardware,Fallas de hardware
TK-009293,Casos crónicos,Casos crónicos
TK-009294,Solicitudes rutinarias,Fallas de hardware
TK-009295,Errores recurrentes de software/ERP,Casos crónicos
TK-009296,Fallas de hardware,Fallas de hardware
TK-009297,Solicitudes rutinarias,Solicitudes rutinarias
TK-009298,Solicitudes rutinarias,Solicitudes rutinarias
TK-009299,Solicitudes rutinarias,Solicitudes rutinarias
TK-009300,Solicitudes rutinarias,Solicitudes rutinarias
TK-009301,Solicitudes rutinarias,Solicitudes rutinarias
TK-009302,Errores recurrentes de software/ERP,Errores recurrentes de software/ERP
TK-009303,Errores recurrentes de software/ERP,Solicitudes rutinarias
TK-009304,Solicitudes rutinarias,Solicitudes rutinarias
TK-009305,Solicitudes rutinarias,Solicitudes rutinarias
TK-009306,Errores recurrentes de software/ERP,Errores recurrentes de software/ERP
TK-009307,Errores recurrentes de software/ERP,Errores recurrentes de software/ERP
TK-009308,Solicitudes rutinarias,Solicitudes rutinarias
TK-009309,Solicitudes rutinarias,Solicitudes rutinarias
TK-009310,Solicitudes rutinarias,Solicitudes rutinarias
TK-009311,Errores recurrentes de software/ERP,Errores recurrentes de software/ERP
TK-009312,Solicitudes rutinarias,Solicitudes rutinarias
TK-009313,Errores recurrentes de software/ERP,Errores recurrentes de software/ERP
TK-009314,Errores recurrentes de software/ERP,Errores recurrentes de software/ERP
TK-009315,Solicitudes rutinarias,Solicitudes rutinarias
TK-009316,Solicitudes rutinarias,Solicitudes rutinarias
TK-009317,Solicitudes rutinarias,Solicitudes rutinarias
TK-009318,Errores recurrentes de software/ERP,Errores recurrentes de software/ERP
TK-009319,Solicitudes rutinarias,Solicitudes rutinarias
TK-009320,Solicitudes rutinarias,Solicitudes rutinarias
TK-009321,Errores recurrentes de software/ERP,Errores recurrentes de software/ERP
TK-009322,Solicitudes rutinarias,Solicitudes rutinarias
TK-009323,Errores recurrentes de software/ERP,Errores recurrentes de software/ERP
TK-009324,Solicitudes rutinarias,Solicitudes rutinarias
TK-009325,Errores recurrentes de software/ERP,Errores recurrentes de software/ERP
TK-009326,Solicitudes rutinarias,Solicitudes rutinarias
TK-009327,Fallas de hardware,Fallas de hardware
TK-009328,Incidentes de seguridad,Incidentes de seguridad
TK-009329,Fallas de hardware,Errores recurrentes de software/ERP
TK-009330,Errores recurrentes de software/ERP,Errores recurrentes de software/ERP
TK-009331,Solicitudes rutinarias,Solicitudes rutinarias
TK-009332,Errores recurrentes de software/ERP,Errores recurrentes de software/ERP
TK-009333,Solicitudes rutinarias,Fallas de hardware
TK-009334,Errores recurrentes de software/ERP,Errores recurrentes de software/ERP
TK-009335,Incidentes de seguridad,Incidentes de seguridad
TK-009336,Solicitudes rutinarias,Solicitudes rutinarias
TK-009337,Casos crónicos,Casos crónicos
TK-009338,Fallas de hardware,Fallas de hardware
TK-009339,Incidentes críticos de red,Incidentes críticos de red
TK-009340,Solicitudes rutinarias,Solicitudes rutinarias
TK-009341,Solicitudes rutinarias,Solicitudes rutinarias
TK-009342,Errores recurrentes de software/ERP,Errores recurrentes de software/ERP
TK-009343,Incidentes de seguridad,Incidentes de seguridad
TK-009344,Solicitudes rutinarias,Fallas de hardware
TK-009345,Solicitudes rutinarias,Solicitudes rutinarias
TK-009346,Fallas de hardware,Fallas de hardware
TK-009347,Fallas de hardware,Solicitudes rutinarias
TK-009348,Solicitudes rutinarias,Solicitudes rutinarias
TK-009349,Errores recurrentes de software/ERP,Errores recurrentes de software/ERP
TK-009350,Incidentes críticos de red,Incidentes críticos de red
TK-009351,Errores recurrentes de software/ERP,Errores recurrentes de software/ERP
TK-009352,Fallas de hardware,Fallas de hardware
TK-009353,Solicitudes rutinarias,Solicitudes rutinarias
TK-009354,Errores recurrentes de software/ERP,Errores recurrentes de software/ERP
TK-009355,Incidentes críticos de red,Incidentes críticos de red
TK-009356,Errores recurrentes de software/ERP,Errores recurrentes de software/ERP
TK-009357,Casos crónicos,Casos crónicos
TK-009358,Incidentes críticos de red,Incidentes críticos de red
TK-009359,Solicitudes rutinarias,Solicitudes rutinarias
TK-009360,Fallas de hardware,Solicitudes rutinarias
TK-009361,Fallas de hardware,Solicitudes rutinarias
TK-009362,Solicitudes rutinarias,Solicitudes rutinarias
TK-009363,Fallas de hardware,Fallas de hardware
TK-009364,Fallas de hardware,Solicitudes rutinarias
TK-009365,Errores recurrentes de software/ERP,Errores recurrentes de software/ERP
TK-009366,Fallas de hardware,Fallas de hardware
TK-009367,Errores recurrentes de software/ERP,Errores recurrentes de software/ERP
TK-009368,Solicitudes rutinarias,Solicitudes rutinarias
TK-009369,Errores recurrentes de software/ERP,Errores recurrentes de software/ERP
TK-009370,Incidentes de seguridad,Incidentes de seguridad
TK-009371,Solicitudes rutinarias,Solicitudes rutinarias
TK-009372,Solicitudes rutinarias,Solicitudes rutinarias
TK-009373,Solicitudes rutinarias,Solicitudes rutinarias
TK-009374,Fallas de hardware,Fallas de hardware
TK-009375,Solicitudes rutinarias,Solicitudes rutinarias
TK-009376,Solicitudes rutinarias,Solicitudes rutinarias
TK-009377,Solicitudes rutinarias,Solicitudes rutinarias
TK-009378,Errores recurrentes de software/ERP,Errores recurrentes de software/ERP
TK-009379,Solicitudes rutinarias,Solicitudes rutinarias
TK-009380,Solicitudes rutinarias,Solicitudes rutinarias
TK-009381,Solicitudes rutinarias,Solicitudes rutinarias
TK-009382,Solicitudes rutinarias,Solicitudes rutinarias
TK-009383,Fallas de hardware,Fallas de hardware
TK-009384,Incidentes de seguridad,Incidentes de seguridad
TK-009385,Incidentes críticos de red,Incidentes de seguridad
TK-009386,Fallas de hardware,Fallas de hardware
TK-009387,Errores recurrentes de software/ERP,Solicitudes rutinarias
TK-009388,Solicitudes rutinarias,Fallas de hardware
TK-009389,Fallas de hardware,Fallas de hardware
TK-009390,Solicitudes rutinarias,Solicitudes rutinarias
TK-009391,Solicitudes rutinarias,Solicitudes rutinarias
TK-009392,Errores recurrentes de software/ERP,Errores recurrentes de software/ERP
TK-009393,Solicitudes rutinarias,Solicitudes rutinarias
TK-009394,Errores recurrentes de software/ERP,Errores recurrentes de software/ERP
TK-009395,Solicitudes rutinarias,Errores recurrentes de software/ERP
TK-009396,Solicitudes rutinarias,Solicitudes rutinarias
TK-009397,Errores recurrentes de software/ERP,Errores recurrentes de software/ERP
TK-009398,Solicitudes rutinarias,Solicitudes rutinarias
TK-009399,Solicitudes rutinarias,Solicitudes rutinarias
TK-009400,Solicitudes rutinarias,Fallas de hardware
TK-009401,Errores recurrentes de software/ERP,Errores recurrentes de software/ERP
TK-009402,Solicitudes rutinarias,Solicitudes rutinarias
TK-009403,Solicitudes rutinarias,Solicitudes rutinarias
TK-009404,Solicitudes rutinarias,Solicitudes rutinarias
TK-009405,Solicitudes rutinarias,Solicitudes rutinarias
TK-009406,Incidentes críticos de red,Incidentes críticos de red
TK-009407,Fallas de hardware,Fallas de hardware
TK-009408,Solicitudes rutinarias,Solicitudes rutinarias
TK-009409,Solicitudes rutinarias,Errores recurrentes de software/ERP
TK-009410,Incidentes de seguridad,Incidentes de seguridad
TK-009411,Fallas de hardware,Fallas de hardware
TK-009412,Solicitudes rutinarias,Solicitudes rutinarias
TK-009413,Errores recurrentes de software/ERP,Casos crónicos
TK-009414,Errores recurrentes de software/ERP,Errores recurrentes de software/ERP
TK-009415,Incidentes de seguridad,Incidentes de seguridad
TK-009416,Casos crónicos,Casos crónicos
TK-009417,Fallas de hardware,Fallas de hardware
TK-009418,Solicitudes rutinarias,Solicitudes rutinarias
TK-009419,Solicitudes rutinarias,Solicitudes rutinarias
TK-009420,Fallas de hardware,Fallas de hardware
TK-009421,Errores recurrentes de software/ERP,Errores recurrentes de software/ERP
TK-009422,Fallas de hardware,Fallas de hardware
TK-009423,Errores recurrentes de software/ERP,Errores recurrentes de software/ERP
TK-009424,Solicitudes rutinarias,Solicitudes rutinarias
TK-009425,Fallas de hardware,Fallas de hardware
TK-009426,Solicitudes rutinarias,Solicitudes rutinarias
TK-009427,Solicitudes rutinarias,Solicitudes rutinarias
TK-009428,Solicitudes rutinarias,Solicitudes rutinarias
TK-009429,Solicitudes rutinarias,Solicitudes rutinarias
TK-009430,Incidentes de seguridad,Solicitudes rutinarias
TK-009431,Casos crónicos,Casos crónicos
TK-009432,Incidentes de seguridad,Incidentes de seguridad
TK-009433,Incidentes de seguridad,Incidentes críticos de red
TK-009434,Solicitudes rutinarias,Solicitudes rutinarias
TK-009435,Fallas de hardware,Solicitudes rutinarias
TK-009436,Fallas de hardware,Fallas de hardware
TK-009437,Solicitudes rutinarias,Solicitudes rutinarias
TK-009438,Fallas de hardware,Fallas de hardware
TK-009439,Incidentes de seguridad,Incidentes de seguridad
TK-009440,Errores recurrentes de software/ERP,Solicitudes rutinarias
TK-009441,Fallas de hardware,Fallas de hardware
TK-009442,Solicitudes rutinarias,Solicitudes rutinarias
TK-009443,Solicitudes rutinarias,Solicitudes rutinarias
TK-009444,Fallas de hardware,Solicitudes rutinarias
TK-009445,Errores recurrentes de software/ERP,Errores recurrentes de software/ERP
TK-009446,Fallas de hardware,Fallas de hardware
TK-009447,Solicitudes rutinarias,Solicitudes rutinarias
TK-009448,Solicitudes rutinarias,Fallas de hardware
TK-009449,Solicitudes rutinarias,Solicitudes rutinarias
TK-009450,Fallas de hardware,Fallas de hardware
TK-009451,Solicitudes rutinarias,Solicitudes rutinarias
TK-009452,Errores recurrentes de software/ERP,Errores recurrentes de software/ERP
TK-009453,Solicitudes rutinarias,Solicitudes rutinarias
TK-009454,Errores recurrentes de software/ERP,Errores recurrentes de software/ERP
TK-009455,Solicitudes rutinarias,Solicitudes rutinarias
TK-009456,Solicitudes rutinarias,Solicitudes rutinarias
TK-009457,Solicitudes rutinarias,Solicitudes rutinarias
TK-009458,Solicitudes rutinarias,Fallas de hardware
TK-009459,Errores recurrentes de software/ERP,Errores recurrentes de software/ERP
TK-009460,Fallas de hardware,Fallas de hardware
TK-009461,Errores recurrentes de software/ERP,Errores recurrentes de software/ERP
TK-009462,Solicitudes rutinarias,Solicitudes rutinarias
TK-009463,Casos crónicos,Casos crónicos
TK-009464,Solicitudes rutinarias,Solicitudes rutinarias
TK-009465,Errores recurrentes de software/ERP,Errores recurrentes de software/ERP
TK-009466,Solicitudes rutinarias,Solicitudes rutinarias
TK-009467,Solicitudes rutinarias,Solicitudes rutinarias
TK-009468,Incidentes de seguridad,Incidentes de seguridad
TK-009469,Solicitudes rutinarias,Solicitudes rutinarias
TK-009470,Incidentes críticos de red,Incidentes críticos de red
TK-009471,Errores recurrentes de software/ERP,Errores recurrentes de software/ERP
TK-009472,Fallas de hardware,Fallas de hardware
TK-009473,Solicitudes rutinarias,Solicitudes rutinarias
TK-009474,Solicitudes rutinarias,Solicitudes rutinarias
TK-009475,Fallas de hardware,Fallas de hardware
TK-009476,Fallas de hardware,Fallas de hardware
TK-009477,Solicitudes rutinarias,Solicitudes rutinarias
TK-009478,Solicitudes rutinarias,Solicitudes rutinarias
TK-009479,Errores recurrentes de software/ERP,Errores recurrentes de software/ERP
TK-009480,Solicitudes rutinarias,Solicitudes rutinarias
TK-009481,Errores recurrentes de software/ERP,Errores recurrentes de software/ERP
TK-009482,Incidentes de seguridad,Incidentes de seguridad
TK-009483,Fallas de hardware,Solicitudes rutinarias
TK-009484,Errores recurrentes de software/ERP,Solicitudes rutinarias
TK-009485,Solicitudes rutinarias,Solicitudes rutinarias
TK-009486,Solicitudes rutinarias,Solicitudes rutinarias
TK-009487,Solicitudes rutinarias,Solicitudes rutinarias
TK-009488,Solicitudes rutinarias,Errores recurrentes de software/ERP
TK-009489,Fallas de hardware,Fallas de hardware
TK-009490,Errores recurrentes de software/ERP,Errores recurrentes de software/ERP
TK-009491,Solicitudes rutinarias,Solicitudes rutinarias
TK-009492,Solicitudes rutinarias,Solicitudes rutinarias
TK-009493,Solicitudes rutinarias,Solicitudes rutinarias
TK-009494,Errores recurrentes de software/ERP,Errores recurrentes de software/ERP
TK-009495,Incidentes críticos de red,Incidentes críticos de red
TK-009496,Errores recurrentes de software/ERP,Errores recurrentes de software/ERP
TK-009497,Fallas de hardware,Fallas de hardware
TK-009498,Incidentes de seguridad,Solicitudes rutinarias
TK-009499,Solicitudes rutinarias,Solicitudes rutinarias
TK-009500,Incidentes de seguridad,Incidentes críticos de red
TK-009501,Errores recurrentes de software/ERP,Solicitudes rutinarias
TK-009502,Fallas de hardware,Fallas de hardware
TK-009503,Solicitudes rutinarias,Solicitudes rutinarias
TK-009504,Errores recurrentes de software/ERP,Errores recurrentes de software/ERP
TK-009505,Errores recurrentes de software/ERP,Errores recurrentes de software/ERP
TK-009506,Fallas de hardware,Fallas de hardware
TK-009507,Solicitudes rutinarias,Solicitudes rutinarias
TK-009508,Solicitudes rutinarias,Solicitudes rutinarias
TK-009509,Solicitudes rutinarias,Solicitudes rutinarias
TK-009510,Solicitudes rutinarias,Solicitudes rutinarias
TK-009511,Solicitudes rutinarias,Solicitudes rutinarias
TK-009512,Solicitudes rutinarias,Solicitudes rutinarias
TK-009513,Errores recurrentes de software/ERP,Errores recurrentes de software/ERP
TK-009514,Fallas de hardware,Fallas de hardware
TK-009515,Incidentes de seguridad,Incidentes de seguridad
TK-009516,Solicitudes rutinarias,Solicitudes rutinarias
TK-009517,Fallas de hardware,Fallas de hardware
TK-009518,Incidentes de seguridad,Incidentes de seguridad
TK-009519,Solicitudes rutinarias,Solicitudes rutinarias
TK-009520,Errores recurrentes de software/ERP,Errores recurrentes de software/ERP
TK-009521,Solicitudes rutinarias,Solicitudes rutinarias
TK-009522,Fallas de hardware,Fallas de hardware
TK-009523,Solicitudes rutinarias,Solicitudes rutinarias
TK-009524,Solicitudes rutinarias,Solicitudes rutinarias
TK-009525,Solicitudes rutinarias,Solicitudes rutinarias
TK-009526,Incidentes de seguridad,Incidentes de seguridad
TK-009527,Incidentes críticos de red,Incidentes críticos de red
TK-009528,Errores recurrentes de software/ERP,Errores recurrentes de software/ERP
TK-009529,Solicitudes rutinarias,Solicitudes rutinarias
TK-009530,Solicitudes rutinarias,Errores recurrentes de software/ERP
TK-009531,Errores recurrentes de software/ERP,Errores recurrentes de software/ERP
TK-009532,Solicitudes rutinarias,Fallas de hardware
TK-009533,Fallas de hardware,Fallas de hardware
TK-009534,Solicitudes rutinarias,Solicitudes rutinarias
TK-009535,Incidentes de seguridad,Incidentes de seguridad
TK-009536,Errores recurrentes de software/ERP,Solicitudes rutinarias
TK-009537,Errores recurrentes de software/ERP,Errores recurrentes de software/ERP
TK-009538,Solicitudes rutinarias,Solicitudes rutinarias
TK-009539,Errores recurrentes de software/ERP,Errores recurrentes de software/ERP
TK-009540,Solicitudes rutinarias,Solicitudes rutinarias
TK-009541,Solicitudes rutinarias,Solicitudes rutinarias
TK-009542,Solicitudes rutinarias,Solicitudes rutinarias
TK-009543,Fallas de hardware,Fallas de hardware
TK-009544,Fallas de hardware,Fallas de hardware
TK-009545,Solicitudes rutinarias,Solicitudes rutinarias
TK-009546,Errores recurrentes de software/ERP,Errores recurrentes de software/ERP
TK-009547,Incidentes de seguridad,Incidentes de seguridad
TK-009548,Errores recurrentes de software/ERP,Errores recurrentes de software/ERP
TK-009549,Solicitudes rutinarias,Solicitudes rutinarias
TK-009550,Fallas de hardware,Fallas de hardware
TK-009551,Fallas de hardware,Solicitudes rutinarias
TK-009552,Errores recurrentes de software/ERP,Errores recurrentes de software/ERP
TK-009553,Solicitudes rutinarias,Solicitudes rutinarias
TK-009554,Errores recurrentes de software/ERP,Errores recurrentes de software/ERP
TK-009555,Errores recurrentes de software/ERP,Errores recurrentes de software/ERP
TK-009556,Solicitudes rutinarias,Solicitudes rutinarias
TK-009557,Solicitudes rutinarias,Solicitudes rutinarias
TK-009558,Errores recurrentes de software/ERP,Errores recurrentes de software/ERP
TK-009559,Solicitudes rutinarias,Solicitudes rutinarias
TK-009560,Solicitudes rutinarias,Solicitudes rutinarias
TK-009561,Solicitudes rutinarias,Solicitudes rutinarias
TK-009562,Solicitudes rutinarias,Solicitudes rutinarias
TK-009563,Incidentes de seguridad,Solicitudes rutinarias
TK-009564,Errores recurrentes de software/ERP,Casos crónicos
TK-009565,Solicitudes rutinarias,Solicitudes rutinarias
TK-009566,Errores recurrentes de software/ERP,Errores recurrentes de software/ERP
TK-009567,Solicitudes rutinarias,Solicitudes rutinarias
TK-009568,Errores recurrentes de software/ERP,Errores recurrentes de software/ERP
TK-009569,Solicitudes rutinarias,Solicitudes rutinarias
TK-009570,Errores recurrentes de software/ERP,Errores recurrentes de software/ERP
TK-009571,Solicitudes rutinarias,Solicitudes rutinarias
TK-009572,Incidentes de seguridad,Incidentes de seguridad
TK-009573,Incidentes críticos de red,Incidentes críticos de red
TK-009574,Errores recurrentes de software/ERP,Errores recurrentes de software/ERP
TK-009575,Solicitudes rutinarias,Solicitudes rutinarias
TK-009576,Incidentes de seguridad,Incidentes críticos de red
TK-009577,Solicitudes rutinarias,Solicitudes rutinarias
TK-009578,Solicitudes rutinarias,Solicitudes rutinarias
TK-009579,Solicitudes rutinarias,Solicitudes rutinarias
TK-009580,Fallas de hardware,Fallas de hardware
TK-009581,Errores recurrentes de software/ERP,Errores recurrentes de software/ERP
TK-009582,Solicitudes rutinarias,Solicitudes rutinarias
TK-009583,Fallas de hardware,Fallas de hardware
TK-009584,Fallas de hardware,Fallas de hardware
TK-009585,Solicitudes rutinarias,Solicitudes rutinarias
TK-009586,Solicitudes rutinarias,Solicitudes rutinarias
TK-009587,Incidentes críticos de red,Incidentes críticos de red
TK-009588,Solicitudes rutinarias,Solicitudes rutinarias
TK-009589,Errores recurrentes de software/ERP,Errores recurrentes de software/ERP
TK-009590,Incidentes de seguridad,Incidentes de seguridad
TK-009591,Solicitudes rutinarias,Solicitudes rutinarias
TK-009592,Solicitudes rutinarias,Solicitudes rutinarias
TK-009593,Incidentes críticos de red,Incidentes críticos de red
TK-009594,Incidentes críticos de red,Incidentes críticos de red
TK-009595,Incidentes de seguridad,Incidentes críticos de red
TK-009596,Solicitudes rutinarias,Solicitudes rutinarias
TK-009597,Fallas de hardware,Fallas de hardware
TK-009598,Incidentes de seguridad,Incidentes de seguridad
TK-009599,Incidentes de seguridad,Incidentes de seguridad
TK-009600,Errores recurrentes de software/ERP,Errores recurrentes de software/ERP
TK-009601,Solicitudes rutinarias,Solicitudes rutinarias
TK-009602,Errores recurrentes de software/ERP,Errores recurrentes de software/ERP
TK-009603,Solicitudes rutinarias,Solicitudes rutinarias
TK-009604,Solicitudes rutinarias,Solicitudes rutinarias
TK-009605,Fallas de hardware,Fallas de hardware
TK-009606,Fallas de hardware,Fallas de hardware
TK-009607,Solicitudes rutinarias,Solicitudes rutinarias
TK-009608,Solicitudes rutinarias,Fallas de hardware
TK-009609,Errores recurrentes de software/ERP,Errores recurrentes de software/ERP
TK-009610,Solicitudes rutinarias,Solicitudes rutinarias
TK-009611,Solicitudes rutinarias,Solicitudes rutinarias
TK-009612,Fallas de hardware,Fallas de hardware
TK-009613,Solicitudes rutinarias,Solicitudes rutinarias
TK-009614,Solicitudes rutinarias,Solicitudes rutinarias
TK-009615,Fallas de hardware,Fallas de hardware
TK-009616,Solicitudes rutinarias,Solicitudes rutinarias
TK-009617,Solicitudes rutinarias,Solicitudes rutinarias
TK-009618,Solicitudes rutinarias,Solicitudes rutinarias
TK-009619,Incidentes de seguridad,Incidentes de seguridad
TK-009620,Solicitudes rutinarias,Solicitudes rutinarias
TK-009621,Solicitudes rutinarias,Solicitudes rutinarias
TK-009622,Solicitudes rutinarias,Solicitudes rutinarias
TK-009623,Incidentes de seguridad,Incidentes de seguridad
TK-009624,Fallas de hardware,Fallas de hardware
TK-009625,Solicitudes rutinarias,Solicitudes rutinarias
TK-009626,Incidentes de seguridad,Incidentes de seguridad
TK-009627,Solicitudes rutinarias,Solicitudes rutinarias
TK-009628,Solicitudes rutinarias,Solicitudes rutinarias
TK-009629,Fallas de hardware,Fallas de hardware
TK-009630,Errores recurrentes de software/ERP,Solicitudes rutinarias
TK-009631,Solicitudes rutinarias,Solicitudes rutinarias
TK-009632,Errores recurrentes de software/ERP,Errores recurrentes de software/ERP
TK-009633,Solicitudes rutinarias,Solicitudes rutinarias
TK-009634,Fallas de hardware,Fallas de hardware
TK-009635,Solicitudes rutinarias,Solicitudes rutinarias
TK-009636,Casos crónicos,Casos crónicos
TK-009637,Solicitudes rutinarias,Errores recurrentes de software/ERP
TK-009638,Solicitudes rutinarias,Solicitudes rutinarias
TK-009639,Solicitudes rutinarias,Solicitudes rutinarias
TK-009640,Solicitudes rutinarias,Fallas de hardware
TK-009641,Solicitudes rutinarias,Solicitudes rutinarias
TK-009642,Solicitudes rutinarias,Solicitudes rutinarias
TK-009643,Incidentes de seguridad,Incidentes de seguridad
TK-009644,Fallas de hardware,Fallas de hardware
TK-009645,Fallas de hardware,Fallas de hardware
TK-009646,Solicitudes rutinarias,Solicitudes rutinarias
TK-009647,Solicitudes rutinarias,Solicitudes rutinarias
TK-009648,Solicitudes rutinarias,Solicitudes rutinarias
TK-009649,Solicitudes rutinarias,Solicitudes rutinarias
TK-009650,Incidentes de seguridad,Incidentes de seguridad
TK-009651,Solicitudes rutinarias,Errores recurrentes de software/ERP
TK-009652,Solicitudes rutinarias,Solicitudes rutinarias
TK-009653,Solicitudes rutinarias,Solicitudes rutinarias
TK-009654,Incidentes de seguridad,Incidentes de seguridad
TK-009655,Solicitudes rutinarias,Solicitudes rutinarias
TK-009656,Incidentes de seguridad,Incidentes de seguridad
TK-009657,Fallas de hardware,Fallas de hardware
TK-009658,Incidentes críticos de red,Incidentes críticos de red
TK-009659,Casos crónicos,Casos crónicos
TK-009660,Errores recurrentes de software/ERP,Errores recurrentes de software/ERP
TK-009661,Solicitudes rutinarias,Solicitudes rutinarias
TK-009662,Solicitudes rutinarias,Solicitudes rutinarias
TK-009663,Errores recurrentes de software/ERP,Errores recurrentes de software/ERP
TK-009664,Solicitudes rutinarias,Solicitudes rutinarias
TK-009665,Incidentes críticos de red,Incidentes críticos de red
TK-009666,Errores recurrentes de software/ERP,Errores recurrentes de software/ERP
TK-009667,Solicitudes rutinarias,Solicitudes rutinarias
TK-009668,Solicitudes rutinarias,Solicitudes rutinarias
TK-009669,Errores recurrentes de software/ERP,Errores recurrentes de software/ERP
TK-009670,Casos crónicos,Errores recurrentes de software/ERP
TK-009671,Casos crónicos,Casos crónicos
TK-009672,Errores recurrentes de software/ERP,Errores recurrentes de software/ERP
TK-009673,Errores recurrentes de software/ERP,Errores recurrentes de software/ERP
TK-009674,Incidentes críticos de red,Incidentes críticos de red
TK-009675,Solicitudes rutinarias,Solicitudes rutinarias
TK-009676,Solicitudes rutinarias,Fallas de hardware
TK-009677,Incidentes de seguridad,Incidentes de seguridad
TK-009678,Errores recurrentes de software/ERP,Errores recurrentes de software/ERP
TK-009679,Errores recurrentes de software/ERP,Errores recurrentes de software/ERP
TK-009680,Incidentes críticos de red,Incidentes críticos de red
TK-009681,Solicitudes rutinarias,Solicitudes rutinarias
TK-009682,Incidentes críticos de red,Incidentes críticos de red
TK-009683,Incidentes críticos de red,Incidentes críticos de red
TK-009684,Solicitudes rutinarias,Errores recurrentes de software/ERP
TK-009685,Solicitudes rutinarias,Solicitudes rutinarias
TK-009686,Incidentes de seguridad,Incidentes de seguridad
TK-009687,Fallas de hardware,Fallas de hardware
TK-009688,Incidentes críticos de red,Incidentes críticos de red
TK-009689,Errores recurrentes de software/ERP,Errores recurrentes de software/ERP
TK-009690,Incidentes críticos de red,Incidentes críticos de red
TK-009691,Solicitudes rutinarias,Solicitudes rutinarias
TK-009692,Casos crónicos,Casos crónicos
TK-009693,Incidentes de seguridad,Incidentes de seguridad
TK-009694,Incidentes de seguridad,Incidentes de seguridad
TK-009695,Errores recurrentes de software/ERP,Casos crónicos
TK-009696,Errores recurrentes de software/ERP,Errores recurrentes de software/ERP
TK-009697,Incidentes de seguridad,Incidentes de seguridad
TK-009698,Solicitudes rutinarias,Fallas de hardware
TK-009699,Solicitudes rutinarias,Solicitudes rutinarias
TK-009700,Casos crónicos,Casos crónicos
TK-009701,Fallas de hardware,Fallas de hardware
TK-009702,Incidentes de seguridad,Incidentes de seguridad
TK-009703,Solicitudes rutinarias,Solicitudes rutinarias
TK-009704,Solicitudes rutinarias,Solicitudes rutinarias
TK-009705,Fallas de hardware,Fallas de hardware
TK-009706,Solicitudes rutinarias,Solicitudes rutinarias
TK-009707,Solicitudes rutinarias,Solicitudes rutinarias
TK-009708,Solicitudes rutinarias,Solicitudes rutinarias
TK-009709,Incidentes de seguridad,Incidentes de seguridad
TK-009710,Solicitudes rutinarias,Fallas de hardware
TK-009711,Solicitudes rutinarias,Solicitudes rutinarias
TK-009712,Incidentes de seguridad,Incidentes de seguridad
TK-009713,Fallas de hardware,Fallas de hardware
TK-009714,Incidentes críticos de red,Incidentes de seguridad
TK-009715,Solicitudes rutinarias,Errores recurrentes de software/ERP
TK-009716,Solicitudes rutinarias,Solicitudes rutinarias
TK-009717,Solicitudes rutinarias,Solicitudes rutinarias
TK-009718,Solicitudes rutinarias,Solicitudes rutinarias
TK-009719,Errores recurrentes de software/ERP,Errores recurrentes de software/ERP
TK-009720,Fallas de hardware,Fallas de hardware
TK-009721,Solicitudes rutinarias,Solicitudes rutinarias
TK-009722,Solicitudes rutinarias,Solicitudes rutinarias
TK-009723,Incidentes de seguridad,Incidentes de seguridad
TK-009724,Solicitudes rutinarias,Solicitudes rutinarias
TK-009725,Solicitudes rutinarias,Solicitudes rutinarias
TK-009726,Fallas de hardware,Fallas de hardware
TK-009727,Errores recurrentes de software/ERP,Errores recurrentes de software/ERP
TK-009728,Solicitudes rutinarias,Solicitudes rutinarias
TK-009729,Errores recurrentes de software/ERP,Errores recurrentes de software/ERP
TK-009730,Errores recurrentes de software/ERP,Errores recurrentes de software/ERP
TK-009731,Solicitudes rutinarias,Solicitudes rutinarias
TK-009732,Errores recurrentes de software/ERP,Errores recurrentes de software/ERP
TK-009733,Incidentes de seguridad,Incidentes de seguridad
TK-009734,Solicitudes rutinarias,Solicitudes rutinarias
TK-009735,Solicitudes rutinarias,Solicitudes rutinarias
TK-009736,Solicitudes rutinarias,Solicitudes rutinarias
TK-009737,Incidentes de seguridad,Solicitudes rutinarias
TK-009738,Fallas de hardware,Fallas de hardware
TK-009739,Solicitudes rutinarias,Errores recurrentes de software/ERP
TK-009740,Solicitudes rutinarias,Solicitudes rutinarias
TK-009741,Solicitudes rutinarias,Solicitudes rutinarias
TK-009742,Solicitudes rutinarias,Solicitudes rutinarias
TK-009743,Solicitudes rutinarias,Solicitudes rutinarias
TK-009744,Solicitudes rutinarias,Solicitudes rutinarias
TK-009745,Fallas de hardware,Fallas de hardware
TK-009746,Incidentes críticos de red,Incidentes críticos de red
TK-009747,Incidentes de seguridad,Incidentes de seguridad
TK-009748,Incidentes críticos de red,Incidentes críticos de red
TK-009749,Solicitudes rutinarias,Solicitudes rutinarias
TK-009750,Solicitudes rutinarias,Fallas de hardware
TK-009751,Errores recurrentes de software/ERP,Errores recurrentes de software/ERP
TK-009752,Solicitudes rutinarias,Solicitudes rutinarias
TK-009753,Solicitudes rutinarias,Solicitudes rutinarias
TK-009754,Solicitudes rutinarias,Solicitudes rutinarias
TK-009755,Solicitudes rutinarias,Solicitudes rutinarias
TK-009756,Solicitudes rutinarias,Solicitudes rutinarias
TK-009757,Fallas de hardware,Fallas de hardware
TK-009758,Fallas de hardware,Fallas de hardware
TK-009759,Casos crónicos,Casos crónicos
TK-009760,Incidentes de seguridad,Incidentes de seguridad
TK-009761,Solicitudes rutinarias,Solicitudes rutinarias
TK-009762,Incidentes críticos de red,Incidentes críticos de red
TK-009763,Incidentes críticos de red,Incidentes críticos de red
TK-009764,Incidentes de seguridad,Incidentes de seguridad
TK-009765,Incidentes críticos de red,Incidentes críticos de red
TK-009766,Incidentes críticos de red,Incidentes críticos de red
TK-009767,Solicitudes rutinarias,Solicitudes rutinarias
TK-009768,Incidentes críticos de red,Incidentes críticos de red
TK-009769,Solicitudes rutinarias,Solicitudes rutinarias
TK-009770,Incidentes críticos de red,Incidentes de seguridad
TK-009771,Incidentes críticos de red,Incidentes críticos de red
TK-009772,Incidentes críticos de red,Incidentes críticos de red
TK-009773,Solicitudes rutinarias,Solicitudes rutinarias
TK-009774,Incidentes críticos de red,Incidentes críticos de red
TK-009775,Incidentes críticos de red,Incidentes críticos de red
TK-009776,Incidentes críticos de red,Incidentes críticos de red
TK-009777,Errores recurrentes de software/ERP,Errores recurrentes de software/ERP
TK-009778,Incidentes críticos de red,Incidentes críticos de red
TK-009779,Incidentes críticos de red,Incidentes críticos de red
TK-009780,Incidentes críticos de red,Incidentes críticos de red
TK-009781,Incidentes críticos de red,Incidentes críticos de red
TK-009782,Incidentes críticos de red,Incidentes de seguridad
TK-009783,Incidentes críticos de red,Incidentes críticos de red
TK-009784,Incidentes críticos de red,Incidentes críticos de red
TK-009785,Incidentes críticos de red,Incidentes críticos de red
TK-009786,Incidentes críticos de red,Incidentes críticos de red
TK-009787,Incidentes críticos de red,Incidentes críticos de red
TK-009788,Incidentes críticos de red,Incidentes críticos de red
TK-009789,Incidentes críticos de red,Incidentes críticos de red
TK-009790,Incidentes críticos de red,Incidentes críticos de red
TK-009791,Solicitudes rutinarias,Solicitudes rutinarias
TK-009792,Incidentes críticos de red,Incidentes críticos de red
TK-009793,Incidentes críticos de red,Incidentes críticos de red
TK-009794,Fallas de hardware,Fallas de hardware
TK-009795,Solicitudes rutinarias,Solicitudes rutinarias
TK-009796,Incidentes críticos de red,Errores recurrentes de software/ERP
TK-009797,Incidentes críticos de red,Incidentes críticos de red
TK-009798,Incidentes críticos de red,Incidentes críticos de red
TK-009799,Incidentes críticos de red,Incidentes críticos de red
TK-009800,Incidentes críticos de red,Incidentes críticos de red
TK-009801,Incidentes críticos de red,Incidentes críticos de red
TK-009802,Solicitudes rutinarias,Solicitudes rutinarias
TK-009803,Incidentes críticos de red,Incidentes críticos de red
TK-009804,Incidentes críticos de red,Incidentes críticos de red
TK-009805,Incidentes críticos de red,Incidentes críticos de red
TK-009806,Fallas de hardware,Solicitudes rutinarias
TK-009807,Incidentes críticos de red,Incidentes críticos de red
TK-009808,Incidentes críticos de red,Incidentes críticos de red
TK-009809,Incidentes críticos de red,Incidentes críticos de red
TK-009810,Incidentes críticos de red,Incidentes críticos de red
TK-009811,Incidentes críticos de red,Incidentes críticos de red
TK-009812,Incidentes críticos de red,Incidentes críticos de red
TK-009813,Incidentes críticos de red,Incidentes críticos de red
TK-009814,Incidentes críticos de red,Incidentes críticos de red
TK-009815,Incidentes críticos de red,Incidentes críticos de red
TK-009816,Incidentes críticos de red,Incidentes críticos de red
TK-009817,Incidentes críticos de red,Incidentes críticos de red
TK-009818,Solicitudes rutinarias,Solicitudes rutinarias
TK-009819,Incidentes críticos de red,Incidentes de seguridad
TK-009820,Incidentes críticos de red,Incidentes críticos de red
TK-009821,Incidentes críticos de red,Incidentes críticos de red
TK-009822,Incidentes críticos de red,Incidentes críticos de red
TK-009823,Incidentes críticos de red,Incidentes críticos de red
TK-009824,Incidentes críticos de red,Incidentes críticos de red
TK-009825,Incidentes críticos de red,Errores recurrentes de software/ERP
TK-009826,Incidentes críticos de red,Incidentes críticos de red
TK-009827,Incidentes críticos de red,Incidentes críticos de red
TK-009828,Incidentes críticos de red,Incidentes críticos de red
TK-009829,Incidentes críticos de red,Incidentes críticos de red
TK-009830,Incidentes críticos de red,Errores recurrentes de software/ERP
TK-009831,Incidentes críticos de red,Incidentes críticos de red
TK-009832,Incidentes críticos de red,Incidentes críticos de red
TK-009833,Incidentes críticos de red,Incidentes críticos de red
TK-009834,Incidentes críticos de red,Incidentes críticos de red
TK-009835,Incidentes críticos de red,Incidentes críticos de red
TK-009836,Incidentes críticos de red,Incidentes críticos de red
TK-009837,Incidentes críticos de red,Incidentes críticos de red
TK-009838,Incidentes críticos de red,Incidentes críticos de red
TK-009839,Incidentes críticos de red,Incidentes críticos de red
TK-009840,Incidentes críticos de red,Errores recurrentes de software/ERP
TK-009841,Incidentes críticos de red,Incidentes críticos de red
TK-009842,Incidentes críticos de red,Incidentes críticos de red
TK-009843,Incidentes críticos de red,Incidentes críticos de red
TK-009844,Incidentes críticos de red,Incidentes críticos de red
TK-009845,Incidentes críticos de red,Incidentes críticos de red
TK-009846,Incidentes críticos de red,Incidentes críticos de red
TK-009847,Incidentes críticos de red,Incidentes críticos de red
TK-009848,Incidentes críticos de red,Incidentes críticos de red
TK-009849,Incidentes críticos de red,Incidentes críticos de red
TK-009850,Incidentes críticos de red,Incidentes críticos de red
TK-009851,Incidentes críticos de red,Incidentes críticos de red
TK-009852,Incidentes críticos de red,Incidentes críticos de red
TK-009853,Incidentes críticos de red,Incidentes críticos de red
TK-009854,Solicitudes rutinarias,Solicitudes rutinarias
TK-009855,Solicitudes rutinarias,Solicitudes rutinarias
TK-009856,Incidentes críticos de red,Incidentes críticos de red
TK-009857,Solicitudes rutinarias,Solicitudes rutinarias
TK-009858,Fallas de hardware,Errores recurrentes de software/ERP
TK-009859,Errores recurrentes de software/ERP,Errores recurrentes de software/ERP
TK-009860,Fallas de hardware,Fallas de hardware
TK-009861,Solicitudes rutinarias,Solicitudes rutinarias
TK-009862,Solicitudes rutinarias,Solicitudes rutinarias
TK-009863,Errores recurrentes de software/ERP,Errores recurrentes de software/ERP
TK-009864,Solicitudes rutinarias,Solicitudes rutinarias
TK-009865,Solicitudes rutinarias,Solicitudes rutinarias
TK-009866,Fallas de hardware,Fallas de hardware
TK-009867,Errores recurrentes de software/ERP,Errores recurrentes de software/ERP
TK-009868,Casos crónicos,Casos crónicos
TK-009869,Errores recurrentes de software/ERP,Errores recurrentes de software/ERP
TK-009870,Solicitudes rutinarias,Solicitudes rutinarias
TK-009871,Solicitudes rutinarias,Solicitudes rutinarias
TK-009872,Solicitudes rutinarias,Solicitudes rutinarias
TK-009873,Fallas de hardware,Fallas de hardware
TK-009874,Casos crónicos,Casos crónicos
TK-009875,Incidentes críticos de red,Incidentes críticos de red
TK-009876,Errores recurrentes de software/ERP,Solicitudes rutinarias
TK-009877,Fallas de hardware,Fallas de hardware
TK-009878,Casos crónicos,Casos crónicos
TK-009879,Incidentes de seguridad,Solicitudes rutinarias
TK-009880,Errores recurrentes de software/ERP,Errores recurrentes de software/ERP
TK-009881,Solicitudes rutinarias,Solicitudes rutinarias
TK-009882,Solicitudes rutinarias,Solicitudes rutinarias
TK-009883,Fallas de hardware,Fallas de hardware
TK-009884,Solicitudes rutinarias,Solicitudes rutinarias
TK-009885,Solicitudes rutinarias,Solicitudes rutinarias
TK-009886,Incidentes de seguridad,Incidentes críticos de red
TK-009887,Solicitudes rutinarias,Solicitudes rutinarias
TK-009888,Fallas de hardware,Fallas de hardware
TK-009889,Solicitudes rutinarias,Solicitudes rutinarias
TK-009890,Incidentes de seguridad,Incidentes de seguridad
TK-009891,Solicitudes rutinarias,Errores recurrentes de software/ERP
TK-009892,Incidentes críticos de red,Incidentes críticos de red
TK-009893,Solicitudes rutinarias,Fallas de hardware
TK-009894,Errores recurrentes de software/ERP,Errores recurrentes de software/ERP
TK-009895,Solicitudes rutinarias,Solicitudes rutinarias
TK-009896,Solicitudes rutinarias,Solicitudes rutinarias
TK-009897,Solicitudes rutinarias,Solicitudes rutinarias
TK-009898,Solicitudes rutinarias,Solicitudes rutinarias
TK-009899,Errores recurrentes de software/ERP,Errores recurrentes de software/ERP
TK-009900,Errores recurrentes de software/ERP,Casos crónicos
TK-009901,Solicitudes rutinarias,Solicitudes rutinarias
TK-009902,Solicitudes rutinarias,Solicitudes rutinarias
TK-009903,Errores recurrentes de software/ERP,Errores recurrentes de software/ERP
TK-009904,Incidentes críticos de red,Incidentes críticos de red
TK-009905,Solicitudes rutinarias,Solicitudes rutinarias
TK-009906,Errores recurrentes de software/ERP,Casos crónicos
TK-009907,Solicitudes rutinarias,Solicitudes rutinarias
TK-009908,Errores recurrentes de software/ERP,Errores recurrentes de software/ERP
TK-009909,Solicitudes rutinarias,Solicitudes rutinarias
TK-009910,Fallas de hardware,Fallas de hardware
TK-009911,Incidentes críticos de red,Incidentes críticos de red
TK-009912,Errores recurrentes de software/ERP,Casos crónicos
TK-009913,Incidentes críticos de red,Incidentes críticos de red
TK-009914,Fallas de hardware,Fallas de hardware
TK-009915,Solicitudes rutinarias,Solicitudes rutinarias
TK-009916,Solicitudes rutinarias,Solicitudes rutinarias
TK-009917,Errores recurrentes de software/ERP,Errores recurrentes de software/ERP
TK-009918,Solicitudes rutinarias,Solicitudes rutinarias
TK-009919,Fallas de hardware,Fallas de hardware
TK-009920,Solicitudes rutinarias,Solicitudes rutinarias
TK-009921,Incidentes de seguridad,Incidentes de seguridad
TK-009922,Solicitudes rutinarias,Solicitudes rutinarias
TK-009923,Solicitudes rutinarias,Solicitudes rutinarias
TK-009924,Incidentes críticos de red,Incidentes críticos de red
TK-009925,Incidentes de seguridad,Incidentes de seguridad
TK-009926,Solicitudes rutinarias,Fallas de hardware
TK-009927,Solicitudes rutinarias,Solicitudes rutinarias
TK-009928,Errores recurrentes de software/ERP,Errores recurrentes de software/ERP
TK-009929,Solicitudes rutinarias,Solicitudes rutinarias
TK-009930,Incidentes críticos de red,Incidentes críticos de red
TK-009931,Fallas de hardware,Fallas de hardware
TK-009932,Errores recurrentes de software/ERP,Solicitudes rutinarias
TK-009933,Solicitudes rutinarias,Solicitudes rutinarias
TK-009934,Errores recurrentes de software/ERP,Errores recurrentes de software/ERP
TK-009935,Solicitudes rutinarias,Solicitudes rutinarias
TK-009936,Incidentes de seguridad,Incidentes de seguridad
TK-009937,Incidentes críticos de red,Incidentes críticos de red
TK-009938,Errores recurrentes de software/ERP,Errores recurrentes de software/ERP
TK-009939,Errores recurrentes de software/ERP,Errores recurrentes de software/ERP
TK-009940,Solicitudes rutinarias,Solicitudes rutinarias
TK-009941,Fallas de hardware,Fallas de hardware
TK-009942,Errores recurrentes de software/ERP,Errores recurrentes de software/ERP
TK-009943,Casos crónicos,Casos crónicos
TK-009944,Solicitudes rutinarias,Fallas de hardware
TK-009945,Solicitudes rutinarias,Solicitudes rutinarias
TK-009946,Incidentes de seguridad,Solicitudes rutinarias
TK-009947,Solicitudes rutinarias,Solicitudes rutinarias
TK-009948,Solicitudes rutinarias,Solicitudes rutinarias
TK-009949,Errores recurrentes de software/ERP,Errores recurrentes de software/ERP
TK-009950,Incidentes de seguridad,Incidentes de seguridad
TK-009951,Incidentes de seguridad,Incidentes de seguridad
TK-009952,Solicitudes rutinarias,Solicitudes rutinarias
TK-009953,Solicitudes rutinarias,Solicitudes rutinarias
TK-009954,Solicitudes rutinarias,Solicitudes rutinarias
TK-009955,Solicitudes rutinarias,Solicitudes rutinarias
TK-009956,Solicitudes rutinarias,Solicitudes rutinarias
TK-009957,Incidentes críticos de red,Incidentes críticos de red
TK-009958,Solicitudes rutinarias,Solicitudes rutinarias
TK-009959,Solicitudes rutinarias,Solicitudes rutinarias
TK-009960,Solicitudes rutinarias,Solicitudes rutinarias
TK-009961,Fallas de hardware,Fallas de hardware
TK-009962,Solicitudes rutinarias,Solicitudes rutinarias
TK-009963,Solicitudes rutinarias,Solicitudes rutinarias
TK-009964,Solicitudes rutinarias,Solicitudes rutinarias
TK-009965,Errores recurrentes de software/ERP,Errores recurrentes de software/ERP
TK-009966,Fallas de hardware,Fallas de hardware
TK-009967,Solicitudes rutinarias,Fallas de hardware
TK-009968,Solicitudes rutinarias,Solicitudes rutinarias
TK-009969,Solicitudes rutinarias,Solicitudes rutinarias
TK-009970,Fallas de hardware,Errores recurrentes de software/ERP
TK-009971,Solicitudes rutinarias,Solicitudes rutinarias
TK-009972,Solicitudes rutinarias,Solicitudes rutinarias
TK-009973,Casos crónicos,Casos crónicos
TK-009974,Incidentes de seguridad,Incidentes de seguridad
TK-009975,Fallas de hardware,Fallas de hardware
TK-009976,Fallas de hardware,Fallas de hardware
TK-009977,Solicitudes rutinarias,Solicitudes rutinarias
TK-009978,Errores recurrentes de software/ERP,Errores recurrentes de software/ERP
TK-009979,Solicitudes rutinarias,Solicitudes rutinarias
TK-009980,Errores recurrentes de software/ERP,Solicitudes rutinarias
TK-009981,Incidentes críticos de red,Incidentes críticos de red
TK-009982,Solicitudes rutinarias,Solicitudes rutinarias
TK-009983,Solicitudes rutinarias,Solicitudes rutinarias
TK-009984,Incidentes críticos de red,Errores recurrentes de software/ERP
TK-009985,Solicitudes rutinarias,Solicitudes rutinarias
TK-009986,Errores recurrentes de software/ERP,Errores recurrentes de software/ERP
TK-009987,Solicitudes rutinarias,Fallas de hardware
TK-009988,Solicitudes rutinarias,Solicitudes rutinarias
TK-009989,Fallas de hardware,Fallas de hardware
TK-009990,Fallas de hardware,Fallas de hardware
TK-009991,Fallas de hardware,Fallas de hardware
TK-009992,Solicitudes rutinarias,Solicitudes rutinarias
TK-009993,Solicitudes rutinarias,Solicitudes rutinarias
TK-009994,Fallas de hardware,Fallas de hardware
TK-009995,Incidentes de seguridad,Incidentes de seguridad
TK-009996,Solicitudes rutinarias,Solicitudes rutinarias
TK-009997,Errores recurrentes de software/ERP,Errores recurrentes de software/ERP
TK-009998,Solicitudes rutinarias,Solicitudes rutinarias
TK-009999,Incidentes de seguridad,Incidentes críticos de red
TK-010000,Solicitudes rutinarias,Solicitudes rutinarias
TK-010001,Casos crónicos,Casos crónicos
TK-010002,Fallas de hardware,Solicitudes rutinarias
TK-010003,Solicitudes rutinarias,Solicitudes rutinarias
TK-010004,Fallas de hardware,Fallas de hardware
TK-010005,Solicitudes rutinarias,Fallas de hardware
TK-010006,Fallas de hardware,Fallas de hardware
TK-010007,Solicitudes rutinarias,Solicitudes rutinarias
TK-010008,Errores recurrentes de software/ERP,Errores recurrentes de software/ERP
TK-010009,Solicitudes rutinarias,Solicitudes rutinarias
TK-010010,Errores recurrentes de software/ERP,Errores recurrentes de software/ERP
TK-010011,Incidentes críticos de red,Incidentes críticos de red
TK-010012,Incidentes de seguridad,Incidentes de seguridad
TK-010013,Solicitudes rutinarias,Solicitudes rutinarias
TK-010014,Solicitudes rutinarias,Solicitudes rutinarias
TK-010015,Solicitudes rutinarias,Solicitudes rutinarias
TK-010016,Incidentes críticos de red,Incidentes críticos de red
TK-010017,Errores recurrentes de software/ERP,Errores recurrentes de software/ERP
TK-010018,Fallas de hardware,Fallas de hardware
TK-010019,Errores recurrentes de software/ERP,Casos crónicos
TK-010020,Fallas de hardware,Fallas de hardware
TK-010021,Incidentes de seguridad,Incidentes de seguridad
TK-010022,Incidentes críticos de red,Incidentes críticos de red
TK-010023,Fallas de hardware,Errores recurrentes de software/ERP
TK-010024,Incidentes críticos de red,Incidentes críticos de red
TK-010025,Fallas de hardware,Fallas de hardware
TK-010026,Solicitudes rutinarias,Solicitudes rutinarias
TK-010027,Solicitudes rutinarias,Solicitudes rutinarias
TK-010028,Solicitudes rutinarias,Solicitudes rutinarias
TK-010029,Solicitudes rutinarias,Solicitudes rutinarias
TK-010030,Solicitudes rutinarias,Solicitudes rutinarias
TK-010031,Errores recurrentes de software/ERP,Errores recurrentes de software/ERP
TK-010032,Solicitudes rutinarias,Errores recurrentes de software/ERP
TK-010033,Errores recurrentes de software/ERP,Errores recurrentes de software/ERP
TK-010034,Solicitudes rutinarias,Solicitudes rutinarias
TK-010035,Fallas de hardware,Fallas de hardware
TK-010036,Solicitudes rutinarias,Solicitudes rutinarias
TK-010037,Errores recurrentes de software/ERP,Errores recurrentes de software/ERP
TK-010038,Solicitudes rutinarias,Solicitudes rutinarias
TK-010039,Solicitudes rutinarias,Solicitudes rutinarias
TK-010040,Solicitudes rutinarias,Solicitudes rutinarias
TK-010041,Solicitudes rutinarias,Solicitudes rutinarias
TK-010042,Fallas de hardware,Fallas de hardware
TK-010043,Incidentes críticos de red,Incidentes críticos de red
TK-010044,Solicitudes rutinarias,Solicitudes rutinarias
TK-010045,Fallas de hardware,Fallas de hardware
TK-010046,Solicitudes rutinarias,Solicitudes rutinarias
TK-010047,Solicitudes rutinarias,Solicitudes rutinarias
TK-010048,Solicitudes rutinarias,Solicitudes rutinarias
TK-010049,Incidentes de seguridad,Incidentes de seguridad
TK-010050,Solicitudes rutinarias,Solicitudes rutinarias
TK-010051,Fallas de hardware,Solicitudes rutinarias
TK-010052,Solicitudes rutinarias,Solicitudes rutinarias
TK-010053,Fallas de hardware,Fallas de hardware
TK-010054,Incidentes de seguridad,Incidentes de seguridad
TK-010055,Fallas de hardware,Fallas de hardware
TK-010056,Fallas de hardware,Fallas de hardware
TK-010057,Solicitudes rutinarias,Solicitudes rutinarias
TK-010058,Solicitudes rutinarias,Solicitudes rutinarias
TK-010059,Fallas de hardware,Fallas de hardware
TK-010060,Fallas de hardware,Fallas de hardware
TK-010061,Solicitudes rutinarias,Solicitudes rutinarias
TK-010062,Incidentes de seguridad,Incidentes de seguridad
TK-010063,Solicitudes rutinarias,Solicitudes rutinarias
TK-010064,Solicitudes rutinarias,Solicitudes rutinarias
TK-010065,Solicitudes rutinarias,Solicitudes rutinarias
TK-010066,Solicitudes rutinarias,Solicitudes rutinarias
TK-010067,Fallas de hardware,Fallas de hardware
TK-010068,Incidentes de seguridad,Solicitudes rutinarias
TK-010069,Errores recurrentes de software/ERP,Errores recurrentes de software/ERP
TK-010070,Errores recurrentes de software/ERP,Casos crónicos
TK-010071,Fallas de hardware,Fallas de hardware
TK-010072,Solicitudes rutinarias,Solicitudes rutinarias
TK-010073,Casos crónicos,Casos crónicos
TK-010074,Incidentes críticos de red,Incidentes críticos de red
TK-010075,Errores recurrentes de software/ERP,Errores recurrentes de software/ERP
TK-010076,Solicitudes rutinarias,Solicitudes rutinarias
TK-010077,Solicitudes rutinarias,Solicitudes rutinarias
TK-010078,Solicitudes rutinarias,Fallas de hardware
TK-010079,Solicitudes rutinarias,Solicitudes rutinarias
TK-010080,Solicitudes rutinarias,Solicitudes rutinarias
TK-010081,Solicitudes rutinarias,Solicitudes rutinarias
TK-010082,Solicitudes rutinarias,Solicitudes rutinarias
TK-010083,Solicitudes rutinarias,Solicitudes rutinarias
TK-010084,Incidentes críticos de red,Incidentes críticos de red
TK-010085,Solicitudes rutinarias,Solicitudes rutinarias
TK-010086,Fallas de hardware,Fallas de hardware
TK-010087,Solicitudes rutinarias,Fallas de hardware
TK-010088,Fallas de hardware,Fallas de hardware
TK-010089,Fallas de hardware,Solicitudes rutinarias
TK-010090,Solicitudes rutinarias,Solicitudes rutinarias
TK-010091,Solicitudes rutinarias,Solicitudes rutinarias
TK-010092,Fallas de hardware,Fallas de hardware
TK-010093,Errores recurrentes de software/ERP,Errores recurrentes de software/ERP
TK-010094,Fallas de hardware,Fallas de hardware
TK-010095,Errores recurrentes de software/ERP,Errores recurrentes de software/ERP
TK-010096,Solicitudes rutinarias,Fallas de hardware
TK-010097,Solicitudes rutinarias,Solicitudes rutinarias
TK-010098,Solicitudes rutinarias,Solicitudes rutinarias
TK-010099,Solicitudes rutinarias,Solicitudes rutinarias
TK-010100,Solicitudes rutinarias,Solicitudes rutinarias
TK-010101,Casos crónicos,Casos crónicos
TK-010102,Incidentes de seguridad,Incidentes de seguridad
TK-010103,Solicitudes rutinarias,Solicitudes rutinarias
TK-010104,Incidentes críticos de red,Incidentes críticos de red
TK-010105,Incidentes críticos de red,Incidentes críticos de red
TK-010106,Fallas de hardware,Solicitudes rutinarias
TK-010107,Solicitudes rutinarias,Solicitudes rutinarias
TK-010108,Fallas de hardware,Fallas de hardware
TK-010109,Fallas de hardware,Fallas de hardware
TK-010110,Solicitudes rutinarias,Solicitudes rutinarias
TK-010111,Solicitudes rutinarias,Solicitudes rutinarias
TK-010112,Fallas de hardware,Fallas de hardware
TK-010113,Fallas de hardware,Fallas de hardware
TK-010114,Solicitudes rutinarias,Solicitudes rutinarias
TK-010115,Solicitudes rutinarias,Solicitudes rutinarias
TK-010116,Fallas de hardware,Fallas de hardware
TK-010117,Solicitudes rutinarias,Solicitudes rutinarias
TK-010118,Errores recurrentes de software/ERP,Errores recurrentes de software/ERP
TK-010119,Incidentes críticos de red,Incidentes críticos de red
TK-010120,Errores recurrentes de software/ERP,Errores recurrentes de software/ERP
TK-010121,Errores recurrentes de software/ERP,Errores recurrentes de software/ERP
TK-010122,Solicitudes rutinarias,Solicitudes rutinarias
TK-010123,Solicitudes rutinarias,Errores recurrentes de software/ERP
TK-010124,Fallas de hardware,Fallas de hardware
TK-010125,Fallas de hardware,Fallas de hardware
TK-010126,Solicitudes rutinarias,Fallas de hardware
TK-010127,Solicitudes rutinarias,Solicitudes rutinarias
TK-010128,Solicitudes rutinarias,Solicitudes rutinarias
TK-010129,Solicitudes rutinarias,Fallas de hardware
TK-010130,Incidentes críticos de red,Incidentes críticos de red
TK-010131,Errores recurrentes de software/ERP,Errores recurrentes de software/ERP
TK-010132,Solicitudes rutinarias,Solicitudes rutinarias
TK-010133,Solicitudes rutinarias,Solicitudes rutinarias
TK-010134,Fallas de hardware,Fallas de hardware
TK-010135,Solicitudes rutinarias,Solicitudes rutinarias
TK-010136,Solicitudes rutinarias,Solicitudes rutinarias
TK-010137,Incidentes críticos de red,Incidentes críticos de red
TK-010138,Solicitudes rutinarias,Solicitudes rutinarias
TK-010139,Solicitudes rutinarias,Solicitudes rutinarias
TK-010140,Errores recurrentes de software/ERP,Errores recurrentes de software/ERP
TK-010141,Solicitudes rutinarias,Solicitudes rutinarias
TK-010142,Solicitudes rutinarias,Solicitudes rutinarias
TK-010143,Fallas de hardware,Fallas de hardware
TK-010144,Incidentes críticos de red,Incidentes críticos de red
TK-010145,Solicitudes rutinarias,Solicitudes rutinarias
TK-010146,Solicitudes rutinarias,Solicitudes rutinarias
TK-010147,Solicitudes rutinarias,Solicitudes rutinarias
TK-010148,Fallas de hardware,Fallas de hardware
TK-010149,Solicitudes rutinarias,Solicitudes rutinarias
TK-010150,Solicitudes rutinarias,Solicitudes rutinarias
TK-010151,Errores recurrentes de software/ERP,Errores recurrentes de software/ERP
TK-010152,Solicitudes rutinarias,Solicitudes rutinarias
TK-010153,Solicitudes rutinarias,Solicitudes rutinarias
TK-010154,Fallas de hardware,Fallas de hardware
TK-010155,Solicitudes rutinarias,Solicitudes rutinarias
TK-010156,Incidentes de seguridad,Incidentes de seguridad
TK-010157,Errores recurrentes de software/ERP,Errores recurrentes de software/ERP
TK-010158,Errores recurrentes de software/ERP,Errores recurrentes de software/ERP
TK-010159,Solicitudes rutinarias,Solicitudes rutinarias
TK-010160,Solicitudes rutinarias,Solicitudes rutinarias
TK-010161,Solicitudes rutinarias,Solicitudes rutinarias
TK-010162,Solicitudes rutinarias,Solicitudes rutinarias
TK-010163,Solicitudes rutinarias,Solicitudes rutinarias
TK-010164,Solicitudes rutinarias,Solicitudes rutinarias
TK-010165,Solicitudes rutinarias,Solicitudes rutinarias
TK-010166,Solicitudes rutinarias,Solicitudes rutinarias
TK-010167,Solicitudes rutinarias,Solicitudes rutinarias
TK-010168,Solicitudes rutinarias,Solicitudes rutinarias
TK-010169,Fallas de hardware,Fallas de hardware
TK-010170,Solicitudes rutinarias,Solicitudes rutinarias
TK-010171,Solicitudes rutinarias,Errores recurrentes de software/ERP
TK-010172,Solicitudes rutinarias,Solicitudes rutinarias
TK-010173,Errores recurrentes de software/ERP,Errores recurrentes de software/ERP
TK-010174,Fallas de hardware,Fallas de hardware
TK-010175,Solicitudes rutinarias,Fallas de hardware
TK-010176,Fallas de hardware,Fallas de hardware
TK-010177,Solicitudes rutinarias,Solicitudes rutinarias
TK-010178,Solicitudes rutinarias,Solicitudes rutinarias
TK-010179,Solicitudes rutinarias,Solicitudes rutinarias
TK-010180,Solicitudes rutinarias,Solicitudes rutinarias
TK-010181,Errores recurrentes de software/ERP,Errores recurrentes de software/ERP
TK-010182,Fallas de hardware,Fallas de hardware
TK-010183,Incidentes críticos de red,Incidentes críticos de red
TK-010184,Casos crónicos,Casos crónicos
TK-010185,Solicitudes rutinarias,Solicitudes rutinarias
TK-010186,Fallas de hardware,Fallas de hardware
TK-010187,Errores recurrentes de software/ERP,Errores recurrentes de software/ERP
TK-010188,Solicitudes rutinarias,Solicitudes rutinarias
TK-010189,Solicitudes rutinarias,Solicitudes rutinarias
TK-010190,Solicitudes rutinarias,Solicitudes rutinarias
TK-010191,Fallas de hardware,Fallas de hardware
TK-010192,Errores recurrentes de software/ERP,Errores recurrentes de software/ERP
TK-010193,Solicitudes rutinarias,Solicitudes rutinarias
TK-010194,Solicitudes rutinarias,Solicitudes rutinarias
TK-010195,Fallas de hardware,Fallas de hardware
TK-010196,Incidentes críticos de red,Errores recurrentes de software/ERP
TK-010197,Incidentes críticos de red,Incidentes críticos de red
TK-010198,Fallas de hardware,Fallas de hardware
TK-010199,Solicitudes rutinarias,Solicitudes rutinarias
TK-010200,Incidentes de seguridad,Incidentes de seguridad
TK-010201,Solicitudes rutinarias,Solicitudes rutinarias
TK-010202,Incidentes críticos de red,Incidentes críticos de red
TK-010203,Errores recurrentes de software/ERP,Errores recurrentes de software/ERP
TK-010204,Errores recurrentes de software/ERP,Errores recurrentes de software/ERP
TK-010205,Solicitudes rutinarias,Solicitudes rutinarias
TK-010206,Fallas de hardware,Fallas de hardware
TK-010207,Incidentes de seguridad,Incidentes de seguridad
TK-010208,Solicitudes rutinarias,Solicitudes rutinarias
TK-010209,Solicitudes rutinarias,Solicitudes rutinarias
TK-010210,Solicitudes rutinarias,Solicitudes rutinarias
TK-010211,Solicitudes rutinarias,Solicitudes rutinarias
TK-010212,Solicitudes rutinarias,Errores recurrentes de software/ERP
TK-010213,Fallas de hardware,Fallas de hardware
TK-010214,Solicitudes rutinarias,Solicitudes rutinarias
TK-010215,Errores recurrentes de software/ERP,Errores recurrentes de software/ERP
TK-010216,Fallas de hardware,Fallas de hardware
TK-010217,Casos crónicos,Casos crónicos
TK-010218,Solicitudes rutinarias,Solicitudes rutinarias
TK-010219,Solicitudes rutinarias,Solicitudes rutinarias
TK-010220,Solicitudes rutinarias,Solicitudes rutinarias
TK-010221,Solicitudes rutinarias,Solicitudes rutinarias
TK-010222,Fallas de hardware,Fallas de hardware
TK-010223,Incidentes críticos de red,Incidentes críticos de red
TK-010224,Errores recurrentes de software/ERP,Errores recurrentes de software/ERP
TK-010225,Solicitudes rutinarias,Solicitudes rutinarias
TK-010226,Fallas de hardware,Fallas de hardware
TK-010227,Solicitudes rutinarias,Solicitudes rutinarias
TK-010228,Incidentes de seguridad,Solicitudes rutinarias
TK-010229,Solicitudes rutinarias,Solicitudes rutinarias
TK-010230,Solicitudes rutinarias,Solicitudes rutinarias
TK-010231,Fallas de hardware,Solicitudes rutinarias
TK-010232,Fallas de hardware,Fallas de hardware
TK-010233,Incidentes críticos de red,Incidentes críticos de red
TK-010234,Incidentes de seguridad,Incidentes de seguridad
TK-010235,Fallas de hardware,Fallas de hardware
TK-010236,Solicitudes rutinarias,Solicitudes rutinarias
TK-010237,Errores recurrentes de software/ERP,Solicitudes rutinarias
TK-010238,Solicitudes rutinarias,Solicitudes rutinarias
TK-010239,Solicitudes rutinarias,Solicitudes rutinarias
TK-010240,Fallas de hardware,Errores recurrentes de software/ERP
TK-010241,Solicitudes rutinarias,Solicitudes rutinarias
TK-010242,Fallas de hardware,Fallas de hardware
TK-010243,Errores recurrentes de software/ERP,Casos crónicos
TK-010244,Solicitudes rutinarias,Solicitudes rutinarias
TK-010245,Fallas de hardware,Fallas de hardware
TK-010246,Incidentes de seguridad,Incidentes de seguridad
TK-010247,Solicitudes rutinarias,Solicitudes rutinarias
TK-010248,Incidentes de seguridad,Incidentes de seguridad
TK-010249,Fallas de hardware,Fallas de hardware
TK-010250,Solicitudes rutinarias,Solicitudes rutinarias
TK-010251,Errores recurrentes de software/ERP,Errores recurrentes de software/ERP
TK-010252,Errores recurrentes de software/ERP,Errores recurrentes de software/ERP
TK-010253,Solicitudes rutinarias,Fallas de hardware
TK-010254,Solicitudes rutinarias,Solicitudes rutinarias
TK-010255,Solicitudes rutinarias,Solicitudes rutinarias
TK-010256,Solicitudes rutinarias,Solicitudes rutinarias
TK-010257,Errores recurrentes de software/ERP,Errores recurrentes de software/ERP
TK-010258,Casos crónicos,Casos crónicos
TK-010259,Incidentes críticos de red,Incidentes críticos de red
TK-010260,Solicitudes rutinarias,Solicitudes rutinarias
TK-010261,Fallas de hardware,Fallas de hardware
TK-010262,Solicitudes rutinarias,Solicitudes rutinarias
TK-010263,Solicitudes rutinarias,Solicitudes rutinarias
TK-010264,Solicitudes rutinarias,Solicitudes rutinarias
TK-010265,Solicitudes rutinarias,Errores recurrentes de software/ERP
TK-010266,Solicitudes rutinarias,Solicitudes rutinarias
TK-010267,Incidentes críticos de red,Incidentes críticos de red
TK-010268,Solicitudes rutinarias,Errores recurrentes de software/ERP
TK-010269,Errores recurrentes de software/ERP,Errores recurrentes de software/ERP
TK-010270,Casos crónicos,Casos crónicos
TK-010271,Fallas de hardware,Fallas de hardware
TK-010272,Fallas de hardware,Fallas de hardware
TK-010273,Solicitudes rutinarias,Solicitudes rutinarias
TK-010274,Fallas de hardware,Fallas de hardware
TK-010275,Solicitudes rutinarias,Solicitudes rutinarias
TK-010276,Casos crónicos,Casos crónicos
TK-010277,Errores recurrentes de software/ERP,Errores recurrentes de software/ERP
TK-010278,Fallas de hardware,Fallas de hardware
TK-010279,Solicitudes rutinarias,Solicitudes rutinarias
TK-010280,Solicitudes rutinarias,Solicitudes rutinarias
TK-010281,Solicitudes rutinarias,Solicitudes rutinarias
TK-010282,Errores recurrentes de software/ERP,Errores recurrentes de software/ERP
TK-010283,Solicitudes rutinarias,Solicitudes rutinarias
TK-010284,Solicitudes rutinarias,Solicitudes rutinarias
TK-010285,Fallas de hardware,Fallas de hardware
TK-010286,Solicitudes rutinarias,Solicitudes rutinarias
TK-010287,Solicitudes rutinarias,Solicitudes rutinarias
TK-010288,Solicitudes rutinarias,Solicitudes rutinarias
TK-010289,Solicitudes rutinarias,Solicitudes rutinarias
TK-010290,Solicitudes rutinarias,Solicitudes rutinarias
TK-010291,Solicitudes rutinarias,Solicitudes rutinarias
TK-010292,Solicitudes rutinarias,Solicitudes rutinarias
TK-010293,Solicitudes rutinarias,Solicitudes rutinarias
TK-010294,Fallas de hardware,Fallas de hardware
TK-010295,Solicitudes rutinarias,Solicitudes rutinarias
TK-010296,Solicitudes rutinarias,Solicitudes rutinarias
TK-010297,Solicitudes rutinarias,Solicitudes rutinarias
TK-010298,Incidentes de seguridad,Incidentes de seguridad
TK-010299,Errores recurrentes de software/ERP,Errores recurrentes de software/ERP
TK-010300,Solicitudes rutinarias,Solicitudes rutinarias
TK-010301,Incidentes de seguridad,Incidentes de seguridad
TK-010302,Solicitudes rutinarias,Solicitudes rutinarias
TK-010303,Fallas de hardware,Fallas de hardware
TK-010304,Fallas de hardware,Fallas de hardware
TK-010305,Incidentes críticos de red,Incidentes críticos de red
TK-010306,Fallas de hardware,Fallas de hardware
TK-010307,Solicitudes rutinarias,Solicitudes rutinarias
TK-010308,Incidentes de seguridad,Incidentes de seguridad
TK-010309,Solicitudes rutinarias,Fallas de hardware
TK-010310,Solicitudes rutinarias,Solicitudes rutinarias
TK-010311,Fallas de hardware,Fallas de hardware
TK-010312,Solicitudes rutinarias,Solicitudes rutinarias
TK-010313,Fallas de hardware,Fallas de hardware
TK-010314,Incidentes críticos de red,Incidentes críticos de red
TK-010315,Solicitudes rutinarias,Solicitudes rutinarias
TK-010316,Errores recurrentes de software/ERP,Errores recurrentes de software/ERP
TK-010317,Solicitudes rutinarias,Solicitudes rutinarias
TK-010318,Solicitudes rutinarias,Solicitudes rutinarias
TK-010319,Solicitudes rutinarias,Solicitudes rutinarias
TK-010320,Solicitudes rutinarias,Errores recurrentes de software/ERP
TK-010321,Fallas de hardware,Fallas de hardware
TK-010322,Solicitudes rutinarias,Solicitudes rutinarias
TK-010323,Solicitudes rutinarias,Errores recurrentes de software/ERP
TK-010324,Solicitudes rutinarias,Solicitudes rutinarias
TK-010325,Solicitudes rutinarias,Solicitudes rutinarias
TK-010326,Solicitudes rutinarias,Solicitudes rutinarias
TK-010327,Errores recurrentes de software/ERP,Errores recurrentes de software/ERP
TK-010328,Errores recurrentes de software/ERP,Errores recurrentes de software/ERP
TK-010329,Incidentes de seguridad,Incidentes de seguridad
TK-010330,Solicitudes rutinarias,Solicitudes rutinarias
TK-010331,Fallas de hardware,Fallas de hardware
TK-010332,Fallas de hardware,Fallas de hardware
TK-010333,Fallas de hardware,Solicitudes rutinarias
TK-010334,Solicitudes rutinarias,Solicitudes rutinarias
TK-010335,Casos crónicos,Casos crónicos
TK-010336,Fallas de hardware,Fallas de hardware
TK-010337,Incidentes críticos de red,Incidentes críticos de red
TK-010338,Incidentes críticos de red,Incidentes críticos de red
TK-010339,Fallas de hardware,Fallas de hardware
TK-010340,Casos crónicos,Errores recurrentes de software/ERP
TK-010341,Errores recurrentes de software/ERP,Errores recurrentes de software/ERP
TK-010342,Solicitudes rutinarias,Solicitudes rutinarias
TK-010343,Errores recurrentes de software/ERP,Errores recurrentes de software/ERP
TK-010344,Solicitudes rutinarias,Solicitudes rutinarias
TK-010345,Solicitudes rutinarias,Errores recurrentes de software/ERP
TK-010346,Solicitudes rutinarias,Solicitudes rutinarias
TK-010347,Solicitudes rutinarias,Solicitudes rutinarias
TK-010348,Solicitudes rutinarias,Solicitudes rutinarias
TK-010349,Fallas de hardware,Solicitudes rutinarias
TK-010350,Solicitudes rutinarias,Solicitudes rutinarias
TK-010351,Solicitudes rutinarias,Solicitudes rutinarias
TK-010352,Errores recurrentes de software/ERP,Solicitudes rutinarias
TK-010353,Solicitudes rutinarias,Solicitudes rutinarias
TK-010354,Fallas de hardware,Fallas de hardware
TK-010355,Fallas de hardware,Fallas de hardware
TK-010356,Errores recurrentes de software/ERP,Errores recurrentes de software/ERP
TK-010357,Errores recurrentes de software/ERP,Errores recurrentes de software/ERP
TK-010358,Solicitudes rutinarias,Solicitudes rutinarias
TK-010359,Solicitudes rutinarias,Errores recurrentes de software/ERP
TK-010360,Solicitudes rutinarias,Solicitudes rutinarias
TK-010361,Solicitudes rutinarias,Solicitudes rutinarias
TK-010362,Solicitudes rutinarias,Solicitudes rutinarias
TK-010363,Solicitudes rutinarias,Solicitudes rutinarias
TK-010364,Solicitudes rutinarias,Solicitudes rutinarias
TK-010365,Solicitudes rutinarias,Solicitudes rutinarias
TK-010366,Solicitudes rutinarias,Solicitudes rutinarias
TK-010367,Solicitudes rutinarias,Solicitudes rutinarias
TK-010368,Solicitudes rutinarias,Solicitudes rutinarias
TK-010369,Solicitudes rutinarias,Solicitudes rutinarias
TK-010370,Fallas de hardware,Fallas de hardware
TK-010371,Solicitudes rutinarias,Solicitudes rutinarias
TK-010372,Incidentes críticos de red,Incidentes críticos de red
TK-010373,Errores recurrentes de software/ERP,Errores recurrentes de software/ERP
TK-010374,Fallas de hardware,Fallas de hardware
TK-010375,Incidentes de seguridad,Incidentes de seguridad
TK-010376,Errores recurrentes de software/ERP,Casos crónicos
TK-010377,Fallas de hardware,Fallas de hardware
TK-010378,Solicitudes rutinarias,Solicitudes rutinarias
TK-010379,Solicitudes rutinarias,Solicitudes rutinarias
TK-010380,Incidentes de seguridad,Incidentes de seguridad
TK-010381,Solicitudes rutinarias,Solicitudes rutinarias
TK-010382,Solicitudes rutinarias,Solicitudes rutinarias
TK-010383,Solicitudes rutinarias,Solicitudes rutinarias
TK-010384,Solicitudes rutinarias,Solicitudes rutinarias
TK-010385,Solicitudes rutinarias,Solicitudes rutinarias
TK-010386,Solicitudes rutinarias,Solicitudes rutinarias
TK-010387,Errores recurrentes de software/ERP,Errores recurrentes de software/ERP
TK-010388,Errores recurrentes de software/ERP,Errores recurrentes de software/ERP
TK-010389,Solicitudes rutinarias,Errores recurrentes de software/ERP
TK-010390,Fallas de hardware,Fallas de hardware
TK-010391,Solicitudes rutinarias,Solicitudes rutinarias
TK-010392,Incidentes de seguridad,Incidentes de seguridad
TK-010393,Errores recurrentes de software/ERP,Errores recurrentes de software/ERP
TK-010394,Casos crónicos,Casos crónicos
TK-010395,Fallas de hardware,Fallas de hardware
TK-010396,Errores recurrentes de software/ERP,Errores recurrentes de software/ERP
TK-010397,Fallas de hardware,Fallas de hardware
TK-010398,Solicitudes rutinarias,Fallas de hardware
TK-010399,Incidentes de seguridad,Incidentes de seguridad
TK-010400,Solicitudes rutinarias,Solicitudes rutinarias
TK-010401,Solicitudes rutinarias,Solicitudes rutinarias
TK-010402,Solicitudes rutinarias,Solicitudes rutinarias
TK-010403,Solicitudes rutinarias,Solicitudes rutinarias
TK-010404,Incidentes críticos de red,Incidentes críticos de red
TK-010405,Solicitudes rutinarias,Solicitudes rutinarias
TK-010406,Fallas de hardware,Fallas de hardware
TK-010407,Solicitudes rutinarias,Fallas de hardware
TK-010408,Fallas de hardware,Solicitudes rutinarias
TK-010409,Fallas de hardware,Fallas de hardware
TK-010410,Incidentes de seguridad,Incidentes de seguridad
TK-010411,Errores recurrentes de software/ERP,Casos crónicos
TK-010412,Solicitudes rutinarias,Solicitudes rutinarias
TK-010413,Incidentes de seguridad,Incidentes de seguridad
TK-010414,Errores recurrentes de software/ERP,Errores recurrentes de software/ERP
TK-010415,Errores recurrentes de software/ERP,Errores recurrentes de software/ERP
TK-010416,Solicitudes rutinarias,Solicitudes rutinarias
TK-010417,Errores recurrentes de software/ERP,Errores recurrentes de software/ERP
TK-010418,Solicitudes rutinarias,Solicitudes rutinarias
TK-010419,Solicitudes rutinarias,Solicitudes rutinarias
TK-010420,Solicitudes rutinarias,Solicitudes rutinarias
TK-010421,Solicitudes rutinarias,Solicitudes rutinarias
TK-010422,Solicitudes rutinarias,Solicitudes rutinarias
TK-010423,Solicitudes rutinarias,Solicitudes rutinarias
TK-010424,Solicitudes rutinarias,Solicitudes rutinarias
TK-010425,Solicitudes rutinarias,Solicitudes rutinarias
TK-010426,Fallas de hardware,Fallas de hardware
TK-010427,Solicitudes rutinarias,Solicitudes rutinarias
TK-010428,Fallas de hardware,Fallas de hardware
TK-010429,Solicitudes rutinarias,Solicitudes rutinarias
TK-010430,Solicitudes rutinarias,Solicitudes rutinarias
TK-010431,Fallas de hardware,Errores recurrentes de software/ERP
TK-010432,Incidentes de seguridad,Incidentes de seguridad
TK-010433,Incidentes críticos de red,Incidentes críticos de red
TK-010434,Solicitudes rutinarias,Solicitudes rutinarias
TK-010435,Incidentes críticos de red,Errores recurrentes de software/ERP
TK-010436,Casos crónicos,Incidentes críticos de red
TK-010437,Fallas de hardware,Fallas de hardware
TK-010438,Fallas de hardware,Fallas de hardware
TK-010439,Incidentes críticos de red,Incidentes críticos de red
TK-010440,Solicitudes rutinarias,Solicitudes rutinarias
TK-010441,Errores recurrentes de software/ERP,Solicitudes rutinarias
TK-010442,Solicitudes rutinarias,Fallas de hardware
TK-010443,Errores recurrentes de software/ERP,Errores recurrentes de software/ERP
TK-010444,Solicitudes rutinarias,Errores recurrentes de software/ERP
TK-010445,Fallas de hardware,Errores recurrentes de software/ERP
TK-010446,Solicitudes rutinarias,Fallas de hardware
TK-010447,Incidentes críticos de red,Errores recurrentes de software/ERP
TK-010448,Solicitudes rutinarias,Solicitudes rutinarias
TK-010449,Incidentes críticos de red,Incidentes críticos de red
TK-010450,Solicitudes rutinarias,Solicitudes rutinarias
TK-010451,Errores recurrentes de software/ERP,Errores recurrentes de software/ERP
TK-010452,Solicitudes rutinarias,Fallas de hardware
TK-010453,Incidentes críticos de red,Incidentes críticos de red
TK-010454,Solicitudes rutinarias,Solicitudes rutinarias
TK-010455,Errores recurrentes de software/ERP,Errores recurrentes de software/ERP
TK-010456,Solicitudes rutinarias,Solicitudes rutinarias
TK-010457,Solicitudes rutinarias,Solicitudes rutinarias
TK-010458,Incidentes de seguridad,Incidentes de seguridad
TK-010459,Casos crónicos,Casos crónicos
TK-010460,Fallas de hardware,Fallas de hardware
TK-010461,Solicitudes rutinarias,Solicitudes rutinarias
TK-010462,Fallas de hardware,Fallas de hardware
TK-010463,Fallas de hardware,Fallas de hardware
TK-010464,Solicitudes rutinarias,Solicitudes rutinarias
TK-010465,Solicitudes rutinarias,Solicitudes rutinarias
TK-010466,Solicitudes rutinarias,Solicitudes rutinarias
TK-010467,Errores recurrentes de software/ERP,Errores recurrentes de software/ERP
TK-010468,Solicitudes rutinarias,Solicitudes rutinarias
TK-010469,Errores recurrentes de software/ERP,Errores recurrentes de software/ERP
TK-010470,Solicitudes rutinarias,Solicitudes rutinarias
TK-010471,Errores recurrentes de software/ERP,Errores recurrentes de software/ERP
TK-010472,Fallas de hardware,Fallas de hardware
TK-010473,Solicitudes rutinarias,Solicitudes rutinarias
TK-010474,Solicitudes rutinarias,Solicitudes rutinarias
TK-010475,Solicitudes rutinarias,Solicitudes rutinarias
TK-010476,Solicitudes rutinarias,Solicitudes rutinarias
TK-010477,Solicitudes rutinarias,Fallas de hardware
TK-010478,Solicitudes rutinarias,Solicitudes rutinarias
TK-010479,Incidentes de seguridad,Incidentes de seguridad
TK-010480,Incidentes de seguridad,Incidentes de seguridad
TK-010481,Solicitudes rutinarias,Solicitudes rutinarias
TK-010482,Solicitudes rutinarias,Solicitudes rutinarias
TK-010483,Solicitudes rutinarias,Fallas de hardware
TK-010484,Errores recurrentes de software/ERP,Errores recurrentes de software/ERP
TK-010485,Solicitudes rutinarias,Solicitudes rutinarias
TK-010486,Solicitudes rutinarias,Solicitudes rutinarias
TK-010487,Solicitudes rutinarias,Solicitudes rutinarias
TK-010488,Fallas de hardware,Fallas de hardware
TK-010489,Incidentes críticos de red,Incidentes críticos de red
TK-010490,Errores recurrentes de software/ERP,Errores recurrentes de software/ERP
TK-010491,Fallas de hardware,Fallas de hardware
TK-010492,Fallas de hardware,Fallas de hardware
TK-010493,Incidentes críticos de red,Incidentes críticos de red
TK-010494,Incidentes de seguridad,Incidentes de seguridad
TK-010495,Solicitudes rutinarias,Solicitudes rutinarias
TK-010496,Solicitudes rutinarias,Solicitudes rutinarias
TK-010497,Casos crónicos,Casos crónicos
TK-010498,Solicitudes rutinarias,Solicitudes rutinarias
TK-010499,Solicitudes rutinarias,Solicitudes rutinarias
TK-010500,Incidentes críticos de red,Incidentes críticos de red
TK-010501,Incidentes críticos de red,Incidentes críticos de red
TK-010502,Solicitudes rutinarias,Solicitudes rutinarias
TK-010503,Casos crónicos,Casos crónicos
TK-010504,Errores recurrentes de software/ERP,Errores recurrentes de software/ERP
TK-010505,Solicitudes rutinarias,Solicitudes rutinarias
TK-010506,Solicitudes rutinarias,Solicitudes rutinarias
TK-010507,Solicitudes rutinarias,Solicitudes rutinarias
TK-010508,Solicitudes rutinarias,Solicitudes rutinarias
TK-010509,Solicitudes rutinarias,Solicitudes rutinarias
TK-010510,Solicitudes rutinarias,Solicitudes rutinarias
TK-010511,Solicitudes rutinarias,Solicitudes rutinarias
TK-010512,Solicitudes rutinarias,Solicitudes rutinarias
TK-010513,Fallas de hardware,Fallas de hardware
TK-010514,Solicitudes rutinarias,Solicitudes rutinarias
TK-010515,Solicitudes rutinarias,Solicitudes rutinarias
TK-010516,Fallas de hardware,Solicitudes rutinarias
TK-010517,Solicitudes rutinarias,Solicitudes rutinarias
TK-010518,Solicitudes rutinarias,Solicitudes rutinarias
TK-010519,Incidentes críticos de red,Incidentes críticos de red
TK-010520,Fallas de hardware,Fallas de hardware
TK-010521,Fallas de hardware,Fallas de hardware
TK-010522,Casos crónicos,Casos crónicos
TK-010523,Solicitudes rutinarias,Solicitudes rutinarias
TK-010524,Errores recurrentes de software/ERP,Solicitudes rutinarias
TK-010525,Errores recurrentes de software/ERP,Errores recurrentes de software/ERP
TK-010526,Fallas de hardware,Solicitudes rutinarias
TK-010527,Errores recurrentes de software/ERP,Errores recurrentes de software/ERP
TK-010528,Solicitudes rutinarias,Errores recurrentes de software/ERP
TK-010529,Incidentes de seguridad,Incidentes de seguridad
TK-010530,Fallas de hardware,Fallas de hardware
TK-010531,Errores recurrentes de software/ERP,Errores recurrentes de software/ERP
TK-010532,Fallas de hardware,Fallas de hardware
TK-010533,Solicitudes rutinarias,Solicitudes rutinarias
TK-010534,Errores recurrentes de software/ERP,Errores recurrentes de software/ERP
TK-010535,Solicitudes rutinarias,Solicitudes rutinarias
TK-010536,Fallas de hardware,Fallas de hardware
TK-010537,Errores recurrentes de software/ERP,Errores recurrentes de software/ERP
TK-010538,Solicitudes rutinarias,Solicitudes rutinarias
TK-010539,Solicitudes rutinarias,Solicitudes rutinarias
TK-010540,Fallas de hardware,Fallas de hardware
TK-010541,Errores recurrentes de software/ERP,Errores recurrentes de software/ERP
TK-010542,Solicitudes rutinarias,Solicitudes rutinarias
TK-010543,Casos crónicos,Incidentes críticos de red
TK-010544,Fallas de hardware,Solicitudes rutinarias
TK-010545,Solicitudes rutinarias,Errores recurrentes de software/ERP
TK-010546,Solicitudes rutinarias,Solicitudes rutinarias
TK-010547,Errores recurrentes de software/ERP,Errores recurrentes de software/ERP
TK-010548,Solicitudes rutinarias,Solicitudes rutinarias
TK-010549,Fallas de hardware,Fallas de hardware
TK-010550,Solicitudes rutinarias,Solicitudes rutinarias
TK-010551,Solicitudes rutinarias,Fallas de hardware
TK-010552,Errores recurrentes de software/ERP,Errores recurrentes de software/ERP
TK-010553,Solicitudes rutinarias,Solicitudes rutinarias
TK-010554,Solicitudes rutinarias,Solicitudes rutinarias
TK-010555,Fallas de hardware,Fallas de hardware
TK-010556,Incidentes de seguridad,Incidentes de seguridad
TK-010557,Fallas de hardware,Solicitudes rutinarias
TK-010558,Solicitudes rutinarias,Solicitudes rutinarias
TK-010559,Solicitudes rutinarias,Solicitudes rutinarias
TK-010560,Solicitudes rutinarias,Solicitudes rutinarias
TK-010561,Fallas de hardware,Errores recurrentes de software/ERP
TK-010562,Solicitudes rutinarias,Solicitudes rutinarias
TK-010563,Solicitudes rutinarias,Solicitudes rutinarias
TK-010564,Solicitudes rutinarias,Solicitudes rutinarias
TK-010565,Fallas de hardware,Fallas de hardware
TK-010566,Errores recurrentes de software/ERP,Errores recurrentes de software/ERP
TK-010567,Fallas de hardware,Fallas de hardware
TK-010568,Fallas de hardware,Errores recurrentes de software/ERP
TK-010569,Incidentes de seguridad,Incidentes de seguridad
TK-010570,Errores recurrentes de software/ERP,Errores recurrentes de software/ERP
TK-010571,Incidentes de seguridad,Solicitudes rutinarias
TK-010572,Casos crónicos,Casos crónicos
TK-010573,Errores recurrentes de software/ERP,Errores recurrentes de software/ERP
TK-010574,Solicitudes rutinarias,Fallas de hardware
TK-010575,Errores recurrentes de software/ERP,Solicitudes rutinarias
TK-010576,Solicitudes rutinarias,Solicitudes rutinarias
TK-010577,Solicitudes rutinarias,Solicitudes rutinarias
TK-010578,Fallas de hardware,Fallas de hardware
TK-010579,Errores recurrentes de software/ERP,Errores recurrentes de software/ERP
TK-010580,Errores recurrentes de software/ERP,Errores recurrentes de software/ERP
TK-010581,Solicitudes rutinarias,Fallas de hardware
TK-010582,Solicitudes rutinarias,Errores recurrentes de software/ERP
TK-010583,Fallas de hardware,Fallas de hardware
TK-010584,Errores recurrentes de software/ERP,Errores recurrentes de software/ERP
TK-010585,Solicitudes rutinarias,Solicitudes rutinarias
TK-010586,Errores recurrentes de software/ERP,Errores recurrentes de software/ERP
TK-010587,Solicitudes rutinarias,Solicitudes rutinarias
TK-010588,Casos crónicos,Casos crónicos
TK-010589,Solicitudes rutinarias,Solicitudes rutinarias
TK-010590,Fallas de hardware,Fallas de hardware
TK-010591,Solicitudes rutinarias,Solicitudes rutinarias
TK-010592,Fallas de hardware,Fallas de hardware
TK-010593,Solicitudes rutinarias,Errores recurrentes de software/ERP
TK-010594,Fallas de hardware,Fallas de hardware
TK-010595,Solicitudes rutinarias,Fallas de hardware
TK-010596,Solicitudes rutinarias,Solicitudes rutinarias
TK-010597,Errores recurrentes de software/ERP,Errores recurrentes de software/ERP
TK-010598,Solicitudes rutinarias,Solicitudes rutinarias
TK-010599,Fallas de hardware,Fallas de hardware
TK-010600,Fallas de hardware,Fallas de hardware
TK-010601,Fallas de hardware,Fallas de hardware
TK-010602,Fallas de hardware,Fallas de hardware
TK-010603,Solicitudes rutinarias,Solicitudes rutinarias
TK-010604,Solicitudes rutinarias,Solicitudes rutinarias
TK-010605,Solicitudes rutinarias,Solicitudes rutinarias
TK-010606,Incidentes críticos de red,Errores recurrentes de software/ERP
TK-010607,Errores recurrentes de software/ERP,Errores recurrentes de software/ERP
TK-010608,Incidentes de seguridad,Incidentes de seguridad
TK-010609,Solicitudes rutinarias,Solicitudes rutinarias
TK-010610,Solicitudes rutinarias,Solicitudes rutinarias
TK-010611,Solicitudes rutinarias,Solicitudes rutinarias
TK-010612,Casos crónicos,Casos crónicos
TK-010613,Solicitudes rutinarias,Solicitudes rutinarias
TK-010614,Fallas de hardware,Fallas de hardware
TK-010615,Solicitudes rutinarias,Solicitudes rutinarias
TK-010616,Incidentes de seguridad,Incidentes de seguridad
TK-010617,Errores recurrentes de software/ERP,Errores recurrentes de software/ERP
TK-010618,Fallas de hardware,Fallas de hardware
TK-010619,Incidentes de seguridad,Incidentes de seguridad
TK-010620,Incidentes críticos de red,Incidentes críticos de red
TK-010621,Solicitudes rutinarias,Solicitudes rutinarias
TK-010622,Fallas de hardware,Fallas de hardware
TK-010623,Solicitudes rutinarias,Solicitudes rutinarias
TK-010624,Solicitudes rutinarias,Solicitudes rutinarias
TK-010625,Solicitudes rutinarias,Solicitudes rutinarias
TK-010626,Solicitudes rutinarias,Solicitudes rutinarias
TK-010627,Solicitudes rutinarias,Errores recurrentes de software/ERP
TK-010628,Fallas de hardware,Fallas de hardware
TK-010629,Errores recurrentes de software/ERP,Casos crónicos
TK-010630,Errores recurrentes de software/ERP,Errores recurrentes de software/ERP
TK-010631,Incidentes de seguridad,Incidentes de seguridad
TK-010632,Solicitudes rutinarias,Solicitudes rutinarias
TK-010633,Incidentes críticos de red,Incidentes críticos de red
TK-010634,Incidentes críticos de red,Incidentes críticos de red
TK-010635,Solicitudes rutinarias,Solicitudes rutinarias
TK-010636,Solicitudes rutinarias,Solicitudes rutinarias
TK-010637,Errores recurrentes de software/ERP,Errores recurrentes de software/ERP
TK-010638,Solicitudes rutinarias,Solicitudes rutinarias
TK-010639,Solicitudes rutinarias,Solicitudes rutinarias
TK-010640,Solicitudes rutinarias,Solicitudes rutinarias
TK-010641,Incidentes de seguridad,Incidentes de seguridad
TK-010642,Solicitudes rutinarias,Solicitudes rutinarias
TK-010643,Solicitudes rutinarias,Solicitudes rutinarias
TK-010644,Fallas de hardware,Fallas de hardware
TK-010645,Solicitudes rutinarias,Solicitudes rutinarias
TK-010646,Fallas de hardware,Fallas de hardware
TK-010647,Fallas de hardware,Fallas de hardware
TK-010648,Fallas de hardware,Fallas de hardware
TK-010649,Incidentes críticos de red,Incidentes críticos de red
TK-010650,Solicitudes rutinarias,Solicitudes rutinarias
TK-010651,Solicitudes rutinarias,Solicitudes rutinarias
TK-010652,Errores recurrentes de software/ERP,Errores recurrentes de software/ERP
TK-010653,Solicitudes rutinarias,Solicitudes rutinarias
TK-010654,Errores recurrentes de software/ERP,Errores recurrentes de software/ERP
TK-010655,Solicitudes rutinarias,Fallas de hardware
TK-010656,Solicitudes rutinarias,Solicitudes rutinarias
TK-010657,Fallas de hardware,Fallas de hardware
TK-010658,Solicitudes rutinarias,Solicitudes rutinarias
TK-010659,Errores recurrentes de software/ERP,Errores recurrentes de software/ERP
TK-010660,Incidentes de seguridad,Incidentes de seguridad
TK-010661,Solicitudes rutinarias,Solicitudes rutinarias
TK-010662,Solicitudes rutinarias,Solicitudes rutinarias
TK-010663,Errores recurrentes de software/ERP,Errores recurrentes de software/ERP
TK-010664,Solicitudes rutinarias,Solicitudes rutinarias
TK-010665,Incidentes de seguridad,Incidentes de seguridad
TK-010666,Solicitudes rutinarias,Solicitudes rutinarias
TK-010667,Solicitudes rutinarias,Solicitudes rutinarias
TK-010668,Solicitudes rutinarias,Solicitudes rutinarias
TK-010669,Fallas de hardware,Fallas de hardware
TK-010670,Incidentes de seguridad,Incidentes de seguridad
TK-010671,Solicitudes rutinarias,Solicitudes rutinarias
TK-010672,Errores recurrentes de software/ERP,Errores recurrentes de software/ERP
TK-010673,Solicitudes rutinarias,Solicitudes rutinarias
TK-010674,Errores recurrentes de software/ERP,Errores recurrentes de software/ERP
TK-010675,Incidentes de seguridad,Incidentes de seguridad
TK-010676,Incidentes críticos de red,Incidentes de seguridad
TK-010677,Fallas de hardware,Fallas de hardware
TK-010678,Solicitudes rutinarias,Solicitudes rutinarias
TK-010679,Fallas de hardware,Fallas de hardware
TK-010680,Incidentes de seguridad,Incidentes de seguridad
TK-010681,Solicitudes rutinarias,Solicitudes rutinarias
TK-010682,Errores recurrentes de software/ERP,Errores recurrentes de software/ERP
TK-010683,Solicitudes rutinarias,Solicitudes rutinarias
TK-010684,Solicitudes rutinarias,Solicitudes rutinarias
TK-010685,Fallas de hardware,Fallas de hardware
TK-010686,Solicitudes rutinarias,Solicitudes rutinarias
TK-010687,Solicitudes rutinarias,Solicitudes rutinarias
TK-010688,Solicitudes rutinarias,Solicitudes rutinarias
TK-010689,Incidentes de seguridad,Incidentes de seguridad
TK-010690,Solicitudes rutinarias,Solicitudes rutinarias
TK-010691,Solicitudes rutinarias,Solicitudes rutinarias
TK-010692,Casos crónicos,Casos crónicos
TK-010693,Solicitudes rutinarias,Solicitudes rutinarias
TK-010694,Solicitudes rutinarias,Fallas de hardware
TK-010695,Solicitudes rutinarias,Solicitudes rutinarias
TK-010696,Fallas de hardware,Solicitudes rutinarias
TK-010697,Fallas de hardware,Fallas de hardware
TK-010698,Solicitudes rutinarias,Solicitudes rutinarias
TK-010699,Errores recurrentes de software/ERP,Errores recurrentes de software/ERP
TK-010700,Solicitudes rutinarias,Solicitudes rutinarias
TK-010701,Errores recurrentes de software/ERP,Errores recurrentes de software/ERP
TK-010702,Errores recurrentes de software/ERP,Errores recurrentes de software/ERP
TK-010703,Fallas de hardware,Fallas de hardware
TK-010704,Solicitudes rutinarias,Solicitudes rutinarias
TK-010705,Incidentes de seguridad,Incidentes de seguridad
TK-010706,Fallas de hardware,Fallas de hardware
TK-010707,Solicitudes rutinarias,Solicitudes rutinarias
TK-010708,Solicitudes rutinarias,Solicitudes rutinarias
TK-010709,Errores recurrentes de software/ERP,Errores recurrentes de software/ERP
TK-010710,Incidentes de seguridad,Solicitudes rutinarias
TK-010711,Errores recurrentes de software/ERP,Errores recurrentes de software/ERP
TK-010712,Solicitudes rutinarias,Solicitudes rutinarias
TK-010713,Solicitudes rutinarias,Errores recurrentes de software/ERP
TK-010714,Solicitudes rutinarias,Solicitudes rutinarias
TK-010715,Incidentes de seguridad,Incidentes de seguridad
TK-010716,Solicitudes rutinarias,Fallas de hardware
TK-010717,Casos crónicos,Casos crónicos
TK-010718,Solicitudes rutinarias,Solicitudes rutinarias
TK-010719,Fallas de hardware,Fallas de hardware
TK-010720,Incidentes de seguridad,Incidentes de seguridad
TK-010721,Solicitudes rutinarias,Solicitudes rutinarias
TK-010722,Solicitudes rutinarias,Solicitudes rutinarias
TK-010723,Solicitudes rutinarias,Solicitudes rutinarias
TK-010724,Solicitudes rutinarias,Solicitudes rutinarias
TK-010725,Solicitudes rutinarias,Solicitudes rutinarias
TK-010726,Errores recurrentes de software/ERP,Casos crónicos
TK-010727,Solicitudes rutinarias,Solicitudes rutinarias
TK-010728,Solicitudes rutinarias,Solicitudes rutinarias
TK-010729,Solicitudes rutinarias,Solicitudes rutinarias
TK-010730,Incidentes críticos de red,Errores recurrentes de software/ERP
TK-010731,Incidentes críticos de red,Incidentes críticos de red
TK-010732,Solicitudes rutinarias,Solicitudes rutinarias
TK-010733,Solicitudes rutinarias,Solicitudes rutinarias
TK-010734,Solicitudes rutinarias,Solicitudes rutinarias
TK-010735,Errores recurrentes de software/ERP,Errores recurrentes de software/ERP
TK-010736,Fallas de hardware,Fallas de hardware
TK-010737,Fallas de hardware,Fallas de hardware
TK-010738,Solicitudes rutinarias,Solicitudes rutinarias
TK-010739,Errores recurrentes de software/ERP,Errores recurrentes de software/ERP
TK-010740,Solicitudes rutinarias,Solicitudes rutinarias
TK-010741,Incidentes críticos de red,Incidentes críticos de red
TK-010742,Errores recurrentes de software/ERP,Errores recurrentes de software/ERP
TK-010743,Solicitudes rutinarias,Solicitudes rutinarias
TK-010744,Solicitudes rutinarias,Solicitudes rutinarias
TK-010745,Fallas de hardware,Fallas de hardware
TK-010746,Solicitudes rutinarias,Solicitudes rutinarias
TK-010747,Incidentes críticos de red,Incidentes críticos de red
TK-010748,Errores recurrentes de software/ERP,Errores recurrentes de software/ERP
TK-010749,Solicitudes rutinarias,Solicitudes rutinarias
TK-010750,Solicitudes rutinarias,Solicitudes rutinarias
TK-010751,Solicitudes rutinarias,Solicitudes rutinarias
TK-010752,Solicitudes rutinarias,Solicitudes rutinarias
TK-010753,Incidentes críticos de red,Incidentes críticos de red
TK-010754,Errores recurrentes de software/ERP,Errores recurrentes de software/ERP
TK-010755,Solicitudes rutinarias,Solicitudes rutinarias
TK-010756,Fallas de hardware,Fallas de hardware
TK-010757,Solicitudes rutinarias,Solicitudes rutinarias
TK-010758,Solicitudes rutinarias,Fallas de hardware
TK-010759,Incidentes de seguridad,Incidentes de seguridad
TK-010760,Errores recurrentes de software/ERP,Errores recurrentes de software/ERP
TK-010761,Errores recurrentes de software/ERP,Errores recurrentes de software/ERP
TK-010762,Casos crónicos,Casos crónicos
TK-010763,Solicitudes rutinarias,Solicitudes rutinarias
TK-010764,Solicitudes rutinarias,Errores recurrentes de software/ERP
TK-010765,Errores recurrentes de software/ERP,Errores recurrentes de software/ERP
TK-010766,Fallas de hardware,Fallas de hardware
TK-010767,Errores recurrentes de software/ERP,Errores recurrentes de software/ERP
TK-010768,Solicitudes rutinarias,Solicitudes rutinarias
TK-010769,Solicitudes rutinarias,Solicitudes rutinarias
TK-010770,Incidentes de seguridad,Incidentes críticos de red
TK-010771,Casos crónicos,Errores recurrentes de software/ERP
TK-010772,Solicitudes rutinarias,Solicitudes rutinarias
TK-010773,Incidentes críticos de red,Incidentes críticos de red
TK-010774,Errores recurrentes de software/ERP,Errores recurrentes de software/ERP
TK-010775,Errores recurrentes de software/ERP,Errores recurrentes de software/ERP
TK-010776,Solicitudes rutinarias,Fallas de hardware
TK-010777,Solicitudes rutinarias,Solicitudes rutinarias
TK-010778,Fallas de hardware,Fallas de hardware
TK-010779,Solicitudes rutinarias,Fallas de hardware
TK-010780,Incidentes de seguridad,Incidentes de seguridad
TK-010781,Errores recurrentes de software/ERP,Errores recurrentes de software/ERP
TK-010782,Solicitudes rutinarias,Solicitudes rutinarias
TK-010783,Fallas de hardware,Fallas de hardware
TK-010784,Solicitudes rutinarias,Errores recurrentes de software/ERP
TK-010785,Fallas de hardware,Fallas de hardware
TK-010786,Errores recurrentes de software/ERP,Solicitudes rutinarias
TK-010787,Fallas de hardware,Errores recurrentes de software/ERP
TK-010788,Solicitudes rutinarias,Fallas de hardware
TK-010789,Errores recurrentes de software/ERP,Errores recurrentes de software/ERP
TK-010790,Fallas de hardware,Fallas de hardware
TK-010791,Solicitudes rutinarias,Solicitudes rutinarias
TK-010792,Solicitudes rutinarias,Solicitudes rutinarias
TK-010793,Errores recurrentes de software/ERP,Errores recurrentes de software/ERP
TK-010794,Fallas de hardware,Fallas de hardware
TK-010795,Casos crónicos,Casos crónicos
TK-010796,Errores recurrentes de software/ERP,Errores recurrentes de software/ERP
TK-010797,Incidentes de seguridad,Incidentes de seguridad
TK-010798,Solicitudes rutinarias,Solicitudes rutinarias
TK-010799,Solicitudes rutinarias,Errores recurrentes de software/ERP
TK-010800,Incidentes críticos de red,Incidentes críticos de red
TK-010801,Fallas de hardware,Fallas de hardware
TK-010802,Fallas de hardware,Fallas de hardware
TK-010803,Fallas de hardware,Fallas de hardware
TK-010804,Solicitudes rutinarias,Solicitudes rutinarias
TK-010805,Solicitudes rutinarias,Solicitudes rutinarias
TK-010806,Errores recurrentes de software/ERP,Errores recurrentes de software/ERP
TK-010807,Errores recurrentes de software/ERP,Errores recurrentes de software/ERP
TK-010808,Errores recurrentes de software/ERP,Errores recurrentes de software/ERP
TK-010809,Solicitudes rutinarias,Solicitudes rutinarias
TK-010810,Solicitudes rutinarias,Solicitudes rutinarias
TK-010811,Incidentes de seguridad,Incidentes de seguridad
TK-010812,Solicitudes rutinarias,Solicitudes rutinarias
TK-010813,Fallas de hardware,Fallas de hardware
TK-010814,Solicitudes rutinarias,Solicitudes rutinarias
TK-010815,Solicitudes rutinarias,Solicitudes rutinarias
TK-010816,Incidentes de seguridad,Incidentes de seguridad
TK-010817,Solicitudes rutinarias,Solicitudes rutinarias
TK-010818,Solicitudes rutinarias,Solicitudes rutinarias
TK-010819,Solicitudes rutinarias,Solicitudes rutinarias
TK-010820,Errores recurrentes de software/ERP,Errores recurrentes de software/ERP
TK-010821,Incidentes de seguridad,Incidentes de seguridad
TK-010822,Solicitudes rutinarias,Solicitudes rutinarias
TK-010823,Solicitudes rutinarias,Solicitudes rutinarias
TK-010824,Errores recurrentes de software/ERP,Errores recurrentes de software/ERP
TK-010825,Errores recurrentes de software/ERP,Errores recurrentes de software/ERP
TK-010826,Errores recurrentes de software/ERP,Errores recurrentes de software/ERP
TK-010827,Errores recurrentes de software/ERP,Errores recurrentes de software/ERP
TK-010828,Fallas de hardware,Fallas de hardware
TK-010829,Incidentes críticos de red,Incidentes críticos de red
TK-010830,Errores recurrentes de software/ERP,Errores recurrentes de software/ERP
TK-010831,Solicitudes rutinarias,Solicitudes rutinarias
TK-010832,Solicitudes rutinarias,Fallas de hardware
TK-010833,Incidentes críticos de red,Incidentes críticos de red
TK-010834,Errores recurrentes de software/ERP,Errores recurrentes de software/ERP
TK-010835,Fallas de hardware,Fallas de hardware
TK-010836,Solicitudes rutinarias,Solicitudes rutinarias
TK-010837,Solicitudes rutinarias,Solicitudes rutinarias
TK-010838,Errores recurrentes de software/ERP,Errores recurrentes de software/ERP
TK-010839,Errores recurrentes de software/ERP,Errores recurrentes de software/ERP
TK-010840,Fallas de hardware,Fallas de hardware
TK-010841,Solicitudes rutinarias,Solicitudes rutinarias
TK-010842,Solicitudes rutinarias,Solicitudes rutinarias
TK-010843,Fallas de hardware,Fallas de hardware
TK-010844,Solicitudes rutinarias,Solicitudes rutinarias
TK-010845,Solicitudes rutinarias,Solicitudes rutinarias
TK-010846,Solicitudes rutinarias,Solicitudes rutinarias
TK-010847,Solicitudes rutinarias,Errores recurrentes de software/ERP
TK-010848,Solicitudes rutinarias,Solicitudes rutinarias
TK-010849,Solicitudes rutinarias,Solicitudes rutinarias
TK-010850,Fallas de hardware,Fallas de hardware
TK-010851,Fallas de hardware,Fallas de hardware
TK-010852,Solicitudes rutinarias,Solicitudes rutinarias
TK-010853,Solicitudes rutinarias,Solicitudes rutinarias
TK-010854,Incidentes de seguridad,Incidentes de seguridad
TK-010855,Errores recurrentes de software/ERP,Errores recurrentes de software/ERP
TK-010856,Incidentes de seguridad,Incidentes de seguridad
TK-010857,Fallas de hardware,Fallas de hardware
TK-010858,Fallas de hardware,Fallas de hardware
TK-010859,Incidentes de seguridad,Incidentes de seguridad
TK-010860,Fallas de hardware,Fallas de hardware
TK-010861,Solicitudes rutinarias,Solicitudes rutinarias
TK-010862,Solicitudes rutinarias,Errores recurrentes de software/ERP
TK-010863,Fallas de hardware,Fallas de hardware
TK-010864,Incidentes críticos de red,Errores recurrentes de software/ERP
TK-010865,Fallas de hardware,Fallas de hardware
TK-010866,Fallas de hardware,Fallas de hardware
TK-010867,Solicitudes rutinarias,Solicitudes rutinarias
TK-010868,Solicitudes rutinarias,Solicitudes rutinarias
TK-010869,Solicitudes rutinarias,Solicitudes rutinarias
TK-010870,Fallas de hardware,Fallas de hardware
TK-010871,Solicitudes rutinarias,Solicitudes rutinarias
TK-010872,Fallas de hardware,Fallas de hardware
TK-010873,Solicitudes rutinarias,Solicitudes rutinarias
TK-010874,Errores recurrentes de software/ERP,Casos crónicos
TK-010875,Incidentes críticos de red,Incidentes críticos de red
TK-010876,Incidentes de seguridad,Incidentes de seguridad
TK-010877,Casos crónicos,Casos crónicos
TK-010878,Solicitudes rutinarias,Solicitudes rutinarias
TK-010879,Solicitudes rutinarias,Solicitudes rutinarias
TK-010880,Incidentes críticos de red,Incidentes críticos de red
TK-010881,Solicitudes rutinarias,Solicitudes rutinarias
TK-010882,Solicitudes rutinarias,Solicitudes rutinarias
TK-010883,Solicitudes rutinarias,Solicitudes rutinarias
TK-010884,Errores recurrentes de software/ERP,Errores recurrentes de software/ERP
TK-010885,Errores recurrentes de software/ERP,Errores recurrentes de software/ERP
TK-010886,Solicitudes rutinarias,Solicitudes rutinarias
TK-010887,Solicitudes rutinarias,Solicitudes rutinarias
TK-010888,Solicitudes rutinarias,Solicitudes rutinarias
TK-010889,Fallas de hardware,Fallas de hardware
TK-010890,Errores recurrentes de software/ERP,Errores recurrentes de software/ERP
TK-010891,Solicitudes rutinarias,Solicitudes rutinarias
TK-010892,Fallas de hardware,Fallas de hardware
TK-010893,Errores recurrentes de software/ERP,Solicitudes rutinarias
TK-010894,Solicitudes rutinarias,Solicitudes rutinarias
TK-010895,Solicitudes rutinarias,Solicitudes rutinarias
TK-010896,Solicitudes rutinarias,Solicitudes rutinarias
TK-010897,Solicitudes rutinarias,Solicitudes rutinarias
TK-010898,Errores recurrentes de software/ERP,Errores recurrentes de software/ERP
TK-010899,Errores recurrentes de software/ERP,Errores recurrentes de software/ERP
TK-010900,Errores recurrentes de software/ERP,Errores recurrentes de software/ERP
TK-010901,Errores recurrentes de software/ERP,Errores recurrentes de software/ERP
TK-010902,Solicitudes rutinarias,Solicitudes rutinarias
TK-010903,Solicitudes rutinarias,Fallas de hardware
TK-010904,Fallas de hardware,Fallas de hardware
TK-010905,Solicitudes rutinarias,Solicitudes rutinarias
TK-010906,Incidentes de seguridad,Incidentes de seguridad
TK-010907,Solicitudes rutinarias,Solicitudes rutinarias
TK-010908,Solicitudes rutinarias,Solicitudes rutinarias
TK-010909,Incidentes de seguridad,Incidentes de seguridad
TK-010910,Solicitudes rutinarias,Solicitudes rutinarias
TK-010911,Fallas de hardware,Fallas de hardware
TK-010912,Incidentes de seguridad,Incidentes de seguridad
TK-010913,Solicitudes rutinarias,Solicitudes rutinarias
TK-010914,Solicitudes rutinarias,Solicitudes rutinarias
TK-010915,Incidentes de seguridad,Incidentes de seguridad
TK-010916,Solicitudes rutinarias,Solicitudes rutinarias
TK-010917,Solicitudes rutinarias,Solicitudes rutinarias
TK-010918,Fallas de hardware,Fallas de hardware
TK-010919,Solicitudes rutinarias,Solicitudes rutinarias
TK-010920,Incidentes críticos de red,Incidentes críticos de red
TK-010921,Incidentes de seguridad,Incidentes de seguridad
TK-010922,Solicitudes rutinarias,Solicitudes rutinarias
TK-010923,Incidentes de seguridad,Incidentes de seguridad
TK-010924,Solicitudes rutinarias,Solicitudes rutinarias
TK-010925,Errores recurrentes de software/ERP,Errores recurrentes de software/ERP
TK-010926,Solicitudes rutinarias,Solicitudes rutinarias
TK-010927,Errores recurrentes de software/ERP,Errores recurrentes de software/ERP
TK-010928,Solicitudes rutinarias,Solicitudes rutinarias
TK-010929,Incidentes de seguridad,Incidentes de seguridad
TK-010930,Errores recurrentes de software/ERP,Errores recurrentes de software/ERP
TK-010931,Solicitudes rutinarias,Solicitudes rutinarias
TK-010932,Solicitudes rutinarias,Solicitudes rutinarias
TK-010933,Solicitudes rutinarias,Solicitudes rutinarias
TK-010934,Solicitudes rutinarias,Solicitudes rutinarias
TK-010935,Solicitudes rutinarias,Errores recurrentes de software/ERP
TK-010936,Incidentes de seguridad,Incidentes de seguridad
TK-010937,Solicitudes rutinarias,Fallas de hardware
TK-010938,Solicitudes rutinarias,Solicitudes rutinarias
TK-010939,Errores recurrentes de software/ERP,Solicitudes rutinarias
TK-010940,Errores recurrentes de software/ERP,Errores recurrentes de software/ERP
TK-010941,Solicitudes rutinarias,Solicitudes rutinarias
TK-010942,Solicitudes rutinarias,Solicitudes rutinarias
TK-010943,Incidentes de seguridad,Incidentes de seguridad
TK-010944,Incidentes de seguridad,Incidentes de seguridad
TK-010945,Incidentes críticos de red,Incidentes críticos de red
TK-010946,Fallas de hardware,Fallas de hardware
TK-010947,Errores recurrentes de software/ERP,Errores recurrentes de software/ERP
TK-010948,Solicitudes rutinarias,Solicitudes rutinarias
TK-010949,Solicitudes rutinarias,Fallas de hardware
TK-010950,Solicitudes rutinarias,Solicitudes rutinarias
TK-010951,Solicitudes rutinarias,Solicitudes rutinarias
TK-010952,Solicitudes rutinarias,Fallas de hardware
TK-010953,Incidentes de seguridad,Incidentes de seguridad
TK-010954,Errores recurrentes de software/ERP,Errores recurrentes de software/ERP
TK-010955,Fallas de hardware,Fallas de hardware
TK-010956,Fallas de hardware,Fallas de hardware
TK-010957,Incidentes críticos de red,Incidentes críticos de red
TK-010958,Fallas de hardware,Fallas de hardware
TK-010959,Fallas de hardware,Fallas de hardware
TK-010960,Solicitudes rutinarias,Solicitudes rutinarias
TK-010961,Solicitudes rutinarias,Solicitudes rutinarias
TK-010962,Solicitudes rutinarias,Solicitudes rutinarias
TK-010963,Errores recurrentes de software/ERP,Errores recurrentes de software/ERP
TK-010964,Solicitudes rutinarias,Solicitudes rutinarias
TK-010965,Errores recurrentes de software/ERP,Casos crónicos
TK-010966,Errores recurrentes de software/ERP,Errores recurrentes de software/ERP
TK-010967,Solicitudes rutinarias,Solicitudes rutinarias
TK-010968,Solicitudes rutinarias,Solicitudes rutinarias
TK-010969,Errores recurrentes de software/ERP,Errores recurrentes de software/ERP
TK-010970,Solicitudes rutinarias,Solicitudes rutinarias
TK-010971,Fallas de hardware,Fallas de hardware
TK-010972,Solicitudes rutinarias,Solicitudes rutinarias
TK-010973,Incidentes de seguridad,Solicitudes rutinarias
TK-010974,Solicitudes rutinarias,Solicitudes rutinarias
TK-010975,Fallas de hardware,Fallas de hardware
TK-010976,Fallas de hardware,Fallas de hardware
TK-010977,Errores recurrentes de software/ERP,Errores recurrentes de software/ERP
TK-010978,Incidentes de seguridad,Incidentes de seguridad
TK-010979,Solicitudes rutinarias,Solicitudes rutinarias
TK-010980,Solicitudes rutinarias,Solicitudes rutinarias
TK-010981,Solicitudes rutinarias,Solicitudes rutinarias
TK-010982,Fallas de hardware,Fallas de hardware
TK-010983,Solicitudes rutinarias,Solicitudes rutinarias
TK-010984,Fallas de hardware,Fallas de hardware
TK-010985,Fallas de hardware,Fallas de hardware
TK-010986,Solicitudes rutinarias,Solicitudes rutinarias
TK-010987,Casos crónicos,Casos crónicos
TK-010988,Incidentes críticos de red,Incidentes críticos de red
TK-010989,Errores recurrentes de software/ERP,Errores recurrentes de software/ERP
TK-010990,Solicitudes rutinarias,Solicitudes rutinarias
TK-010991,Incidentes de seguridad,Incidentes de seguridad
TK-010992,Solicitudes rutinarias,Solicitudes rutinarias
TK-010993,Casos crónicos,Casos crónicos
TK-010994,Solicitudes rutinarias,Solicitudes rutinarias
TK-010995,Fallas de hardware,Errores recurrentes de software/ERP
TK-010996,Solicitudes rutinarias,Solicitudes rutinarias
TK-010997,Solicitudes rutinarias,Solicitudes rutinarias
TK-010998,Fallas de hardware,Fallas de hardware
TK-010999,Casos crónicos,Casos crónicos
TK-011000,Errores recurrentes de software/ERP,Errores recurrentes de software/ERP
TK-011001,Solicitudes rutinarias,Fallas de hardware
TK-011002,Solicitudes rutinarias,Solicitudes rutinarias
TK-011003,Solicitudes rutinarias,Fallas de hardware
TK-011004,Errores recurrentes de software/ERP,Errores recurrentes de software/ERP
TK-011005,Solicitudes rutinarias,Solicitudes rutinarias
TK-011006,Fallas de hardware,Fallas de hardware
TK-011007,Fallas de hardware,Fallas de hardware
TK-011008,Solicitudes rutinarias,Errores recurrentes de software/ERP
TK-011009,Fallas de hardware,Fallas de hardware
TK-011010,Solicitudes rutinarias,Fallas de hardware
TK-011011,Errores recurrentes de software/ERP,Errores recurrentes de software/ERP
TK-011012,Solicitudes rutinarias,Solicitudes rutinarias
TK-011013,Fallas de hardware,Fallas de hardware
TK-011014,Incidentes de seguridad,Solicitudes rutinarias
TK-011015,Incidentes de seguridad,Incidentes de seguridad
TK-011016,Solicitudes rutinarias,Solicitudes rutinarias
TK-011017,Errores recurrentes de software/ERP,Errores recurrentes de software/ERP
TK-011018,Solicitudes rutinarias,Solicitudes rutinarias
TK-011019,Solicitudes rutinarias,Solicitudes rutinarias
TK-011020,Fallas de hardware,Fallas de hardware
TK-011021,Errores recurrentes de software/ERP,Errores recurrentes de software/ERP
TK-011022,Incidentes de seguridad,Incidentes de seguridad
TK-011023,Solicitudes rutinarias,Solicitudes rutinarias
TK-011024,Fallas de hardware,Fallas de hardware
TK-011025,Incidentes de seguridad,Solicitudes rutinarias
TK-011026,Incidentes de seguridad,Incidentes de seguridad
TK-011027,Fallas de hardware,Solicitudes rutinarias
TK-011028,Solicitudes rutinarias,Fallas de hardware
TK-011029,Solicitudes rutinarias,Solicitudes rutinarias
TK-011030,Errores recurrentes de software/ERP,Errores recurrentes de software/ERP
TK-011031,Incidentes de seguridad,Incidentes de seguridad
TK-011032,Fallas de hardware,Fallas de hardware
TK-011033,Solicitudes rutinarias,Errores recurrentes de software/ERP
TK-011034,Solicitudes rutinarias,Solicitudes rutinarias
TK-011035,Errores recurrentes de software/ERP,Errores recurrentes de software/ERP
TK-011036,Solicitudes rutinarias,Solicitudes rutinarias
TK-011037,Solicitudes rutinarias,Solicitudes rutinarias
TK-011038,Solicitudes rutinarias,Solicitudes rutinarias
TK-011039,Solicitudes rutinarias,Solicitudes rutinarias
TK-011040,Solicitudes rutinarias,Errores recurrentes de software/ERP
TK-011041,Incidentes de seguridad,Incidentes de seguridad
TK-011042,Solicitudes rutinarias,Solicitudes rutinarias
TK-011043,Solicitudes rutinarias,Solicitudes rutinarias
TK-011044,Casos crónicos,Casos crónicos
TK-011045,Solicitudes rutinarias,Solicitudes rutinarias
TK-011046,Errores recurrentes de software/ERP,Errores recurrentes de software/ERP
TK-011047,Fallas de hardware,Fallas de hardware
TK-011048,Casos crónicos,Casos crónicos
TK-011049,Solicitudes rutinarias,Solicitudes rutinarias
TK-011050,Fallas de hardware,Fallas de hardware
TK-011051,Solicitudes rutinarias,Fallas de hardware
TK-011052,Errores recurrentes de software/ERP,Errores recurrentes de software/ERP
TK-011053,Errores recurrentes de software/ERP,Errores recurrentes de software/ERP
TK-011054,Solicitudes rutinarias,Solicitudes rutinarias
TK-011055,Incidentes críticos de red,Incidentes críticos de red
TK-011056,Fallas de hardware,Fallas de hardware
TK-011057,Solicitudes rutinarias,Solicitudes rutinarias
TK-011058,Errores recurrentes de software/ERP,Errores recurrentes de software/ERP
TK-011059,Fallas de hardware,Fallas de hardware
TK-011060,Solicitudes rutinarias,Solicitudes rutinarias
TK-011061,Errores recurrentes de software/ERP,Errores recurrentes de software/ERP
TK-011062,Errores recurrentes de software/ERP,Errores recurrentes de software/ERP
TK-011063,Errores recurrentes de software/ERP,Errores recurrentes de software/ERP
TK-011064,Fallas de hardware,Fallas de hardware
TK-011065,Solicitudes rutinarias,Solicitudes rutinarias
TK-011066,Errores recurrentes de software/ERP,Solicitudes rutinarias
TK-011067,Incidentes críticos de red,Incidentes críticos de red
TK-011068,Solicitudes rutinarias,Solicitudes rutinarias
TK-011069,Solicitudes rutinarias,Solicitudes rutinarias
TK-011070,Solicitudes rutinarias,Solicitudes rutinarias
TK-011071,Solicitudes rutinarias,Solicitudes rutinarias
TK-011072,Fallas de hardware,Fallas de hardware
TK-011073,Solicitudes rutinarias,Solicitudes rutinarias
TK-011074,Incidentes críticos de red,Incidentes críticos de red
TK-011075,Casos crónicos,Casos crónicos
TK-011076,Solicitudes rutinarias,Solicitudes rutinarias
TK-011077,Solicitudes rutinarias,Solicitudes rutinarias
TK-011078,Incidentes críticos de red,Incidentes críticos de red
TK-011079,Solicitudes rutinarias,Errores recurrentes de software/ERP
TK-011080,Solicitudes rutinarias,Solicitudes rutinarias
TK-011081,Solicitudes rutinarias,Solicitudes rutinarias
TK-011082,Solicitudes rutinarias,Solicitudes rutinarias
TK-011083,Solicitudes rutinarias,Solicitudes rutinarias
TK-011084,Fallas de hardware,Fallas de hardware
TK-011085,Solicitudes rutinarias,Solicitudes rutinarias
TK-011086,Incidentes críticos de red,Incidentes críticos de red
TK-011087,Incidentes críticos de red,Incidentes críticos de red
TK-011088,Solicitudes rutinarias,Solicitudes rutinarias
TK-011089,Errores recurrentes de software/ERP,Casos crónicos
TK-011090,Solicitudes rutinarias,Solicitudes rutinarias
TK-011091,Solicitudes rutinarias,Solicitudes rutinarias
TK-011092,Fallas de hardware,Fallas de hardware
TK-011093,Errores recurrentes de software/ERP,Casos crónicos
TK-011094,Fallas de hardware,Fallas de hardware
TK-011095,Solicitudes rutinarias,Solicitudes rutinarias
TK-011096,Solicitudes rutinarias,Solicitudes rutinarias
TK-011097,Incidentes de seguridad,Incidentes de seguridad
TK-011098,Incidentes de seguridad,Incidentes de seguridad
TK-011099,Fallas de hardware,Solicitudes rutinarias
TK-011100,Solicitudes rutinarias,Solicitudes rutinarias
TK-011101,Solicitudes rutinarias,Solicitudes rutinarias
TK-011102,Errores recurrentes de software/ERP,Errores recurrentes de software/ERP
TK-011103,Solicitudes rutinarias,Errores recurrentes de software/ERP
TK-011104,Incidentes de seguridad,Incidentes de seguridad
TK-011105,Solicitudes rutinarias,Fallas de hardware
TK-011106,Fallas de hardware,Fallas de hardware
TK-011107,Solicitudes rutinarias,Solicitudes rutinarias
TK-011108,Solicitudes rutinarias,Solicitudes rutinarias
TK-011109,Solicitudes rutinarias,Solicitudes rutinarias
TK-011110,Incidentes críticos de red,Incidentes de seguridad
TK-011111,Incidentes de seguridad,Incidentes de seguridad
TK-011112,Solicitudes rutinarias,Solicitudes rutinarias
TK-011113,Casos crónicos,Casos crónicos
TK-011114,Fallas de hardware,Fallas de hardware
TK-011115,Fallas de hardware,Fallas de hardware
TK-011116,Incidentes críticos de red,Incidentes críticos de red
TK-011117,Errores recurrentes de software/ERP,Errores recurrentes de software/ERP
TK-011118,Incidentes de seguridad,Incidentes de seguridad
TK-011119,Solicitudes rutinarias,Solicitudes rutinarias
TK-011120,Solicitudes rutinarias,Solicitudes rutinarias
TK-011121,Solicitudes rutinarias,Solicitudes rutinarias
TK-011122,Solicitudes rutinarias,Solicitudes rutinarias
TK-011123,Errores recurrentes de software/ERP,Solicitudes rutinarias
TK-011124,Solicitudes rutinarias,Solicitudes rutinarias
TK-011125,Solicitudes rutinarias,Solicitudes rutinarias
TK-011126,Incidentes de seguridad,Incidentes de seguridad
TK-011127,Fallas de hardware,Errores recurrentes de software/ERP
TK-011128,Solicitudes rutinarias,Solicitudes rutinarias
TK-011129,Solicitudes rutinarias,Solicitudes rutinarias
TK-011130,Fallas de hardware,Fallas de hardware
TK-011131,Casos crónicos,Casos crónicos
TK-011132,Errores recurrentes de software/ERP,Errores recurrentes de software/ERP
TK-011133,Fallas de hardware,Fallas de hardware
TK-011134,Solicitudes rutinarias,Solicitudes rutinarias
TK-011135,Incidentes de seguridad,Incidentes de seguridad
TK-011136,Incidentes críticos de red,Incidentes críticos de red
TK-011137,Fallas de hardware,Fallas de hardware
TK-011138,Incidentes críticos de red,Incidentes críticos de red
TK-011139,Solicitudes rutinarias,Fallas de hardware
TK-011140,Solicitudes rutinarias,Solicitudes rutinarias
TK-011141,Solicitudes rutinarias,Solicitudes rutinarias
TK-011142,Errores recurrentes de software/ERP,Errores recurrentes de software/ERP
TK-011143,Fallas de hardware,Fallas de hardware
TK-011144,Solicitudes rutinarias,Solicitudes rutinarias
TK-011145,Solicitudes rutinarias,Solicitudes rutinarias
TK-011146,Fallas de hardware,Fallas de hardware
TK-011147,Errores recurrentes de software/ERP,Errores recurrentes de software/ERP
TK-011148,Solicitudes rutinarias,Solicitudes rutinarias
TK-011149,Fallas de hardware,Fallas de hardware
TK-011150,Solicitudes rutinarias,Solicitudes rutinarias
TK-011151,Solicitudes rutinarias,Errores recurrentes de software/ERP
TK-011152,Solicitudes rutinarias,Solicitudes rutinarias
TK-011153,Solicitudes rutinarias,Errores recurrentes de software/ERP
TK-011154,Fallas de hardware,Fallas de hardware
TK-011155,Incidentes críticos de red,Incidentes críticos de red
TK-011156,Solicitudes rutinarias,Solicitudes rutinarias
TK-011157,Errores recurrentes de software/ERP,Errores recurrentes de software/ERP
TK-011158,Incidentes de seguridad,Incidentes de seguridad
TK-011159,Incidentes de seguridad,Incidentes de seguridad
TK-011160,Incidentes de seguridad,Incidentes de seguridad
TK-011161,Fallas de hardware,Fallas de hardware
TK-011162,Incidentes críticos de red,Incidentes críticos de red
TK-011163,Solicitudes rutinarias,Solicitudes rutinarias
TK-011164,Solicitudes rutinarias,Solicitudes rutinarias
TK-011165,Errores recurrentes de software/ERP,Errores recurrentes de software/ERP
TK-011166,Errores recurrentes de software/ERP,Errores recurrentes de software/ERP
TK-011167,Errores recurrentes de software/ERP,Errores recurrentes de software/ERP
TK-011168,Solicitudes rutinarias,Errores recurrentes de software/ERP
TK-011169,Solicitudes rutinarias,Solicitudes rutinarias
TK-011170,Solicitudes rutinarias,Solicitudes rutinarias
TK-011171,Errores recurrentes de software/ERP,Errores recurrentes de software/ERP
TK-011172,Fallas de hardware,Fallas de hardware
TK-011173,Solicitudes rutinarias,Solicitudes rutinarias
TK-011174,Fallas de hardware,Fallas de hardware
TK-011175,Solicitudes rutinarias,Solicitudes rutinarias
TK-011176,Incidentes de seguridad,Incidentes de seguridad
TK-011177,Solicitudes rutinarias,Solicitudes rutinarias
TK-011178,Casos crónicos,Casos crónicos
TK-011179,Errores recurrentes de software/ERP,Errores recurrentes de software/ERP
TK-011180,Incidentes críticos de red,Incidentes críticos de red
TK-011181,Solicitudes rutinarias,Solicitudes rutinarias
TK-011182,Incidentes de seguridad,Incidentes de seguridad
TK-011183,Errores recurrentes de software/ERP,Errores recurrentes de software/ERP
TK-011184,Fallas de hardware,Fallas de hardware
TK-011185,Solicitudes rutinarias,Solicitudes rutinarias
TK-011186,Solicitudes rutinarias,Solicitudes rutinarias
TK-011187,Solicitudes rutinarias,Solicitudes rutinarias
TK-011188,Fallas de hardware,Fallas de hardware
TK-011189,Solicitudes rutinarias,Solicitudes rutinarias
TK-011190,Solicitudes rutinarias,Solicitudes rutinarias
TK-011191,Incidentes de seguridad,Incidentes de seguridad
TK-011192,Solicitudes rutinarias,Solicitudes rutinarias
TK-011193,Solicitudes rutinarias,Solicitudes rutinarias
TK-011194,Solicitudes rutinarias,Solicitudes rutinarias
TK-011195,Solicitudes rutinarias,Solicitudes rutinarias
TK-011196,Solicitudes rutinarias,Solicitudes rutinarias
TK-011197,Fallas de hardware,Fallas de hardware
TK-011198,Solicitudes rutinarias,Fallas de hardware
TK-011199,Solicitudes rutinarias,Solicitudes rutinarias
TK-011200,Incidentes críticos de red,Incidentes críticos de red
TK-011201,Fallas de hardware,Fallas de hardware
TK-011202,Solicitudes rutinarias,Solicitudes rutinarias
TK-011203,Solicitudes rutinarias,Solicitudes rutinarias
TK-011204,Solicitudes rutinarias,Solicitudes rutinarias
TK-011205,Solicitudes rutinarias,Solicitudes rutinarias
TK-011206,Solicitudes rutinarias,Errores recurrentes de software/ERP
TK-011207,Errores recurrentes de software/ERP,Errores recurrentes de software/ERP
TK-011208,Errores recurrentes de software/ERP,Errores recurrentes de software/ERP
TK-011209,Errores recurrentes de software/ERP,Errores recurrentes de software/ERP
TK-011210,Errores recurrentes de software/ERP,Solicitudes rutinarias
TK-011211,Incidentes de seguridad,Incidentes de seguridad
TK-011212,Solicitudes rutinarias,Solicitudes rutinarias
TK-011213,Solicitudes rutinarias,Solicitudes rutinarias
TK-011214,Fallas de hardware,Fallas de hardware
TK-011215,Errores recurrentes de software/ERP,Solicitudes rutinarias
TK-011216,Fallas de hardware,Fallas de hardware
TK-011217,Solicitudes rutinarias,Fallas de hardware
TK-011218,Solicitudes rutinarias,Solicitudes rutinarias
TK-011219,Fallas de hardware,Fallas de hardware
TK-011220,Errores recurrentes de software/ERP,Errores recurrentes de software/ERP
TK-011221,Errores recurrentes de software/ERP,Errores recurrentes de software/ERP
TK-011222,Errores recurrentes de software/ERP,Errores recurrentes de software/ERP
TK-011223,Solicitudes rutinarias,Solicitudes rutinarias
TK-011224,Solicitudes rutinarias,Errores recurrentes de software/ERP
TK-011225,Solicitudes rutinarias,Solicitudes rutinarias
TK-011226,Errores recurrentes de software/ERP,Errores recurrentes de software/ERP
TK-011227,Fallas de hardware,Fallas de hardware
TK-011228,Fallas de hardware,Fallas de hardware
TK-011229,Solicitudes rutinarias,Solicitudes rutinarias
TK-011230,Solicitudes rutinarias,Solicitudes rutinarias
TK-011231,Casos crónicos,Casos crónicos
TK-011232,Errores recurrentes de software/ERP,Errores recurrentes de software/ERP
TK-011233,Fallas de hardware,Solicitudes rutinarias
TK-011234,Solicitudes rutinarias,Solicitudes rutinarias
TK-011235,Fallas de hardware,Fallas de hardware
TK-011236,Errores recurrentes de software/ERP,Errores recurrentes de software/ERP
TK-011237,Casos crónicos,Casos crónicos
TK-011238,Solicitudes rutinarias,Solicitudes rutinarias
TK-011239,Solicitudes rutinarias,Solicitudes rutinarias
TK-011240,Fallas de hardware,Fallas de hardware
TK-011241,Solicitudes rutinarias,Solicitudes rutinarias
TK-011242,Errores recurrentes de software/ERP,Errores recurrentes de software/ERP
TK-011243,Solicitudes rutinarias,Solicitudes rutinarias
TK-011244,Solicitudes rutinarias,Errores recurrentes de software/ERP
TK-011245,Casos crónicos,Casos crónicos
TK-011246,Errores recurrentes de software/ERP,Errores recurrentes de software/ERP
TK-011247,Solicitudes rutinarias,Solicitudes rutinarias
TK-011248,Fallas de hardware,Fallas de hardware
TK-011249,Errores recurrentes de software/ERP,Errores recurrentes de software/ERP
TK-011250,Incidentes críticos de red,Incidentes críticos de red
TK-011251,Incidentes de seguridad,Incidentes críticos de red
TK-011252,Casos crónicos,Casos crónicos
TK-011253,Fallas de hardware,Fallas de hardware
TK-011254,Errores recurrentes de software/ERP,Errores recurrentes de software/ERP
TK-011255,Fallas de hardware,Errores recurrentes de software/ERP
TK-011256,Solicitudes rutinarias,Solicitudes rutinarias
TK-011257,Solicitudes rutinarias,Fallas de hardware
TK-011258,Solicitudes rutinarias,Solicitudes rutinarias
TK-011259,Errores recurrentes de software/ERP,Errores recurrentes de software/ERP
TK-011260,Fallas de hardware,Fallas de hardware
TK-011261,Solicitudes rutinarias,Solicitudes rutinarias
TK-011262,Solicitudes rutinarias,Solicitudes rutinarias
TK-011263,Casos crónicos,Casos crónicos
TK-011264,Casos crónicos,Incidentes críticos de red
TK-011265,Solicitudes rutinarias,Solicitudes rutinarias
TK-011266,Errores recurrentes de software/ERP,Errores recurrentes de software/ERP
TK-011267,Fallas de hardware,Fallas de hardware
TK-011268,Incidentes de seguridad,Incidentes de seguridad
TK-011269,Errores recurrentes de software/ERP,Casos crónicos
TK-011270,Solicitudes rutinarias,Solicitudes rutinarias
TK-011271,Solicitudes rutinarias,Solicitudes rutinarias
TK-011272,Solicitudes rutinarias,Solicitudes rutinarias
TK-011273,Fallas de hardware,Fallas de hardware
TK-011274,Solicitudes rutinarias,Solicitudes rutinarias
TK-011275,Incidentes de seguridad,Incidentes de seguridad
TK-011276,Incidentes críticos de red,Incidentes críticos de red
TK-011277,Fallas de hardware,Fallas de hardware
TK-011278,Solicitudes rutinarias,Solicitudes rutinarias
TK-011279,Errores recurrentes de software/ERP,Errores recurrentes de software/ERP
TK-011280,Solicitudes rutinarias,Solicitudes rutinarias
TK-011281,Solicitudes rutinarias,Solicitudes rutinarias
TK-011282,Errores recurrentes de software/ERP,Errores recurrentes de software/ERP
TK-011283,Solicitudes rutinarias,Solicitudes rutinarias
TK-011284,Errores recurrentes de software/ERP,Errores recurrentes de software/ERP
TK-011285,Fallas de hardware,Fallas de hardware
TK-011286,Solicitudes rutinarias,Solicitudes rutinarias
TK-011287,Solicitudes rutinarias,Solicitudes rutinarias
TK-011288,Incidentes críticos de red,Incidentes críticos de red
TK-011289,Solicitudes rutinarias,Errores recurrentes de software/ERP
TK-011290,Errores recurrentes de software/ERP,Errores recurrentes de software/ERP
TK-011291,Errores recurrentes de software/ERP,Errores recurrentes de software/ERP
TK-011292,Solicitudes rutinarias,Solicitudes rutinarias
TK-011293,Solicitudes rutinarias,Solicitudes rutinarias
TK-011294,Solicitudes rutinarias,Solicitudes rutinarias
TK-011295,Solicitudes rutinarias,Solicitudes rutinarias
TK-011296,Errores recurrentes de software/ERP,Errores recurrentes de software/ERP
TK-011297,Solicitudes rutinarias,Solicitudes rutinarias
TK-011298,Solicitudes rutinarias,Solicitudes rutinarias
TK-011299,Errores recurrentes de software/ERP,Errores recurrentes de software/ERP
TK-011300,Solicitudes rutinarias,Solicitudes rutinarias
TK-011301,Incidentes críticos de red,Incidentes críticos de red
TK-011302,Errores recurrentes de software/ERP,Errores recurrentes de software/ERP
TK-011303,Solicitudes rutinarias,Solicitudes rutinarias
TK-011304,Casos crónicos,Casos crónicos
TK-011305,Solicitudes rutinarias,Solicitudes rutinarias
TK-011306,Solicitudes rutinarias,Fallas de hardware
TK-011307,Incidentes de seguridad,Incidentes de seguridad
TK-011308,Solicitudes rutinarias,Solicitudes rutinarias
TK-011309,Solicitudes rutinarias,Solicitudes rutinarias
TK-011310,Incidentes críticos de red,Incidentes críticos de red
TK-011311,Fallas de hardware,Fallas de hardware
TK-011312,Fallas de hardware,Fallas de hardware
TK-011313,Solicitudes rutinarias,Solicitudes rutinarias
TK-011314,Solicitudes rutinarias,Solicitudes rutinarias
TK-011315,Incidentes críticos de red,Incidentes críticos de red
TK-011316,Fallas de hardware,Fallas de hardware
TK-011317,Incidentes críticos de red,Incidentes críticos de red
TK-011318,Solicitudes rutinarias,Solicitudes rutinarias
TK-011319,Solicitudes rutinarias,Solicitudes rutinarias
TK-011320,Errores recurrentes de software/ERP,Errores recurrentes de software/ERP
TK-011321,Solicitudes rutinarias,Solicitudes rutinarias
TK-011322,Fallas de hardware,Fallas de hardware
TK-011323,Incidentes de seguridad,Incidentes de seguridad
TK-011324,Fallas de hardware,Solicitudes rutinarias
TK-011325,Casos crónicos,Casos crónicos
TK-011326,Errores recurrentes de software/ERP,Errores recurrentes de software/ERP
TK-011327,Solicitudes rutinarias,Solicitudes rutinarias
TK-011328,Incidentes críticos de red,Incidentes críticos de red
TK-011329,Solicitudes rutinarias,Solicitudes rutinarias
TK-011330,Errores recurrentes de software/ERP,Errores recurrentes de software/ERP
TK-011331,Solicitudes rutinarias,Solicitudes rutinarias
TK-011332,Fallas de hardware,Fallas de hardware
TK-011333,Fallas de hardware,Fallas de hardware
TK-011334,Errores recurrentes de software/ERP,Errores recurrentes de software/ERP
TK-011335,Solicitudes rutinarias,Solicitudes rutinarias
TK-011336,Fallas de hardware,Fallas de hardware
TK-011337,Solicitudes rutinarias,Solicitudes rutinarias
TK-011338,Errores recurrentes de software/ERP,Errores recurrentes de software/ERP
TK-011339,Solicitudes rutinarias,Solicitudes rutinarias
TK-011340,Errores recurrentes de software/ERP,Errores recurrentes de software/ERP
TK-011341,Fallas de hardware,Fallas de hardware
TK-011342,Fallas de hardware,Errores recurrentes de software/ERP
TK-011343,Errores recurrentes de software/ERP,Errores recurrentes de software/ERP
TK-011344,Fallas de hardware,Solicitudes rutinarias
TK-011345,Incidentes de seguridad,Incidentes de seguridad
TK-011346,Fallas de hardware,Solicitudes rutinarias
TK-011347,Incidentes de seguridad,Incidentes de seguridad
TK-011348,Errores recurrentes de software/ERP,Solicitudes rutinarias
TK-011349,Fallas de hardware,Errores recurrentes de software/ERP
TK-011350,Solicitudes rutinarias,Solicitudes rutinarias
TK-011351,Solicitudes rutinarias,Solicitudes rutinarias
TK-011352,Errores recurrentes de software/ERP,Errores recurrentes de software/ERP
TK-011353,Casos crónicos,Casos crónicos
TK-011354,Errores recurrentes de software/ERP,Errores recurrentes de software/ERP
TK-011355,Errores recurrentes de software/ERP,Errores recurrentes de software/ERP
TK-011356,Solicitudes rutinarias,Solicitudes rutinarias
TK-011357,Solicitudes rutinarias,Solicitudes rutinarias
TK-011358,Fallas de hardware,Fallas de hardware
TK-011359,Solicitudes rutinarias,Solicitudes rutinarias
TK-011360,Errores recurrentes de software/ERP,Errores recurrentes de software/ERP
TK-011361,Errores recurrentes de software/ERP,Errores recurrentes de software/ERP
TK-011362,Fallas de hardware,Fallas de hardware
TK-011363,Casos crónicos,Casos crónicos
TK-011364,Fallas de hardware,Fallas de hardware
TK-011365,Solicitudes rutinarias,Solicitudes rutinarias
TK-011366,Errores recurrentes de software/ERP,Errores recurrentes de software/ERP
TK-011367,Fallas de hardware,Fallas de hardware
TK-011368,Solicitudes rutinarias,Errores recurrentes de software/ERP
TK-011369,Errores recurrentes de software/ERP,Errores recurrentes de software/ERP
TK-011370,Fallas de hardware,Fallas de hardware
TK-011371,Errores recurrentes de software/ERP,Errores recurrentes de software/ERP
TK-011372,Fallas de hardware,Fallas de hardware
TK-011373,Solicitudes rutinarias,Solicitudes rutinarias
TK-011374,Solicitudes rutinarias,Solicitudes rutinarias
TK-011375,Solicitudes rutinarias,Solicitudes rutinarias
TK-011376,Fallas de hardware,Fallas de hardware
TK-011377,Solicitudes rutinarias,Solicitudes rutinarias
TK-011378,Fallas de hardware,Fallas de hardware
TK-011379,Solicitudes rutinarias,Solicitudes rutinarias
TK-011380,Fallas de hardware,Fallas de hardware
TK-011381,Solicitudes rutinarias,Errores recurrentes de software/ERP
TK-011382,Solicitudes rutinarias,Solicitudes rutinarias
TK-011383,Fallas de hardware,Fallas de hardware
TK-011384,Solicitudes rutinarias,Solicitudes rutinarias
TK-011385,Errores recurrentes de software/ERP,Errores recurrentes de software/ERP
TK-011386,Solicitudes rutinarias,Solicitudes rutinarias
TK-011387,Errores recurrentes de software/ERP,Solicitudes rutinarias
TK-011388,Solicitudes rutinarias,Solicitudes rutinarias
TK-011389,Solicitudes rutinarias,Solicitudes rutinarias
TK-011390,Solicitudes rutinarias,Solicitudes rutinarias
TK-011391,Solicitudes rutinarias,Solicitudes rutinarias
TK-011392,Errores recurrentes de software/ERP,Errores recurrentes de software/ERP
TK-011393,Solicitudes rutinarias,Solicitudes rutinarias
TK-011394,Incidentes críticos de red,Incidentes críticos de red
TK-011395,Solicitudes rutinarias,Solicitudes rutinarias
TK-011396,Fallas de hardware,Solicitudes rutinarias
TK-011397,Solicitudes rutinarias,Solicitudes rutinarias
TK-011398,Solicitudes rutinarias,Solicitudes rutinarias
TK-011399,Fallas de hardware,Fallas de hardware
TK-011400,Fallas de hardware,Fallas de hardware
TK-011401,Solicitudes rutinarias,Solicitudes rutinarias
TK-011402,Errores recurrentes de software/ERP,Errores recurrentes de software/ERP
TK-011403,Casos crónicos,Casos crónicos
TK-011404,Fallas de hardware,Fallas de hardware
TK-011405,Casos crónicos,Casos crónicos
TK-011406,Fallas de hardware,Fallas de hardware
TK-011407,Fallas de hardware,Fallas de hardware
TK-011408,Errores recurrentes de software/ERP,Solicitudes rutinarias
TK-011409,Solicitudes rutinarias,Solicitudes rutinarias
TK-011410,Errores recurrentes de software/ERP,Errores recurrentes de software/ERP
TK-011411,Incidentes críticos de red,Incidentes críticos de red
TK-011412,Fallas de hardware,Errores recurrentes de software/ERP
TK-011413,Incidentes críticos de red,Incidentes de seguridad
TK-011414,Incidentes críticos de red,Incidentes de seguridad
TK-011415,Incidentes críticos de red,Incidentes críticos de red
TK-011416,Incidentes críticos de red,Incidentes críticos de red
TK-011417,Solicitudes rutinarias,Solicitudes rutinarias
TK-011418,Incidentes críticos de red,Incidentes críticos de red
TK-011419,Incidentes críticos de red,Incidentes críticos de red
TK-011420,Incidentes críticos de red,Incidentes críticos de red
TK-011421,Errores recurrentes de software/ERP,Errores recurrentes de software/ERP
TK-011422,Incidentes críticos de red,Incidentes críticos de red
TK-011423,Fallas de hardware,Solicitudes rutinarias
TK-011424,Incidentes críticos de red,Incidentes críticos de red
TK-011425,Incidentes críticos de red,Incidentes críticos de red
TK-011426,Incidentes críticos de red,Incidentes críticos de red
TK-011427,Incidentes críticos de red,Incidentes críticos de red
TK-011428,Incidentes críticos de red,Incidentes críticos de red
TK-011429,Incidentes críticos de red,Incidentes críticos de red
TK-011430,Incidentes críticos de red,Incidentes críticos de red
TK-011431,Incidentes críticos de red,Incidentes críticos de red
TK-011432,Incidentes críticos de red,Incidentes críticos de red
TK-011433,Incidentes críticos de red,Incidentes críticos de red
TK-011434,Incidentes críticos de red,Incidentes críticos de red
TK-011435,Incidentes críticos de red,Incidentes críticos de red
TK-011436,Solicitudes rutinarias,Fallas de hardware
TK-011437,Incidentes críticos de red,Incidentes críticos de red
TK-011438,Incidentes críticos de red,Incidentes críticos de red
TK-011439,Incidentes críticos de red,Incidentes críticos de red
TK-011440,Incidentes críticos de red,Incidentes críticos de red
TK-011441,Incidentes críticos de red,Incidentes críticos de red
TK-011442,Incidentes críticos de red,Incidentes críticos de red
TK-011443,Incidentes críticos de red,Incidentes críticos de red
TK-011444,Solicitudes rutinarias,Solicitudes rutinarias
TK-011445,Incidentes críticos de red,Incidentes críticos de red
TK-011446,Incidentes de seguridad,Incidentes de seguridad
TK-011447,Incidentes críticos de red,Incidentes críticos de red
TK-011448,Incidentes críticos de red,Incidentes críticos de red
TK-011449,Incidentes críticos de red,Errores recurrentes de software/ERP
TK-011450,Incidentes críticos de red,Incidentes críticos de red
TK-011451,Incidentes críticos de red,Incidentes críticos de red
TK-011452,Incidentes críticos de red,Errores recurrentes de software/ERP
TK-011453,Incidentes críticos de red,Incidentes críticos de red
TK-011454,Incidentes críticos de red,Incidentes críticos de red
TK-011455,Incidentes críticos de red,Errores recurrentes de software/ERP
TK-011456,Incidentes críticos de red,Incidentes críticos de red
TK-011457,Incidentes críticos de red,Incidentes críticos de red
TK-011458,Incidentes críticos de red,Incidentes críticos de red
TK-011459,Incidentes críticos de red,Incidentes críticos de red
TK-011460,Incidentes críticos de red,Incidentes críticos de red
TK-011461,Incidentes críticos de red,Incidentes críticos de red
TK-011462,Incidentes críticos de red,Incidentes críticos de red
TK-011463,Incidentes críticos de red,Incidentes críticos de red
TK-011464,Incidentes críticos de red,Incidentes críticos de red
TK-011465,Incidentes críticos de red,Incidentes críticos de red
TK-011466,Incidentes críticos de red,Incidentes críticos de red
TK-011467,Incidentes críticos de red,Incidentes críticos de red
TK-011468,Fallas de hardware,Fallas de hardware
TK-011469,Incidentes críticos de red,Incidentes críticos de red
TK-011470,Incidentes críticos de red,Incidentes críticos de red
TK-011471,Incidentes críticos de red,Errores recurrentes de software/ERP
TK-011472,Incidentes críticos de red,Incidentes críticos de red
TK-011473,Incidentes críticos de red,Incidentes críticos de red
TK-011474,Incidentes críticos de red,Incidentes críticos de red
TK-011475,Solicitudes rutinarias,Solicitudes rutinarias
TK-011476,Incidentes críticos de red,Incidentes críticos de red
TK-011477,Incidentes críticos de red,Incidentes críticos de red
TK-011478,Incidentes críticos de red,Incidentes críticos de red
TK-011479,Incidentes críticos de red,Incidentes críticos de red
TK-011480,Incidentes críticos de red,Incidentes críticos de red
TK-011481,Incidentes críticos de red,Incidentes críticos de red
TK-011482,Incidentes críticos de red,Incidentes críticos de red
TK-011483,Incidentes críticos de red,Incidentes críticos de red
TK-011484,Incidentes críticos de red,Incidentes críticos de red
TK-011485,Incidentes críticos de red,Incidentes críticos de red
TK-011486,Incidentes críticos de red,Incidentes críticos de red
TK-011487,Incidentes críticos de red,Incidentes críticos de red
TK-011488,Incidentes críticos de red,Incidentes críticos de red
TK-011489,Incidentes críticos de red,Incidentes críticos de red
TK-011490,Incidentes críticos de red,Incidentes de seguridad
TK-011491,Incidentes críticos de red,Incidentes críticos de red
TK-011492,Incidentes críticos de red,Incidentes críticos de red
TK-011493,Incidentes críticos de red,Incidentes de seguridad
TK-011494,Incidentes críticos de red,Incidentes críticos de red
TK-011495,Incidentes críticos de red,Incidentes de seguridad
TK-011496,Incidentes críticos de red,Incidentes críticos de red
TK-011497,Incidentes críticos de red,Incidentes de seguridad
TK-011498,Incidentes críticos de red,Incidentes críticos de red
TK-011499,Incidentes críticos de red,Incidentes críticos de red
TK-011500,Solicitudes rutinarias,Solicitudes rutinarias
TK-011501,Incidentes críticos de red,Incidentes críticos de red
TK-011502,Incidentes críticos de red,Incidentes críticos de red
TK-011503,Incidentes críticos de red,Incidentes críticos de red
TK-011504,Incidentes críticos de red,Incidentes críticos de red
TK-011505,Errores recurrentes de software/ERP,Errores recurrentes de software/ERP
TK-011506,Solicitudes rutinarias,Solicitudes rutinarias
TK-011507,Solicitudes rutinarias,Solicitudes rutinarias
TK-011508,Solicitudes rutinarias,Solicitudes rutinarias
TK-011509,Solicitudes rutinarias,Solicitudes rutinarias
TK-011510,Solicitudes rutinarias,Solicitudes rutinarias
TK-011511,Solicitudes rutinarias,Solicitudes rutinarias
TK-011512,Errores recurrentes de software/ERP,Errores recurrentes de software/ERP
TK-011513,Fallas de hardware,Fallas de hardware
TK-011514,Solicitudes rutinarias,Solicitudes rutinarias
TK-011515,Solicitudes rutinarias,Solicitudes rutinarias
TK-011516,Errores recurrentes de software/ERP,Solicitudes rutinarias
TK-011517,Solicitudes rutinarias,Solicitudes rutinarias
TK-011518,Incidentes críticos de red,Incidentes críticos de red
TK-011519,Casos crónicos,Casos crónicos
TK-011520,Fallas de hardware,Fallas de hardware
TK-011521,Solicitudes rutinarias,Solicitudes rutinarias
TK-011522,Fallas de hardware,Fallas de hardware
TK-011523,Casos crónicos,Casos crónicos
TK-011524,Errores recurrentes de software/ERP,Errores recurrentes de software/ERP
TK-011525,Incidentes críticos de red,Incidentes críticos de red
TK-011526,Solicitudes rutinarias,Solicitudes rutinarias
TK-011527,Solicitudes rutinarias,Solicitudes rutinarias
TK-011528,Solicitudes rutinarias,Solicitudes rutinarias
TK-011529,Solicitudes rutinarias,Solicitudes rutinarias
TK-011530,Incidentes de seguridad,Incidentes de seguridad
TK-011531,Errores recurrentes de software/ERP,Errores recurrentes de software/ERP
TK-011532,Fallas de hardware,Fallas de hardware
TK-011533,Solicitudes rutinarias,Solicitudes rutinarias
TK-011534,Casos crónicos,Incidentes críticos de red
TK-011535,Errores recurrentes de software/ERP,Errores recurrentes de software/ERP
TK-011536,Errores recurrentes de software/ERP,Casos crónicos
TK-011537,Solicitudes rutinarias,Fallas de hardware
TK-011538,Incidentes críticos de red,Incidentes críticos de red
TK-011539,Errores recurrentes de software/ERP,Errores recurrentes de software/ERP
TK-011540,Incidentes de seguridad,Incidentes de seguridad
TK-011541,Incidentes críticos de red,Errores recurrentes de software/ERP
TK-011542,Solicitudes rutinarias,Solicitudes rutinarias
TK-011543,Solicitudes rutinarias,Solicitudes rutinarias
TK-011544,Casos crónicos,Casos crónicos
TK-011545,Errores recurrentes de software/ERP,Errores recurrentes de software/ERP
TK-011546,Fallas de hardware,Fallas de hardware
TK-011547,Solicitudes rutinarias,Solicitudes rutinarias
TK-011548,Errores recurrentes de software/ERP,Errores recurrentes de software/ERP
TK-011549,Fallas de hardware,Fallas de hardware
TK-011550,Solicitudes rutinarias,Solicitudes rutinarias
TK-011551,Solicitudes rutinarias,Solicitudes rutinarias
TK-011552,Errores recurrentes de software/ERP,Casos crónicos
TK-011553,Solicitudes rutinarias,Solicitudes rutinarias
TK-011554,Errores recurrentes de software/ERP,Errores recurrentes de software/ERP
TK-011555,Incidentes de seguridad,Incidentes de seguridad
TK-011556,Fallas de hardware,Fallas de hardware
TK-011557,Solicitudes rutinarias,Solicitudes rutinarias
TK-011558,Solicitudes rutinarias,Solicitudes rutinarias
TK-011559,Errores recurrentes de software/ERP,Errores recurrentes de software/ERP
TK-011560,Fallas de hardware,Solicitudes rutinarias
TK-011561,Errores recurrentes de software/ERP,Errores recurrentes de software/ERP
TK-011562,Fallas de hardware,Fallas de hardware
TK-011563,Solicitudes rutinarias,Solicitudes rutinarias
TK-011564,Solicitudes rutinarias,Solicitudes rutinarias
TK-011565,Incidentes críticos de red,Incidentes críticos de red
TK-011566,Errores recurrentes de software/ERP,Errores recurrentes de software/ERP
TK-011567,Incidentes de seguridad,Incidentes de seguridad
TK-011568,Solicitudes rutinarias,Solicitudes rutinarias
TK-011569,Fallas de hardware,Fallas de hardware
TK-011570,Solicitudes rutinarias,Solicitudes rutinarias
TK-011571,Incidentes críticos de red,Incidentes críticos de red
TK-011572,Errores recurrentes de software/ERP,Errores recurrentes de software/ERP
TK-011573,Errores recurrentes de software/ERP,Errores recurrentes de software/ERP
TK-011574,Incidentes de seguridad,Incidentes de seguridad
TK-011575,Solicitudes rutinarias,Solicitudes rutinarias
TK-011576,Incidentes críticos de red,Incidentes críticos de red
TK-011577,Fallas de hardware,Fallas de hardware
TK-011578,Casos crónicos,Incidentes críticos de red
TK-011579,Casos crónicos,Casos crónicos
TK-011580,Errores recurrentes de software/ERP,Errores recurrentes de software/ERP
TK-011581,Errores recurrentes de software/ERP,Casos crónicos
TK-011582,Incidentes de seguridad,Incidentes de seguridad
TK-011583,Fallas de hardware,Fallas de hardware
TK-011584,Errores recurrentes de software/ERP,Errores recurrentes de software/ERP
TK-011585,Fallas de hardware,Fallas de hardware
TK-011586,Solicitudes rutinarias,Solicitudes rutinarias
TK-011587,Fallas de hardware,Fallas de hardware
TK-011588,Solicitudes rutinarias,Solicitudes rutinarias
TK-011589,Fallas de hardware,Fallas de hardware
TK-011590,Incidentes de seguridad,Incidentes de seguridad
TK-011591,Errores recurrentes de software/ERP,Errores recurrentes de software/ERP
TK-011592,Solicitudes rutinarias,Solicitudes rutinarias
TK-011593,Incidentes de seguridad,Incidentes de seguridad
TK-011594,Solicitudes rutinarias,Solicitudes rutinarias
TK-011595,Solicitudes rutinarias,Fallas de hardware
TK-011596,Incidentes críticos de red,Incidentes críticos de red
TK-011597,Solicitudes rutinarias,Solicitudes rutinarias
TK-011598,Incidentes de seguridad,Incidentes de seguridad
TK-011599,Incidentes de seguridad,Incidentes de seguridad
TK-011600,Fallas de hardware,Solicitudes rutinarias
TK-011601,Casos crónicos,Casos crónicos
TK-011602,Solicitudes rutinarias,Solicitudes rutinarias
TK-011603,Solicitudes rutinarias,Solicitudes rutinarias
TK-011604,Fallas de hardware,Fallas de hardware
TK-011605,Errores recurrentes de software/ERP,Errores recurrentes de software/ERP
TK-011606,Solicitudes rutinarias,Solicitudes rutinarias
TK-011607,Errores recurrentes de software/ERP,Errores recurrentes de software/ERP
TK-011608,Errores recurrentes de software/ERP,Errores recurrentes de software/ERP
TK-011609,Solicitudes rutinarias,Solicitudes rutinarias
TK-011610,Errores recurrentes de software/ERP,Errores recurrentes de software/ERP
TK-011611,Errores recurrentes de software/ERP,Errores recurrentes de software/ERP
TK-011612,Fallas de hardware,Fallas de hardware
TK-011613,Errores recurrentes de software/ERP,Errores recurrentes de software/ERP
TK-011614,Fallas de hardware,Fallas de hardware
TK-011615,Solicitudes rutinarias,Solicitudes rutinarias
TK-011616,Fallas de hardware,Fallas de hardware
TK-011617,Incidentes críticos de red,Incidentes críticos de red
TK-011618,Solicitudes rutinarias,Solicitudes rutinarias
TK-011619,Errores recurrentes de software/ERP,Errores recurrentes de software/ERP
TK-011620,Fallas de hardware,Fallas de hardware
TK-011621,Solicitudes rutinarias,Solicitudes rutinarias
TK-011622,Errores recurrentes de software/ERP,Errores recurrentes de software/ERP
TK-011623,Solicitudes rutinarias,Solicitudes rutinarias
TK-011624,Incidentes de seguridad,Incidentes de seguridad
TK-011625,Incidentes de seguridad,Incidentes de seguridad
TK-011626,Solicitudes rutinarias,Solicitudes rutinarias
TK-011627,Fallas de hardware,Fallas de hardware
TK-011628,Solicitudes rutinarias,Errores recurrentes de software/ERP
TK-011629,Solicitudes rutinarias,Solicitudes rutinarias
TK-011630,Fallas de hardware,Fallas de hardware
TK-011631,Solicitudes rutinarias,Solicitudes rutinarias
TK-011632,Solicitudes rutinarias,Fallas de hardware
TK-011633,Solicitudes rutinarias,Solicitudes rutinarias
TK-011634,Solicitudes rutinarias,Solicitudes rutinarias
TK-011635,Solicitudes rutinarias,Solicitudes rutinarias
TK-011636,Solicitudes rutinarias,Errores recurrentes de software/ERP
TK-011637,Errores recurrentes de software/ERP,Errores recurrentes de software/ERP
TK-011638,Solicitudes rutinarias,Solicitudes rutinarias
TK-011639,Solicitudes rutinarias,Solicitudes rutinarias
TK-011640,Solicitudes rutinarias,Solicitudes rutinarias
TK-011641,Casos crónicos,Casos crónicos
TK-011642,Errores recurrentes de software/ERP,Errores recurrentes de software/ERP
TK-011643,Incidentes de seguridad,Incidentes de seguridad
TK-011644,Solicitudes rutinarias,Solicitudes rutinarias
TK-011645,Solicitudes rutinarias,Solicitudes rutinarias
TK-011646,Fallas de hardware,Fallas de hardware
TK-011647,Solicitudes rutinarias,Solicitudes rutinarias
TK-011648,Fallas de hardware,Fallas de hardware
TK-011649,Solicitudes rutinarias,Solicitudes rutinarias
TK-011650,Errores recurrentes de software/ERP,Errores recurrentes de software/ERP
TK-011651,Solicitudes rutinarias,Solicitudes rutinarias
TK-011652,Incidentes de seguridad,Incidentes de seguridad
TK-011653,Incidentes críticos de red,Incidentes críticos de red
TK-011654,Incidentes críticos de red,Incidentes críticos de red
TK-011655,Solicitudes rutinarias,Solicitudes rutinarias
TK-011656,Solicitudes rutinarias,Solicitudes rutinarias
TK-011657,Errores recurrentes de software/ERP,Errores recurrentes de software/ERP
TK-011658,Solicitudes rutinarias,Solicitudes rutinarias
TK-011659,Solicitudes rutinarias,Solicitudes rutinarias
TK-011660,Fallas de hardware,Fallas de hardware
TK-011661,Solicitudes rutinarias,Solicitudes rutinarias
TK-011662,Solicitudes rutinarias,Solicitudes rutinarias
TK-011663,Solicitudes rutinarias,Solicitudes rutinarias
TK-011664,Solicitudes rutinarias,Solicitudes rutinarias
TK-011665,Fallas de hardware,Fallas de hardware
TK-011666,Errores recurrentes de software/ERP,Errores recurrentes de software/ERP
TK-011667,Errores recurrentes de software/ERP,Casos crónicos
TK-011668,Errores recurrentes de software/ERP,Errores recurrentes de software/ERP
TK-011669,Solicitudes rutinarias,Solicitudes rutinarias
TK-011670,Solicitudes rutinarias,Solicitudes rutinarias
TK-011671,Solicitudes rutinarias,Solicitudes rutinarias
TK-011672,Incidentes de seguridad,Incidentes de seguridad
TK-011673,Solicitudes rutinarias,Fallas de hardware
TK-011674,Fallas de hardware,Fallas de hardware
TK-011675,Solicitudes rutinarias,Solicitudes rutinarias
TK-011676,Errores recurrentes de software/ERP,Errores recurrentes de software/ERP
TK-011677,Solicitudes rutinarias,Solicitudes rutinarias
TK-011678,Fallas de hardware,Fallas de hardware
TK-011679,Solicitudes rutinarias,Errores recurrentes de software/ERP
TK-011680,Fallas de hardware,Fallas de hardware
TK-011681,Incidentes de seguridad,Incidentes de seguridad
TK-011682,Solicitudes rutinarias,Solicitudes rutinarias
TK-011683,Solicitudes rutinarias,Solicitudes rutinarias
TK-011684,Incidentes de seguridad,Incidentes de seguridad
TK-011685,Incidentes críticos de red,Incidentes críticos de red
TK-011686,Solicitudes rutinarias,Solicitudes rutinarias
TK-011687,Errores recurrentes de software/ERP,Errores recurrentes de software/ERP
TK-011688,Solicitudes rutinarias,Solicitudes rutinarias
TK-011689,Errores recurrentes de software/ERP,Errores recurrentes de software/ERP
TK-011690,Solicitudes rutinarias,Solicitudes rutinarias
TK-011691,Solicitudes rutinarias,Solicitudes rutinarias
TK-011692,Incidentes críticos de red,Errores recurrentes de software/ERP
TK-011693,Incidentes de seguridad,Incidentes de seguridad
TK-011694,Incidentes críticos de red,Incidentes críticos de red
TK-011695,Solicitudes rutinarias,Solicitudes rutinarias
TK-011696,Errores recurrentes de software/ERP,Errores recurrentes de software/ERP
TK-011697,Solicitudes rutinarias,Solicitudes rutinarias
TK-011698,Fallas de hardware,Errores recurrentes de software/ERP
TK-011699,Fallas de hardware,Fallas de hardware
TK-011700,Solicitudes rutinarias,Solicitudes rutinarias
TK-011701,Fallas de hardware,Fallas de hardware
TK-011702,Incidentes críticos de red,Errores recurrentes de software/ERP
TK-011703,Fallas de hardware,Fallas de hardware
TK-011704,Solicitudes rutinarias,Solicitudes rutinarias
TK-011705,Solicitudes rutinarias,Solicitudes rutinarias
TK-011706,Solicitudes rutinarias,Solicitudes rutinarias
TK-011707,Solicitudes rutinarias,Solicitudes rutinarias
TK-011708,Solicitudes rutinarias,Solicitudes rutinarias
TK-011709,Solicitudes rutinarias,Solicitudes rutinarias
TK-011710,Solicitudes rutinarias,Solicitudes rutinarias
TK-011711,Solicitudes rutinarias,Solicitudes rutinarias
TK-011712,Errores recurrentes de software/ERP,Casos crónicos
TK-011713,Incidentes de seguridad,Incidentes de seguridad
TK-011714,Solicitudes rutinarias,Solicitudes rutinarias
TK-011715,Incidentes críticos de red,Incidentes de seguridad
TK-011716,Errores recurrentes de software/ERP,Errores recurrentes de software/ERP
TK-011717,Incidentes críticos de red,Incidentes críticos de red
TK-011718,Errores recurrentes de software/ERP,Errores recurrentes de software/ERP
TK-011719,Solicitudes rutinarias,Solicitudes rutinarias
TK-011720,Solicitudes rutinarias,Solicitudes rutinarias
TK-011721,Incidentes de seguridad,Incidentes de seguridad
TK-011722,Incidentes críticos de red,Incidentes críticos de red
TK-011723,Solicitudes rutinarias,Solicitudes rutinarias
TK-011724,Solicitudes rutinarias,Solicitudes rutinarias
TK-011725,Casos crónicos,Casos crónicos
TK-011726,Fallas de hardware,Fallas de hardware
TK-011727,Errores recurrentes de software/ERP,Errores recurrentes de software/ERP
TK-011728,Solicitudes rutinarias,Solicitudes rutinarias
TK-011729,Errores recurrentes de software/ERP,Solicitudes rutinarias
TK-011730,Casos crónicos,Casos crónicos
TK-011731,Fallas de hardware,Fallas de hardware
TK-011732,Errores recurrentes de software/ERP,Errores recurrentes de software/ERP
TK-011733,Incidentes de seguridad,Incidentes de seguridad
TK-011734,Fallas de hardware,Fallas de hardware
TK-011735,Solicitudes rutinarias,Solicitudes rutinarias
TK-011736,Errores recurrentes de software/ERP,Errores recurrentes de software/ERP
TK-011737,Solicitudes rutinarias,Solicitudes rutinarias
TK-011738,Solicitudes rutinarias,Solicitudes rutinarias
TK-011739,Errores recurrentes de software/ERP,Solicitudes rutinarias
TK-011740,Fallas de hardware,Fallas de hardware
TK-011741,Incidentes críticos de red,Incidentes críticos de red
TK-011742,Solicitudes rutinarias,Solicitudes rutinarias
TK-011743,Casos crónicos,Casos crónicos
TK-011744,Solicitudes rutinarias,Solicitudes rutinarias
TK-011745,Incidentes de seguridad,Incidentes de seguridad
TK-011746,Errores recurrentes de software/ERP,Errores recurrentes de software/ERP
TK-011747,Incidentes de seguridad,Incidentes de seguridad
TK-011748,Fallas de hardware,Fallas de hardware
TK-011749,Solicitudes rutinarias,Solicitudes rutinarias
TK-011750,Solicitudes rutinarias,Solicitudes rutinarias
TK-011751,Casos crónicos,Casos crónicos
TK-011752,Solicitudes rutinarias,Fallas de hardware
TK-011753,Solicitudes rutinarias,Solicitudes rutinarias
TK-011754,Fallas de hardware,Fallas de hardware
TK-011755,Solicitudes rutinarias,Errores recurrentes de software/ERP
TK-011756,Fallas de hardware,Fallas de hardware
TK-011757,Casos crónicos,Casos crónicos
TK-011758,Incidentes críticos de red,Incidentes críticos de red
TK-011759,Errores recurrentes de software/ERP,Errores recurrentes de software/ERP
TK-011760,Solicitudes rutinarias,Solicitudes rutinarias
TK-011761,Errores recurrentes de software/ERP,Solicitudes rutinarias
TK-011762,Errores recurrentes de software/ERP,Errores recurrentes de software/ERP
TK-011763,Fallas de hardware,Fallas de hardware
TK-011764,Solicitudes rutinarias,Solicitudes rutinarias
TK-011765,Errores recurrentes de software/ERP,Errores recurrentes de software/ERP
TK-011766,Solicitudes rutinarias,Solicitudes rutinarias
TK-011767,Solicitudes rutinarias,Solicitudes rutinarias
TK-011768,Fallas de hardware,Fallas de hardware
TK-011769,Solicitudes rutinarias,Fallas de hardware
TK-011770,Solicitudes rutinarias,Solicitudes rutinarias
TK-011771,Fallas de hardware,Fallas de hardware
TK-011772,Errores recurrentes de software/ERP,Errores recurrentes de software/ERP
TK-011773,Solicitudes rutinarias,Errores recurrentes de software/ERP
TK-011774,Solicitudes rutinarias,Solicitudes rutinarias
TK-011775,Solicitudes rutinarias,Solicitudes rutinarias
TK-011776,Solicitudes rutinarias,Solicitudes rutinarias
TK-011777,Incidentes de seguridad,Incidentes de seguridad
TK-011778,Errores recurrentes de software/ERP,Errores recurrentes de software/ERP
TK-011779,Casos crónicos,Casos crónicos
TK-011780,Solicitudes rutinarias,Solicitudes rutinarias
TK-011781,Errores recurrentes de software/ERP,Errores recurrentes de software/ERP
TK-011782,Solicitudes rutinarias,Solicitudes rutinarias
TK-011783,Fallas de hardware,Fallas de hardware
TK-011784,Incidentes críticos de red,Incidentes críticos de red
TK-011785,Errores recurrentes de software/ERP,Errores recurrentes de software/ERP
TK-011786,Solicitudes rutinarias,Solicitudes rutinarias
TK-011787,Errores recurrentes de software/ERP,Casos crónicos
TK-011788,Errores recurrentes de software/ERP,Errores recurrentes de software/ERP
TK-011789,Fallas de hardware,Solicitudes rutinarias
TK-011790,Fallas de hardware,Fallas de hardware
TK-011791,Solicitudes rutinarias,Fallas de hardware
TK-011792,Solicitudes rutinarias,Solicitudes rutinarias
TK-011793,Fallas de hardware,Fallas de hardware
TK-011794,Solicitudes rutinarias,Solicitudes rutinarias
TK-011795,Casos crónicos,Casos crónicos
TK-011796,Solicitudes rutinarias,Solicitudes rutinarias
TK-011797,Fallas de hardware,Fallas de hardware
TK-011798,Fallas de hardware,Fallas de hardware
TK-011799,Solicitudes rutinarias,Solicitudes rutinarias
TK-011800,Fallas de hardware,Fallas de hardware
TK-011801,Solicitudes rutinarias,Solicitudes rutinarias
TK-011802,Fallas de hardware,Fallas de hardware
TK-011803,Solicitudes rutinarias,Fallas de hardware
TK-011804,Solicitudes rutinarias,Solicitudes rutinarias
TK-011805,Solicitudes rutinarias,Solicitudes rutinarias
TK-011806,Solicitudes rutinarias,Fallas de hardware
TK-011807,Solicitudes rutinarias,Solicitudes rutinarias
TK-011808,Solicitudes rutinarias,Solicitudes rutinarias
TK-011809,Errores recurrentes de software/ERP,Errores recurrentes de software/ERP
TK-011810,Errores recurrentes de software/ERP,Errores recurrentes de software/ERP
TK-011811,Fallas de hardware,Fallas de hardware
TK-011812,Solicitudes rutinarias,Solicitudes rutinarias
TK-011813,Solicitudes rutinarias,Solicitudes rutinarias
TK-011814,Solicitudes rutinarias,Solicitudes rutinarias
TK-011815,Fallas de hardware,Fallas de hardware
TK-011816,Fallas de hardware,Fallas de hardware
TK-011817,Fallas de hardware,Fallas de hardware
TK-011818,Errores recurrentes de software/ERP,Errores recurrentes de software/ERP
TK-011819,Fallas de hardware,Fallas de hardware
TK-011820,Solicitudes rutinarias,Errores recurrentes de software/ERP
TK-011821,Solicitudes rutinarias,Fallas de hardware
TK-011822,Errores recurrentes de software/ERP,Errores recurrentes de software/ERP
TK-011823,Fallas de hardware,Fallas de hardware
TK-011824,Solicitudes rutinarias,Errores recurrentes de software/ERP
TK-011825,Solicitudes rutinarias,Solicitudes rutinarias
TK-011826,Fallas de hardware,Fallas de hardware
TK-011827,Fallas de hardware,Fallas de hardware
TK-011828,Errores recurrentes de software/ERP,Errores recurrentes de software/ERP
TK-011829,Solicitudes rutinarias,Solicitudes rutinarias
TK-011830,Fallas de hardware,Errores recurrentes de software/ERP
TK-011831,Solicitudes rutinarias,Solicitudes rutinarias
TK-011832,Incidentes de seguridad,Incidentes de seguridad
TK-011833,Errores recurrentes de software/ERP,Errores recurrentes de software/ERP
TK-011834,Errores recurrentes de software/ERP,Solicitudes rutinarias
TK-011835,Fallas de hardware,Fallas de hardware
TK-011836,Solicitudes rutinarias,Solicitudes rutinarias
TK-011837,Solicitudes rutinarias,Solicitudes rutinarias
TK-011838,Errores recurrentes de software/ERP,Errores recurrentes de software/ERP
TK-011839,Solicitudes rutinarias,Fallas de hardware
TK-011840,Errores recurrentes de software/ERP,Solicitudes rutinarias
TK-011841,Solicitudes rutinarias,Errores recurrentes de software/ERP
TK-011842,Incidentes de seguridad,Incidentes de seguridad
TK-011843,Solicitudes rutinarias,Solicitudes rutinarias
TK-011844,Solicitudes rutinarias,Solicitudes rutinarias
TK-011845,Fallas de hardware,Fallas de hardware
TK-011846,Errores recurrentes de software/ERP,Errores recurrentes de software/ERP
TK-011847,Errores recurrentes de software/ERP,Errores recurrentes de software/ERP
TK-011848,Fallas de hardware,Fallas de hardware
TK-011849,Solicitudes rutinarias,Solicitudes rutinarias
TK-011850,Errores recurrentes de software/ERP,Errores recurrentes de software/ERP
TK-011851,Fallas de hardware,Fallas de hardware
TK-011852,Casos crónicos,Incidentes críticos de red
TK-011853,Errores recurrentes de software/ERP,Errores recurrentes de software/ERP
TK-011854,Errores recurrentes de software/ERP,Errores recurrentes de software/ERP
TK-011855,Solicitudes rutinarias,Solicitudes rutinarias
TK-011856,Solicitudes rutinarias,Solicitudes rutinarias
TK-011857,Casos crónicos,Casos crónicos
TK-011858,Fallas de hardware,Fallas de hardware
TK-011859,Solicitudes rutinarias,Solicitudes rutinarias
TK-011860,Incidentes de seguridad,Incidentes de seguridad
TK-011861,Fallas de hardware,Fallas de hardware
TK-011862,Solicitudes rutinarias,Solicitudes rutinarias
TK-011863,Solicitudes rutinarias,Solicitudes rutinarias
TK-011864,Fallas de hardware,Fallas de hardware
TK-011865,Solicitudes rutinarias,Solicitudes rutinarias
TK-011866,Fallas de hardware,Fallas de hardware
TK-011867,Errores recurrentes de software/ERP,Errores recurrentes de software/ERP
TK-011868,Solicitudes rutinarias,Solicitudes rutinarias
TK-011869,Fallas de hardware,Fallas de hardware
TK-011870,Errores recurrentes de software/ERP,Errores recurrentes de software/ERP
TK-011871,Solicitudes rutinarias,Fallas de hardware
TK-011872,Solicitudes rutinarias,Solicitudes rutinarias
TK-011873,Casos crónicos,Casos crónicos
TK-011874,Errores recurrentes de software/ERP,Errores recurrentes de software/ERP
TK-011875,Incidentes de seguridad,Incidentes de seguridad
TK-011876,Solicitudes rutinarias,Fallas de hardware
TK-011877,Fallas de hardware,Fallas de hardware
TK-011878,Incidentes de seguridad,Incidentes críticos de red
TK-011879,Errores recurrentes de software/ERP,Errores recurrentes de software/ERP
TK-011880,Solicitudes rutinarias,Errores recurrentes de software/ERP
TK-011881,Fallas de hardware,Fallas de hardware
TK-011882,Incidentes críticos de red,Incidentes críticos de red
TK-011883,Solicitudes rutinarias,Solicitudes rutinarias
TK-011884,Solicitudes rutinarias,Solicitudes rutinarias
TK-011885,Solicitudes rutinarias,Solicitudes rutinarias
TK-011886,Errores recurrentes de software/ERP,Errores recurrentes de software/ERP
TK-011887,Incidentes críticos de red,Incidentes críticos de red
TK-011888,Errores recurrentes de software/ERP,Errores recurrentes de software/ERP
TK-011889,Errores recurrentes de software/ERP,Errores recurrentes de software/ERP
TK-011890,Fallas de hardware,Fallas de hardware
TK-011891,Solicitudes rutinarias,Solicitudes rutinarias
TK-011892,Incidentes de seguridad,Incidentes críticos de red
TK-011893,Fallas de hardware,Fallas de hardware
TK-011894,Solicitudes rutinarias,Solicitudes rutinarias
TK-011895,Errores recurrentes de software/ERP,Errores recurrentes de software/ERP
TK-011896,Solicitudes rutinarias,Solicitudes rutinarias
TK-011897,Fallas de hardware,Fallas de hardware
TK-011898,Solicitudes rutinarias,Solicitudes rutinarias
TK-011899,Solicitudes rutinarias,Solicitudes rutinarias
TK-011900,Errores recurrentes de software/ERP,Errores recurrentes de software/ERP
TK-011901,Errores recurrentes de software/ERP,Casos crónicos
TK-011902,Incidentes de seguridad,Incidentes de seguridad
TK-011903,Solicitudes rutinarias,Solicitudes rutinarias
TK-011904,Solicitudes rutinarias,Solicitudes rutinarias
TK-011905,Errores recurrentes de software/ERP,Errores recurrentes de software/ERP
TK-011906,Incidentes críticos de red,Incidentes de seguridad
TK-011907,Fallas de hardware,Fallas de hardware
TK-011908,Fallas de hardware,Fallas de hardware
TK-011909,Fallas de hardware,Fallas de hardware
TK-011910,Solicitudes rutinarias,Solicitudes rutinarias
TK-011911,Solicitudes rutinarias,Solicitudes rutinarias
TK-011912,Solicitudes rutinarias,Solicitudes rutinarias
TK-011913,Incidentes de seguridad,Incidentes de seguridad
TK-011914,Solicitudes rutinarias,Solicitudes rutinarias
TK-011915,Solicitudes rutinarias,Solicitudes rutinarias
TK-011916,Solicitudes rutinarias,Errores recurrentes de software/ERP
TK-011917,Solicitudes rutinarias,Solicitudes rutinarias
TK-011918,Solicitudes rutinarias,Solicitudes rutinarias
TK-011919,Incidentes de seguridad,Incidentes de seguridad
TK-011920,Incidentes de seguridad,Incidentes de seguridad
TK-011921,Solicitudes rutinarias,Solicitudes rutinarias
TK-011922,Solicitudes rutinarias,Solicitudes rutinarias
TK-011923,Solicitudes rutinarias,Solicitudes rutinarias
TK-011924,Errores recurrentes de software/ERP,Casos crónicos
TK-011925,Incidentes críticos de red,Incidentes críticos de red
TK-011926,Errores recurrentes de software/ERP,Errores recurrentes de software/ERP
TK-011927,Solicitudes rutinarias,Solicitudes rutinarias
TK-011928,Solicitudes rutinarias,Fallas de hardware
TK-011929,Solicitudes rutinarias,Fallas de hardware
TK-011930,Errores recurrentes de software/ERP,Errores recurrentes de software/ERP
TK-011931,Errores recurrentes de software/ERP,Errores recurrentes de software/ERP
TK-011932,Errores recurrentes de software/ERP,Errores recurrentes de software/ERP
TK-011933,Solicitudes rutinarias,Solicitudes rutinarias
TK-011934,Solicitudes rutinarias,Solicitudes rutinarias
TK-011935,Solicitudes rutinarias,Solicitudes rutinarias
TK-011936,Solicitudes rutinarias,Solicitudes rutinarias
TK-011937,Errores recurrentes de software/ERP,Errores recurrentes de software/ERP
TK-011938,Errores recurrentes de software/ERP,Errores recurrentes de software/ERP
TK-011939,Fallas de hardware,Fallas de hardware
TK-011940,Fallas de hardware,Fallas de hardware
TK-011941,Casos crónicos,Incidentes críticos de red
TK-011942,Fallas de hardware,Fallas de hardware
TK-011943,Solicitudes rutinarias,Errores recurrentes de software/ERP
TK-011944,Errores recurrentes de software/ERP,Errores recurrentes de software/ERP
TK-011945,Solicitudes rutinarias,Solicitudes rutinarias
TK-011946,Solicitudes rutinarias,Solicitudes rutinarias
TK-011947,Errores recurrentes de software/ERP,Errores recurrentes de software/ERP
TK-011948,Solicitudes rutinarias,Fallas de hardware
TK-011949,Incidentes críticos de red,Incidentes críticos de red
TK-011950,Solicitudes rutinarias,Solicitudes rutinarias
TK-011951,Errores recurrentes de software/ERP,Errores recurrentes de software/ERP
TK-011952,Fallas de hardware,Fallas de hardware
TK-011953,Casos crónicos,Casos crónicos
TK-011954,Incidentes de seguridad,Incidentes de seguridad
TK-011955,Errores recurrentes de software/ERP,Errores recurrentes de software/ERP
TK-011956,Fallas de hardware,Fallas de hardware
TK-011957,Incidentes de seguridad,Incidentes de seguridad
TK-011958,Incidentes de seguridad,Incidentes de seguridad
TK-011959,Solicitudes rutinarias,Solicitudes rutinarias
TK-011960,Errores recurrentes de software/ERP,Errores recurrentes de software/ERP
TK-011961,Solicitudes rutinarias,Errores recurrentes de software/ERP
TK-011962,Errores recurrentes de software/ERP,Errores recurrentes de software/ERP
TK-011963,Solicitudes rutinarias,Solicitudes rutinarias
TK-011964,Solicitudes rutinarias,Solicitudes rutinarias
TK-011965,Solicitudes rutinarias,Solicitudes rutinarias
TK-011966,Solicitudes rutinarias,Solicitudes rutinarias
TK-011967,Solicitudes rutinarias,Solicitudes rutinarias
TK-011968,Solicitudes rutinarias,Solicitudes rutinarias
TK-011969,Incidentes de seguridad,Incidentes de seguridad
TK-011970,Solicitudes rutinarias,Solicitudes rutinarias
TK-011971,Solicitudes rutinarias,Solicitudes rutinarias
TK-011972,Solicitudes rutinarias,Solicitudes rutinarias
TK-011973,Solicitudes rutinarias,Solicitudes rutinarias
TK-011974,Solicitudes rutinarias,Solicitudes rutinarias
TK-011975,Solicitudes rutinarias,Solicitudes rutinarias
TK-011976,Solicitudes rutinarias,Solicitudes rutinarias
TK-011977,Solicitudes rutinarias,Solicitudes rutinarias
TK-011978,Solicitudes rutinarias,Solicitudes rutinarias
TK-011979,Solicitudes rutinarias,Solicitudes rutinarias
TK-011980,Solicitudes rutinarias,Solicitudes rutinarias
TK-011981,Solicitudes rutinarias,Solicitudes rutinarias
TK-011982,Solicitudes rutinarias,Solicitudes rutinarias
TK-011983,Casos crónicos,Casos crónicos
TK-011984,Incidentes de seguridad,Incidentes de seguridad
TK-011985,Solicitudes rutinarias,Solicitudes rutinarias
TK-011986,Solicitudes rutinarias,Solicitudes rutinarias
TK-011987,Fallas de hardware,Solicitudes rutinarias
TK-011988,Errores recurrentes de software/ERP,Errores recurrentes de software/ERP
TK-011989,Solicitudes rutinarias,Solicitudes rutinarias
TK-011990,Solicitudes rutinarias,Solicitudes rutinarias
TK-011991,Errores recurrentes de software/ERP,Errores recurrentes de software/ERP
TK-011992,Solicitudes rutinarias,Solicitudes rutinarias
TK-011993,Fallas de hardware,Fallas de hardware
TK-011994,Casos crónicos,Errores recurrentes de software/ERP
TK-011995,Solicitudes rutinarias,Solicitudes rutinarias
TK-011996,Fallas de hardware,Fallas de hardware
TK-011997,Solicitudes rutinarias,Solicitudes rutinarias
TK-011998,Solicitudes rutinarias,Solicitudes rutinarias
TK-011999,Fallas de hardware,Fallas de hardware
TK-012000,Errores recurrentes de software/ERP,Casos crónicos
